canonical_entity_id,canonical_name,governorate_assigned,district,address,phone_clean,phone_type,phones_other,phone_e164,latitude_final,longitude_final,facility_class,birth_service_tier,name_check,same_location_as,alternate_names,facility_category,birth_service_evidence,phone,phones_normalized_all,source_files_all,source_files,source_count,n_source_records_total
CE00001,المستشفى الجامعى,Beni Suef,Beni Suef,"Beni Suef, Beni Suef",,,,,29.0661,31.0994,general_hospital,T2_general_hospital_unverified,generic_name,CE00009,,university_general_hospital,general_hospital_type_only_unverified,,,univ,univ,1,1
CE00005,مستشفى وسط البلد الجامعي (المعبر) | مستشفى الحرم الجامعي - جامعة جنوب الوادي | مستشفى وسط البلد الجامعي (المعبر) - جامعة جنوب الوادي,Qena,Qena,قنا ـ وسط البلد ـ منطقة معبر الشباب ـ مستشفى قنا الجامعي | قنا ـ الكيلو 6 ـ جامعة جنوب الوادي ـ قطاع المستشفيات الجامعية ـ مستشفى الحرم الجامعي,963345726 | 963237405,landline,,20963345726,26.1551,32.716,general_hospital,T2_general_hospital_unverified,,,,university_general_hospital,general_hospital_type_only_unverified,096-3345726,963345726,univ,univ,1,1
CE00007,مستشفيات جامعة أسوان,Aswan,Aswan,"Aswan, Aswan",973480901,landline,0974661403 | 0972430767 | 0973482767 | 0973480245 | 0973480449 | 0972252169 | 0973480446 | 0972253605 | 0973480450 | 0973481234,20973480901,24.086471,32.907474,general_hospital,T2_general_hospital_unverified,,,,university_general_hospital,general_hospital_type_only_unverified,097-3480901,973480901,univ,univ,1,1
CE00009,مستشفى بني سويف الجامعي,Beni Suef,Beni Suef,"Beni Suef, Beni Suef",,,,,29.0661,31.0994,general_hospital,T2_general_hospital_unverified,,,,university_general_hospital,general_hospital_type_only_unverified,,,univ,univ,1,1
CE00013,المستشفى الجامعي - جامعة الأقصر (قيد الإنشاء),Luxor,New Thebes,"New Thebes, Luxor",,,,,25.6872,32.6396,general_hospital,T2_general_hospital_unverified,,,,university_general_hospital,general_hospital_type_only_unverified,,,univ,univ,1,1
CE00014,مستشفى أسوان الجامعي,Aswan,Aswan,"Aswan, Aswan",,,,,24.0889,32.8998,general_hospital,T2_general_hospital_unverified,,,,university_general_hospital,general_hospital_type_only_unverified,,,univ,univ,1,1
CE00018,مستشفي روفان,Assiut,El Fateh,"Al Wasti, El Fateh, Assiut Governorate 2232121, Egypt",882743570,landline,,20882743570,27.1822091,31.219055,general_hospital,T2_general_hospital_unverified,,,مستشفى روفان,private_or_unclassified_hospital,general_hospital_type_only_unverified,088 2743570,882743570,scrape | uhia,scrape | uhia,2,2
CE00021,مستشفى طيبة التخصصي (إسنا),Luxor,Luxor,,,,,,25.3356719,32.5507737,general_hospital,T2_general_hospital_unverified,,,,public_general_hospital,general_hospital_type_only_unverified,,,uhia,uhia,1,1
CE00022,مستشفى حورس التخصصي (ارمنت),Luxor,Luxor,,,,,,25.6097135,32.5051571,general_hospital,T2_general_hospital_unverified,,,,public_general_hospital,general_hospital_type_only_unverified,,,uhia,uhia,1,1
CE00028,مستشفى ايزيس التخصصي,Luxor,Luxor,,,,,,25.6645139,32.6313733,unspecified_hospital,T3_unspecified_hospital_unverified,,,,private_or_unclassified_hospital,hospital_type_only_unverified,,,uhia,uhia,1,1
CE00030,مستشفى الكرنك الدولي,Luxor,Luxor,,,,,,25.7085636,32.6458963,general_hospital,T2_general_hospital_unverified,,,مستشفى الاقصر العام,public_general_hospital,general_hospital_type_only_unverified,,,uhia | qena,uhia | qena,2,2
CE00033,مستشفى كليوباترا - الأقصر,Luxor,Luxor,,,,,,25.7002122,32.6429824,general_hospital,T2_general_hospital_unverified,,,,private_or_unclassified_hospital,general_hospital_type_only_unverified,,,uhia,uhia,1,1
CE00034,مركز رعاية الطبى للعناية المركزة,Luxor,Luxor,,,,,,25.6789515,32.6419533,unspecified_hospital,T3_unspecified_hospital_unverified,,,,private_or_unclassified_hospital,hospital_type_only_unverified,,,uhia,uhia,1,1
CE00035,مستشفى دراو المركزي,Aswan,Draw,"CW6H+8VG, El-Abaseya, Draw, Aswan Governorate 1265533, Egypt",,,,,24.4108126,32.9297118,general_hospital,T2_general_hospital_unverified,,,مستشفي دراو المركزي,public_general_hospital,general_hospital_type_only_unverified,,,scrape | uhia,scrape | uhia,2,3
CE00036,مستشفى الكاشف التخصصى,Aswan,Aswan,,1118698500,mobile,,2.01119E+11,24.9880929,32.8912536,general_hospital,T2_general_hospital_unverified,,,مستشفى الكاشف التخصصي,private_or_unclassified_hospital,general_hospital_type_only_unverified,011 18698500,1118698500,uhia | scrape,uhia | scrape,2,2
CE00039,مستشفي كوم امبو,Aswan,Aswan,,,,,,24.4762478,32.9495225,general_hospital,T2_general_hospital_unverified,,,,public_general_hospital,general_hospital_type_only_unverified,,,uhia,uhia,1,1
CE00040,مستشفى ابو سمبل الدولى,Aswan,Aswan,,,,,,22.3492532,31.6190301,general_hospital,T2_general_hospital_unverified,,,,public_general_hospital,general_hospital_type_only_unverified,,,uhia,uhia,1,1
CE00041,مستشفى اسوان التخصصي,Aswan,Aswan,,,,,,24.1040519,32.9251378,general_hospital,T2_general_hospital_unverified,,,,public_general_hospital,general_hospital_type_only_unverified,,,uhia,uhia,1,1
CE00042,مستشفي النيل التخصصي,Aswan,Aswan,"3VMV+XVJ, Sheyakhah Thalethah, Aswan, Aswan Governorate 1242150, Egypt",972493755,landline,,20972493755,24.0849593,32.8946509,general_hospital,T2_general_hospital_unverified,,,مستشفى النيل التخصصى,public_general_hospital,general_hospital_type_only_unverified,097 2493755,972493755,scrape | uhia,scrape | uhia,2,2
CE00044,مستشفي المسلة التخصصي,Aswan,Aswan,,,,,,24.0763451,32.8940258,general_hospital,T2_general_hospital_unverified,,,,public_general_hospital,general_hospital_type_only_unverified,,,uhia,uhia,1,1
CE00045,مستشفى المنار,Aswan,Aswan,,,,,,24.9872594,32.8906933,unspecified_hospital,T3_unspecified_hospital_unverified,,,,private_or_unclassified_hospital,hospital_type_only_unverified,,,uhia,uhia,1,1
CE00048,مستشفى ابو سمبل,Aswan,Aswan,مدينة ابوسمبل السياحية,,,,,22.34958493,31.61881944,general_hospital,T2_general_hospital_unverified,,,,public_general_hospital,general_hospital_type_only_unverified,,,smc,smc,1,1
CE00049,مستشفى اهانسيا التخصصى,Beni Suef,Beni Suef,اهناسيا بني سويف,,,,,29.09471291,30.94325308,general_hospital,T2_general_hospital_unverified,,,,public_general_hospital,general_hospital_type_only_unverified,,,smc,smc,1,1
CE00050,مستشفى بنى سويف التخصصى,Beni Suef,Beni Suef,شارع كورنيش النيل بجوار المحافظه,,,,,29.0638773,31.10367575,general_hospital,T2_general_hospital_unverified,,,,public_general_hospital,general_hospital_type_only_unverified,,,smc,smc,1,1
CE00054,بنى سويف العام,Beni Suef,بنى سويف,كورنيش النيل,,,,,29.0640442,31.1032583,general_hospital,T2_general_hospital_unverified,,,,public_general_hospital,general_hospital_type_only_unverified,323105 - 323243,3105323243,mohp,mohp,1,1
CE00055,الفشن المركزى,Beni Suef,الفشن,الفشن,,,,,29.0729812,31.0982562,general_hospital,T2_general_hospital_unverified,,,,public_general_hospital,general_hospital_type_only_unverified,7660346,7660346,mohp,mohp,1,1
CE00056,الواسطى المركزى,Beni Suef,الواسطى,ش. سعد زغلول,,,,,29.0729812,31.0982562,general_hospital,T2_general_hospital_unverified,,,,public_general_hospital,general_hospital_type_only_unverified,2510310,2510310,mohp,mohp,1,1
CE00057,اهناسيا المركزى,Beni Suef,اهناسيا,اهناسيا,,,,,29.0729812,31.0982562,general_hospital,T2_general_hospital_unverified,,,,public_general_hospital,general_hospital_type_only_unverified,5720430,5720430,mohp,mohp,1,1
CE00058,ببا المركزى,Beni Suef,ببا,ش. المستشفى,,,,,29.0729812,31.0982562,general_hospital,T2_general_hospital_unverified,,,,public_general_hospital,general_hospital_type_only_unverified,4400333,4400333,mohp,mohp,1,1
CE00059,سمسطا المركزى,Beni Suef,سمسطا,سمسطا,,,,,29.0729812,31.0982562,general_hospital,T2_general_hospital_unverified,,,,public_general_hospital,general_hospital_type_only_unverified,7600309,7600309,mohp,mohp,1,1
CE00060,ناصر المركزى,Beni Suef,ناصر,ناصر,,,,,29.0729812,31.0982562,general_hospital,T2_general_hospital_unverified,,,,public_general_hospital,general_hospital_type_only_unverified,5821401,5821401,mohp,mohp,1,1
CE00061,السلام,Beni Suef,بنى سويف,ش. عبد السلام عارف - كورنيش النيل,,,,,29.0747537,31.1098478,unspecified_hospital,T3_unspecified_hospital_unverified,,,,private_or_unclassified_hospital,hospital_type_only_unverified,82,82,mohp,mohp,1,1
CE00064,ديروط العام,Assiut,ديروط,ش. بور سعيد,,,,,27.1832822,31.1853836,general_hospital,T2_general_hospital_unverified,,,,public_general_hospital,general_hospital_type_only_unverified,4770777 - 4770444,7774770444,mohp,mohp,1,1
CE00065,اسيوط العام,Assiut,غرب اسيوط,ش. 23 يوليو - ميدان المجذوب,882338211,landline,882333158,20882338211,27.1774203,31.1837216,general_hospital,T2_general_hospital_unverified,,,,public_general_hospital,general_hospital_type_only_unverified,2338211 - 2333158,2112333158 | 0882338211,mohp | registry,mohp | registry,2,2
CE00066,الايمان العام,Assiut,Assiut,مدينة مبارك - حى الاربعين - ش. 26 يوليو,882334743,landline,882371903,20882334743,27.17742,31.183722,general_hospital,T2_general_hospital_unverified,,,,public_general_hospital,general_hospital_type_only_unverified,088-2334743,0882334743 | 7432371903,registry | mohp,registry | mohp,2,2
CE00067,ابنوب المركزى,Assiut,ابنوب,ش. بور سعيد,,,,,27.1832822,31.1853836,general_hospital,T2_general_hospital_unverified,,,,public_general_hospital,general_hospital_type_only_unverified,2500555,2500555,mohp,mohp,1,1
CE00068,ابو تيج المركزى,Assiut,ابو تيج,ش. الجلاء بجوار المحكمه,882480777,landline,882483577,20882480777,27.053273,31.3152758,general_hospital,T2_general_hospital_unverified,,,,public_general_hospital,general_hospital_type_only_unverified,2480777 - 2483577,7772483577 | 0882480777,mohp | registry,mohp | registry,2,2
CE00069,البدارى المركزى,Assiut,البدارى,ش. الدواوين,,,,,27.1832822,31.1853836,general_hospital,T2_general_hospital_unverified,,,,public_general_hospital,general_hospital_type_only_unverified,2600555,2600555,mohp,mohp,1,1
CE00070,القوصية المركزى,Assiut,القوصية,ش. الرى,,,,,27.1832822,31.1853836,general_hospital,T2_general_hospital_unverified,,,,public_general_hospital,general_hospital_type_only_unverified,4750777,4750777,mohp,mohp,1,1
CE00071,ساحل سليم المركزى,Assiut,ساحل سليم,ش. 23 يوليو,,,,,27.1832822,31.1853836,general_hospital,T2_general_hospital_unverified,,,,public_general_hospital,general_hospital_type_only_unverified,2630777 - 2633088,7772633088,mohp,mohp,1,1
CE00072,صدفا المركزى,Assiut,صدفا,ش. الجيش,,,,,27.1832822,31.1853836,general_hospital,T2_general_hospital_unverified,,,,public_general_hospital,general_hospital_type_only_unverified,2670777,2670777,mohp,mohp,1,1
CE00073,منفلوط المركزى,Assiut,منفلوط,ش. جمال عبد الناصر,,,,,27.1832822,31.1853836,general_hospital,T2_general_hospital_unverified,,,,public_general_hospital,general_hospital_type_only_unverified,4700777 - 4709805,7774709805,mohp,mohp,1,1
CE00074,الغنايم المركزى,Assiut,الغنايم,ش. الجمهورية - الغنايم بحرى,,,,,27.1832822,31.1853836,general_hospital,T2_general_hospital_unverified,,,,public_general_hospital,general_hospital_type_only_unverified,2650045 - 2651777,452651777,mohp,mohp,1,1
CE00075,مستشفى النساء والولادة,Assiut,غرب اسيوط,ش. 26 يوليو,882375689,landline,882334022,20882375689,27.1832822,31.1853836,maternity_hospital,T1_maternity_hospital,,,,maternity_hospital,maternal_terms_in_name,2375689 - 2334022,6892334022 | 0882375689,mohp | registry,mohp | registry,2,2
CE00077,المبرة,Assiut,شرق اسيوط,16 ش. الثورة كرنيش النيل سابقا,882321164,landline,,20882321164,27.1931881,31.1881692,unspecified_hospital,T3_unspecified_hospital_unverified,,,,private_or_unclassified_hospital,hospital_type_only_unverified,88,088 | 0882321164,mohp | registry,mohp | registry,2,2
CE00081,سوهاج العام,Sohag,سوهاج,ش. محمود فهمى النقراشى - ميدان العارف,,,,,26.7624629,32.0909936,general_hospital,T2_general_hospital_unverified,,,,public_general_hospital,general_hospital_type_only_unverified,93,93,mohp,mohp,1,1
CE00082,جرجا العام,Sohag,جرجا,ش. عبدالمجيد مصطفى,,,,,26.7624629,32.0909936,general_hospital,T2_general_hospital_unverified,,,,public_general_hospital,general_hospital_type_only_unverified,4676034,4676034,mohp,mohp,1,1
CE00083,طهطا العام,Sohag,طهطا,ش. احمد نمير,934770713,landline,,20934770713,26.7738527,31.4973678,general_hospital,T2_general_hospital_unverified,,,,public_general_hospital,general_hospital_type_only_unverified,4770713,4770713 | 0934770713,mohp | registry,mohp | registry,2,2
CE00084,البلينا المركزى,Sohag,البلينا,ش. الجمهورية بجوار محطة القطار,,,,,26.7624629,32.0909936,general_hospital,T2_general_hospital_unverified,,,,public_general_hospital,general_hospital_type_only_unverified,4800301,4800301,mohp,mohp,1,1
CE00085,المنشاة المركزى,Sohag,المنشاة,ش. عبد المنعم رياض,,,,,26.7624629,32.0909936,general_hospital,T2_general_hospital_unverified,,,,public_general_hospital,general_hospital_type_only_unverified,2400333 - 2403597,3332403597,mohp,mohp,1,1
CE00086,طما المركزى,Sohag,طما,ش. احمد عرابى,,,,,26.7624629,32.0909936,general_hospital,T2_general_hospital_unverified,,,,public_general_hospital,general_hospital_type_only_unverified,2790713,2790713,mohp,mohp,1,1
CE00087,اخميم المركزى,Sohag,اخميم,طريق ناصر الزراعى (اخميم - سوهاج ),,,,,26.7624629,32.0909936,general_hospital,T2_general_hospital_unverified,,,,public_general_hospital,general_hospital_type_only_unverified,2589263 - 2589264,2632589264,mohp,mohp,1,1
CE00088,المراغة المركزى,Sohag,المراغة,ش. المستشفى,,,,,26.7624629,32.0909936,general_hospital,T2_general_hospital_unverified,,,,public_general_hospital,general_hospital_type_only_unverified,2530763 - 2535286,7632535286,mohp,mohp,1,1
CE00089,اولاد حمزه المركزى,Sohag,المنشاة,اولاد حمزه - العسيرات,,,,,26.7624629,32.0909936,general_hospital,T2_general_hospital_unverified,,,,public_general_hospital,general_hospital_type_only_unverified,4935340,4935340,mohp,mohp,1,1
CE00090,جهينة المركزى,Sohag,جهينة,ش. الشهداء - جهينة الغربية,,,,,26.7624629,32.0909936,general_hospital,T2_general_hospital_unverified,,,,public_general_hospital,general_hospital_type_only_unverified,4707793,4707793,mohp,mohp,1,1
CE00091,دار السلام المركزى,Sohag,دار السلام,دار السلام,,,,,26.7624629,32.0909936,general_hospital,T2_general_hospital_unverified,,,,public_general_hospital,general_hospital_type_only_unverified,93,93,mohp,mohp,1,1
CE00092,ساقلته المركزى,Sohag,ساقلته,ش. التحرير,,,,,26.7624629,32.0909936,general_hospital,T2_general_hospital_unverified,,,,public_general_hospital,general_hospital_type_only_unverified,2510333 - 2511950,3332511950,mohp,mohp,1,1
CE00093,جزيرة شندويل,Sohag,سوهاج,جزيرة شندويل,932470023,landline,,20932470023,26.6171046,31.6416634,general_hospital,T2_general_hospital_unverified,,,مستشفى جزيرة شندويل المركزى,public_general_hospital,general_hospital_type_only_unverified,2470023,2470023 | 0932470023,mohp | registry,mohp | registry,2,2
CE00094,مستشفى سوهاج التعليمى,Sohag,سوهاج,مدينة مبارك الطبية - ش. كورنيش النيل,,,,,26.7624629,32.0909936,general_hospital,T2_general_hospital_unverified,,,,public_general_hospital,general_hospital_type_only_unverified,2315144,2315144,mohp,mohp,1,1
CE00097,الهلال,Sohag,سوهاج,1 ش. الجهاد,932327049,landline,,20932327049,26.5583642,31.6965915,unspecified_hospital,T3_unspecified_hospital_unverified,,,مستشفى الهلال للتأمين الصحي,private_or_unclassified_hospital,hospital_type_only_unverified,2327049,2327049 | 0932327049,mohp | registry | scrape,mohp | registry,2,3
CE00100,قنا العام,Qena,قنا,ش. 26 يوليو,,,,,26.1592094,32.7072578,general_hospital,T2_general_hospital_unverified,,,,public_general_hospital,general_hospital_type_only_unverified,96,96,mohp,mohp,1,1
CE00101,نجع حمادى العام,Qena,نجع حمادى,ش. التحرير,,,,,26.2408267,32.9084243,general_hospital,T2_general_hospital_unverified,,,,public_general_hospital,general_hospital_type_only_unverified,096(6580191 - 6580622),1916580622,mohp,mohp,1,1
CE00102,دشنا المركزى,Qena,دشنا,ش. طراد النيل - الصعايدة,,,,,26.2408267,32.9084243,general_hospital,T2_general_hospital_unverified,,,,public_general_hospital,general_hospital_type_only_unverified,6740502,6740502,mohp,mohp,1,1
CE00103,فرشوط المركزى,Qena,فرشوط,ش. بور سعيد,,,,,26.2408267,32.9084243,general_hospital,T2_general_hospital_unverified,,,,public_general_hospital,general_hospital_type_only_unverified,6510527,6510527,mohp,mohp,1,1
CE00104,قوص المركزى,Qena,قوص,ش. النيل,,,,,25.9217049,32.7515625,general_hospital,T2_general_hospital_unverified,,,,public_general_hospital,general_hospital_type_only_unverified,96,96,mohp,mohp,1,1
CE00105,ابو تشت المركزى,Qena,ابو تشت,ش. المستشفى,,,,,26.1257005,32.1014953,general_hospital,T2_general_hospital_unverified,,,,public_general_hospital,general_hospital_type_only_unverified,6710605,6710605,mohp,mohp,1,1
CE00106,الوقف المركزى,Qena,الوقف,السنابسه,,,,,26.2408267,32.9084243,general_hospital,T2_general_hospital_unverified,,,,public_general_hospital,general_hospital_type_only_unverified,5440019,5440019,mohp,mohp,1,1
CE00107,قفط المركزى,Qena,فقط,ش. الجيش,,,,,26.2408267,32.9084243,general_hospital,T2_general_hospital_unverified,,,,public_general_hospital,general_hospital_type_only_unverified,6910671,6910671,mohp,mohp,1,1
CE00108,نقادة المركزى,Qena,نقادة,ش. طراد النيل,,,,,26.2408267,32.9084243,general_hospital,T2_general_hospital_unverified,,,,public_general_hospital,general_hospital_type_only_unverified,6600440,6600440,mohp,mohp,1,1
CE00112,الاقصر العام,Luxor,بندر الاقصر,ش. كورنيش النيل,,,,,25.7087201,32.6455158,general_hospital,T2_general_hospital_unverified,,,,public_general_hospital,general_hospital_type_only_unverified,2372030 - 2372809,302372809,mohp,mohp,1,1
CE00113,القرنة المركزى,Luxor,القرنة,الاقصر - البر الغربى ( القرنة ) ش. الاوبرا,,,,,25.702096,32.647186,general_hospital,T2_general_hospital_unverified,,,,public_general_hospital,general_hospital_type_only_unverified,95,95,mohp,mohp,1,1
CE00114,البياضية المركزى,Luxor,مركز الاقصر,البياضية - ش. المصالح الحكومية,,,,,25.702096,32.647186,general_hospital,T2_general_hospital_unverified,,,,public_general_hospital,general_hospital_type_only_unverified,95,95,mohp,mohp,1,1
CE00115,ارمنت المركزى,Luxor,ارمنت,ش. المستشفى - وابورات ارمنت,,,,,25.702096,32.647186,general_hospital,T2_general_hospital_unverified,,,,public_general_hospital,general_hospital_type_only_unverified,95,95,mohp,mohp,1,1
CE00116,اسنا المركزى,Luxor,اسنا,ش. احمد عرابى,,,,,25.2916299,32.5583775,general_hospital,T2_general_hospital_unverified,,,,public_general_hospital,general_hospital_type_only_unverified,95,95,mohp,mohp,1,1
CE00117,الدير,Luxor,الاقصر,,,,,,25.7376127,32.6073986,maternity_hospital,T1_maternity_hospital,name_is_only_a_place,,,maternity_hospital,maternal_terms_in_source,-,,mohp,mohp,1,1
CE00124,ادفو العام,Aswan,ادفو,ش. مجلس المدينة,,,,,24.9619559,32.8687688,general_hospital,T2_general_hospital_unverified,,,,public_general_hospital,general_hospital_type_only_unverified,4710430 -4712121,4304712121,mohp,mohp,1,1
CE00125,دراو المركزى,Aswan,دراو,طريق مصر اسوان السريع الزراعى,,,,,24.091071,32.897306,general_hospital,T2_general_hospital_unverified,,,,public_general_hospital,general_hospital_type_only_unverified,4730348,4730348,mohp,mohp,1,1
CE00126,كوم امبو المركزى,Aswan,كوم امبو,حى السبعين - ش. بور سعيد,,,,,24.091071,32.897306,general_hospital,T2_general_hospital_unverified,,,,public_general_hospital,general_hospital_type_only_unverified,3510643,3510643,mohp,mohp,1,1
CE00127,نصر المركزى,Aswan,نصر,نصر النوبة,,,,,24.091071,32.897306,general_hospital,T2_general_hospital_unverified,,,,public_general_hospital,general_hospital_type_only_unverified,2850003,2850003,mohp,mohp,1,1
CE00128,السباعية المركزى,Aswan,ادفو,السباعية غرب,,,,,24.091071,32.897306,general_hospital,T2_general_hospital_unverified,,,,public_general_hospital,general_hospital_type_only_unverified,3413106,3413106,mohp,mohp,1,1
CE00129,مستشفى اسوان التعليمى,Aswan,اسوان,ش. كسر الحجر,,,,,24.091071,32.897306,general_hospital,T2_general_hospital_unverified,,,,public_general_hospital,general_hospital_type_only_unverified,2302914,2302914,mohp,mohp,1,1
CE00130,عدد 19 مستشفى,Aswan,الاجمالى,,,,,,24.0891639,32.9055944,general_hospital,T2_general_hospital_unverified,,,,public_general_hospital,general_hospital_type_only_unverified,,,mohp,mohp,1,1
CE00133,اسوان,Aswan,اسوان,طريق السادات - الخزان,,,,,24.091071,32.897306,unspecified_hospital,T3_unspecified_hospital_unverified,name_is_only_a_place,"CE00125, CE00126, CE00127, CE00128, CE00129",,private_or_unclassified_hospital,hospital_type_only_unverified,97,97,mohp,mohp,1,1
CE00138,Benisuef University Hospital,Beni Suef,Beni Suef,"Mohamed Hassan St El Shamla St AL SHAMLAH، 34J4+58F, Qism Bani Sweif, Beni Suef, Beni Suef Governorate 2721562, Egypt",822351561,landline,,20822351561,29.079824,31.1059266,general_hospital,T2_general_hospital_unverified,,,,,general_hospital_type_only_unverified,082 2351561,822351561,scrape,scrape,1,1
CE00139,Benisuef General Hospital,Beni Suef,شرق النيل,"3473+Q66، كورنيش النيل، الكورنيش، شرق النيل، Beni Suef Governorate 2721011, Egypt",822323105,landline,,20822323105,29.0641904,31.1029596,general_hospital,T2_general_hospital_unverified,,,,,general_hospital_type_only_unverified,082 2323105,822323105,scrape,scrape,1,1
CE00140,St. Therese Hospital,Beni Suef,Beni Suef,"34G2+96X, Qism Bani Sweif, Beni Suef, Beni Suef Governorate 2721533, Egypt",822323311,landline,,20822323311,29.0759897,31.1006122,unspecified_hospital,T3_unspecified_hospital_unverified,,,,,hospital_type_only_unverified,082 2323311,822323311,scrape,scrape,1,1
CE00141,Crescent Hospital,Beni Suef,Beni Suef,"33CW+JQ6, Qism Bani Sweif, Beni Suef, Beni Suef Governorate 2720404, Egypt",,,,,29.0715379,31.0968823,unspecified_hospital,T3_unspecified_hospital_unverified,,,,,hospital_type_only_unverified,,,scrape,scrape,1,1
CE00142,Armed Forces Hospital - Beni Suef,Beni Suef,New Bani Suef,"34MW+QHQ, New Bani Suef City, New Bani Suef, Beni Suef Governorate 2731401, Egypt",,,,,29.0844534,31.1464853,unspecified_hospital,T3_unspecified_hospital_unverified,,,,,hospital_type_only_unverified,,,scrape,scrape,1,1
CE00143,م بنى سويف التخصصى,Beni Suef,Beni Suef,"Qism Bani Sweif, Beni Suef, Beni Suef Governorate 2721011, Egypt",,,,,29.0638245,31.1036769,unspecified_hospital,T3_unspecified_hospital_unverified,,,,,hospital_type_only_unverified,,,scrape,scrape,1,1
CE00144,Borg El Zahraa Hospital,Beni Suef,Beni Suef,"اسلام، Qism Bani Sweif, Beni Suef, Beni Suef Governorate 2720405, Egypt",822353507,landline,,20822353507,29.0718225,31.097759,unspecified_hospital,T3_unspecified_hospital_unverified,,,,,hospital_type_only_unverified,082 2353507,822353507,scrape,scrape,1,1
CE00145,مستشفي الدعوة الإسلامية,Beni Suef,Beni Suef,"339P+W7J, Qism Bani Sweif, Beni Suef, Beni Suef Governorate 2720201, Egypt",822222454,landline,,20822222454,29.0698423,31.0856401,unspecified_hospital,T3_unspecified_hospital_unverified,,,,,hospital_type_only_unverified,082 2222454,822222454,scrape,scrape,1,1
CE00146,El Salam Hospital,Beni Suef,Beni Suef,"Qism Bani Sweif, Beni Suef, Beni Suef Governorate 2720433, Egypt",822129858,landline,,20822129858,29.0725591,31.0968985,unspecified_hospital,T3_unspecified_hospital_unverified,,,,,hospital_type_only_unverified,082 2129858,822129858,scrape,scrape,1,1
CE00148,مركز الحياة الطبى المتكامل,Beni Suef,مركز بنى سويف,"برج الشيمي الطبي ش احمد عرابي, ميدان الزراعيين, قسم بني سويف، مركز بنى سويف، محافظة بني سويف 2721101, Egypt",1030955535,mobile,,2.01031E+11,29.0704353,31.0982042,unspecified_hospital,T3_unspecified_hospital_unverified,,,,,hospital_type_only_unverified,010 30955535,1030955535,scrape,scrape,1,1
CE00149,Pearl Hospital,Beni Suef,Beni Suef,"24R8+Q47, Qism Bani Sweif, Beni Suef, Beni Suef Governorate 2731005, Egypt",1012212396,mobile,,2.01012E+11,29.0419124,31.1152889,unspecified_hospital,T3_unspecified_hospital_unverified,,,,,hospital_type_only_unverified,010 12212396,1012212396,scrape,scrape,1,1
CE00152,Burg Al-Gazeera Hospital,Beni Suef,Beni Suef,"Ghoneim, Qism Bani Sweif, Beni Suef, Beni Suef Governorate 2721525, Egypt",822123004,landline,,20822123004,29.0755856,31.1050707,unspecified_hospital,T3_unspecified_hospital_unverified,,,,,hospital_type_only_unverified,082 2123004,822123004,scrape,scrape,1,1
CE00154,عيادات مستشفي ادم الدولي,Beni Suef,Beni Suef,"شارع صفية زغلول، قسم بني سويف، بني سويف، محافظة بني سويف،، 33GW+HPW, Qism Bani Sweif, Beni Suef, Beni Suef Governorate 2720485, Egypt",,,,,29.0764793,31.0968315,unspecified_hospital,T3_unspecified_hospital_unverified,,,,,hospital_type_only_unverified,,,scrape,scrape,1,1
CE00156,Armed Alcolt Hospital in Beni Suef,Beni Suef,Beni Suef,"34Q4+H44, Bani Sweif - Markaz Naser, Qism Bani Sweif, Beni Suef, Beni Suef Governorate 2722590, Egypt",,,,,29.0888848,31.1053359,unspecified_hospital,T3_unspecified_hospital_unverified,,,,,hospital_type_only_unverified,,,scrape,scrape,1,1
CE00157,المستشفي الجامعي التخصصي,Beni Suef,Beni Suef,"34J2+5HG, Qism Bani Sweif, Beni Suef, Beni Suef Governorate 2722165, Egypt",1110757723,mobile,,2.01111E+11,29.0804375,31.1014375,general_hospital,T2_general_hospital_unverified,,,,,general_hospital_type_only_unverified,011 10757723,1110757723,scrape,scrape,1,1
CE00158,Nasser Central Hospital,Beni Suef,Beni Suef,"44VM+X5V، ش جمال عبد الناصر، ناصر، Beni Suef, Beni Suef Governorate 2745530, Egypt",825820401,landline,,20825820401,29.1449997,31.132912,general_hospital,T2_general_hospital_unverified,,,,,general_hospital_type_only_unverified,082 5820401,825820401,scrape,scrape,1,1
CE00159,Aman El Hayah Medical Center,Beni Suef,Beni Suef,"33GW+VFP, El-Shaheed Mohammed Shakir Hussein, Qism Bani Sweif, Beni Suef, Beni Suef Governorate 2722140, Egypt",1101533999,mobile,,2.01102E+11,29.0772237,31.0961969,unspecified_hospital,T3_unspecified_hospital_unverified,,,,,hospital_type_only_unverified,011 01533999,1101533999,scrape,scrape,1,1
CE00161,مركز البنا التخصصي,Beni Suef,Beni Suef,"7 Salah Salem, Qism Bani Sweif, Beni Suef, Beni Suef Governorate 2722102, Egypt",822131666,landline,,20822131666,29.077725,31.090412,unspecified_hospital,T3_unspecified_hospital_unverified,,,,,hospital_type_only_unverified,082 2131666,822131666,scrape,scrape,1,1
CE00163,الكمسيون الطبي,Beni Suef,Beni Suef,"3472+VP9, Qism Bani Sweif, Beni Suef, Beni Suef Governorate 2721011, Egypt",,,,,29.0646745,31.1018742,unspecified_hospital,T3_unspecified_hospital_unverified,,,,,hospital_type_only_unverified,,,scrape,scrape,1,1
CE00164,مستشفي زكي عابدين سابقا,Beni Suef,Beni Suef,"داوود، قسم بني سويف، بني سويف، محافظة بني سويف،، 33FX+GG7, Qism Bani Sweif, Beni Suef, Beni Suef Governorate 2721505, Egypt",,,,,29.0737937,31.0988105,unspecified_hospital,T3_unspecified_hospital_unverified,,,,,hospital_type_only_unverified,,,scrape,scrape,1,1
CE00165,وحدة المرأة الآمنة مستشفيات جامعة بنى سويف,Beni Suef,Beni Suef,"34J2+6H6 المركز الطبى التخصصى التابع لمستشفيات جامعة, Qism Bani Sweif, Beni Suef, Beni Suef Governorate 2722165, Egypt",,,,,29.0805463,31.1014047,general_hospital,T2_general_hospital_unverified,,,,,general_hospital_type_only_unverified,,,scrape,scrape,1,1
CE00169,دار الطب - فرع بني سويف,Beni Suef,مركز بنى سويف,"3 Abd El-Salam Aref, Qism Bani Sweif, قسم بني سويف، مركز بنى سويف، محافظة بني سويف 2720201, Egypt",1000778702,mobile,,2.01001E+11,29.0697882,31.0859142,unspecified_hospital,T3_unspecified_hospital_unverified,,,,,hospital_type_only_unverified,010 00778702,1000778702,scrape,scrape,1,1
CE00171,مركز اجيال الطبى,Beni Suef,Beni Suef,"شارع فوزى امام صيدلية قرطبة خلف المستشفى العام،، قسم بني سويف، بنى سويف، محافظة بني سويف،، Qism Bani Sweif, Beni Suef, Beni Suef Governorate 2720062, Egypt",1113099260,mobile,,2.01113E+11,29.0640163,31.0977817,unspecified_hospital,T3_unspecified_hospital_unverified,,,,,hospital_type_only_unverified,011 13099260,1113099260,scrape,scrape,1,1
CE00182,مستشفى رفا,Beni Suef,Beni Suef,"34QW+WR, New Bani Suef City, Beni Suef, Beni Suef Governorate 2717042, Egypt",,,,,29.0897333,31.1470436,unspecified_hospital,T3_unspecified_hospital_unverified,,,,,hospital_type_only_unverified,,,scrape,scrape,1,1
CE00184,مبني الهلال للتأمين الصحي,Beni Suef,Beni Suef,"33CW+JQ6, Qism Bani Sweif, Beni Suef, Beni Suef Governorate 2720404, Egypt",,,,,29.0715437,31.096871,unspecified_hospital,T3_unspecified_hospital_unverified,,,,,hospital_type_only_unverified,,,scrape,scrape,1,1
CE00198,Health Insurance Hospital,Beni Suef,Beni Suef,"34F8+P25, Abd El-Salam Aref, Qism Bani Sweif, Beni Suef, Beni Suef Governorate 2721305, Egypt",822334702,landline,,20822334702,29.0742596,31.1151055,unspecified_hospital,T3_unspecified_hospital_unverified,,,,,hospital_type_only_unverified,082 2334702,822334702,scrape,scrape,1,1
CE00200,مستشفى حمدى معاذ,Beni Suef,Biba,"WXCH+QHP, Madinet Beba, Biba, Beni Suef Governorate 2653762, Egypt",,,,,28.9219741,30.9789471,unspecified_hospital,T3_unspecified_hospital_unverified,,,,,hospital_type_only_unverified,,,scrape,scrape,1,1
CE00201,مركز بداية للخصوبة زأطفال الأنابيب,Beni Suef,New Bani Suef,"Unnamed Road, بني سليمان الشرقية، بني سويف، محافظة بني سويف،، 24R6+XM9, New Bani Suef City, New Bani Suef, Beni Suef Governorate 2731002, Egypt",1119799795,mobile,,2.0112E+11,29.0424204,31.1117427,unspecified_hospital,T3_unspecified_hospital_unverified,,,,,hospital_type_only_unverified,011 19799795,1119799795,scrape,scrape,1,1
CE00204,مركز كيور الطبي - بني سويف,Beni Suef,حي الزهور,"34M4+PM2, Ben Khaldoun, Nazlet Abou Selim, حي الزهور, Beni Suef Governorate 2721622, Egypt",,,,,29.0832852,31.1063812,unspecified_hospital,T3_unspecified_hospital_unverified,,,,,hospital_type_only_unverified,,,scrape,scrape,1,1
CE00207,مستشفي الرحمة,Beni Suef,Nasser,"44XH+CRG, El-Souk, Nasir City, Nasser, Beni Suef Governorate 2745513, Egypt",,,,,29.1485653,31.1295747,unspecified_hospital,T3_unspecified_hospital_unverified,,,,,hospital_type_only_unverified,,,scrape,scrape,1,1
CE00208,مستشفي عام بني سويف ٢٤ سرير,Beni Suef,Beni Suef,"23GX+5GC, Bayad Al Arab, Beni Suef, Beni Suef Governorate 2730371, Egypt",,,,,29.0258725,31.0991011,general_hospital,T2_general_hospital_unverified,,,,,general_hospital_type_only_unverified,,,scrape,scrape,1,1
CE00209,مستشفى الواسطى المركزي,Beni Suef,El Wasta,"9623+776, Afwah, El Wasta, Beni Suef Governorate 2758010, Egypt",822511767,landline,,20822511767,29.3506607,31.2031498,general_hospital,T2_general_hospital_unverified,,,,,general_hospital_type_only_unverified,082 2511767,822511767,scrape,scrape,1,1
CE00210,Somosta Central Hospital,Beni Suef,Sumusta El Waqf,"WV73+9GJ، شارع المستشفي، Madinet Samasta, Sumusta El Waqf, Beni Suef Governorate 2634502, Egypt",827600309,landline,,20827600309,28.91347,30.8537625,general_hospital,T2_general_hospital_unverified,,,,,general_hospital_type_only_unverified,082 7600309,827600309,scrape,scrape,1,1
CE00211,Al-Rahma Specialist Hospital,Beni Suef,Sumusta El Waqf,"شارع 26 يوليو، مدينة سمسطا، سمسطا، مركز، Madinet Samasta, Sumusta El Waqf, Beni Suef Governorate 2634310, Egypt",,,,,28.9229998,30.8481499,unspecified_hospital,T3_unspecified_hospital_unverified,,,,,hospital_type_only_unverified,,,scrape,scrape,1,1
CE00214,مستشفي البهسمون العام,Beni Suef,"،","2VQ9+857, Al Bahsamoun, ،، Beni Suef Governorate 2640174, Egypt",,,,,29.0382992,30.8679217,general_hospital,T2_general_hospital_unverified,,,,,general_hospital_type_only_unverified,,,scrape,scrape,1,1
CE00216,المستشفى العام بالشنطور,Beni Suef,Sumusta El Waqf,"XV44+R9C, Ash Shantour, Sumusta El Waqf, Beni Suef Governorate 2633689, Egypt",,,,,28.9570551,30.8558941,general_hospital,T2_general_hospital_unverified,,,,,general_hospital_type_only_unverified,,,scrape,scrape,1,1
CE00218,Ihnasya Central Hospital,Beni Suef,Herakleopolis Magna,"شارع ترعة السلطان, Madinet Ahnasia, Herakleopolis Magna, Beni Suef Governorate 2643914, Egypt",,,,,29.0945348,30.9432209,general_hospital,T2_general_hospital_unverified,,,,,general_hospital_type_only_unverified,,,scrape,scrape,1,1
CE00220,مستشفى الفشن المركزي,Beni Suef,Al Fashn,"RWJ2+R96, Madinet Al Fashn, Al Fashn, Beni Suef Governorate 2624940, Egypt",,,,,28.8320286,30.9008909,general_hospital,T2_general_hospital_unverified,,,,,general_hospital_type_only_unverified,,,scrape,scrape,1,1
CE00221,مستشفى البرج,Beni Suef,El Wasta,"Saad Zaghloul, Afwah, El Wasta, Beni Suef Governorate 2757425, Egypt",1100102228,mobile,,2.011E+11,29.3438292,31.2043188,unspecified_hospital,T3_unspecified_hospital_unverified,,,,,hospital_type_only_unverified,011 00102228,1100102228,scrape,scrape,1,1
CE00222,َمستشفي الفجر التخصصي,Beni Suef,El Wasta,"امام الساحة الشعبية, ش طراد النيل، Gazirat Al Mesaadah, El Wasta, Beni Suef Governorate 2757496, Egypt",,,,,29.3454916,31.2089188,unspecified_hospital,T3_unspecified_hospital_unverified,,,,,hospital_type_only_unverified,,,scrape,scrape,1,1
CE00225,مستشفى المدينة المنورة,Beni Suef,El Wahat El Bahariya,"C65V+755، الكريمات - كفر الدسمى، AR Raqa Al Qebleyah, El Wahat El Bahariya, Giza Governorate 3415008, Egypt",,,,,29.4078992,31.2430762,unspecified_hospital,T3_unspecified_hospital_unverified,,,,,hospital_type_only_unverified,,,scrape,scrape,1,1
CE00227,المستشفي العام,Beni Suef,El Wasta,"86W5+39Q, Madinet Al Wasta, El Wasta, Beni Suef Governorate 2757484, Egypt",,,,,29.345205,31.2084894,general_hospital,T2_general_hospital_unverified,,,,,general_hospital_type_only_unverified,,,scrape,scrape,1,1
CE00230,مستشفى ابويط العامة,Beni Suef,El Wasta,"849G+WRF, Abwit, El Wasta, Beni Suef Governorate 2750274, Egypt",,,,,29.3198219,31.1270479,unspecified_hospital,T3_unspecified_hospital_unverified,,,,,hospital_type_only_unverified,,,scrape,scrape,1,1
CE00233,Atfeeh General Hospital,Beni Suef,El Wahat El Bahariya,"C63W+2VG، الكريمات - كفر الدسمى، Al Helf Al Gharbi, El Wahat El Bahariya, Giza Governorate 3415122, Egypt",238412301,landline,,20238412301,29.4025627,31.2472147,general_hospital,T2_general_hospital_unverified,,,,,general_hospital_type_only_unverified,02 38412301,238412301,scrape,scrape,1,1
CE00236,مستشفي اطواب,Beni Suef,El Wasta,"96R2+5HC, Saft Sharkeya, El Wasta, Beni Suef Governorate 2758356, Egypt",,,,,29.3904311,31.2013848,unspecified_hospital,T3_unspecified_hospital_unverified,,,,,hospital_type_only_unverified,,,scrape,scrape,1,1
CE00238,مستشفى قروى الميمون,Beni Suef,El Wasta,"66P3+X2V, Al Meimoun, El Wasta, Beni Suef Governorate 2756415, Egypt",,,,,29.237478,31.2025576,unspecified_hospital,T3_unspecified_hospital_unverified,,,,,hospital_type_only_unverified,,,scrape,scrape,1,1
CE00245,Andalusia Hospitals North Coast,Beni Suef,El Alamein,"XPFR+F3M, El Alamein, Marsa Matrouh Governorate 5065501, Egypt",1225116611,mobile,,2.01225E+11,28.7401713,30.973718,unspecified_hospital,T3_unspecified_hospital_unverified,,,,,hospital_type_only_unverified,012 25116611,1225116611,scrape,scrape,1,1
CE00249,مستشفي المودة التخصصي,Beni Suef,Biba,"شرق كوبرى فابريقة ببا - بداية طريق كفر ناصر، ببا، محافظة بني سويف،، WXHP+GMP, Kafr Nasir, Biba, Beni Suef Governorate 2655611, Egypt",824405851,landline,,20824405851,28.928827,30.9867055,unspecified_hospital,T3_unspecified_hospital_unverified,,,,,hospital_type_only_unverified,082 4405851,824405851,scrape,scrape,1,1
CE00256,Marina Central Hospital,Beni Suef,North Coast,"R2FH+343، ش شانزليزيه، North Coast, Marsa Matrouh Governorate 5081001, Egypt",464060833,landline,,20464060833,29.0277901,30.8226343,general_hospital,T2_general_hospital_unverified,,,,,general_hospital_type_only_unverified,046 4060833,464060833,scrape,scrape,1,1
CE00258,Tiba Specialized Hospital,Beni Suef,Esna,"مستشفى طيبه التخصصي، Ad Deir, Esna, Luxor Governorate 1316330, Egypt",952560134,landline,,20952560134,25.3354005,32.5512874,unspecified_hospital,T3_unspecified_hospital_unverified,,,,,hospital_type_only_unverified,095 2560134,952560134,scrape,scrape,1,1
CE00260,AAST-MT ALAMEIN HOSPITAL,Beni Suef,El Alamein,"RVHJ+FQ4, Al Alameen City, El Alamein, Marsa Matrouh Governorate 5060305, Egypt",,,,,28.8802641,30.8283301,unspecified_hospital,T3_unspecified_hospital_unverified,,,,,hospital_type_only_unverified,,,scrape,scrape,1,1
CE00274,El Karnak International Hospital,Beni Suef,Luxor,"PJ5W+942, Kornish Al Nile, Karnak, Luxor, Luxor Governorate 1362601, Egypt",952372025,landline,,20952372025,25.7083896,32.645274,unspecified_hospital,T3_unspecified_hospital_unverified,,,,,hospital_type_only_unverified,095 2372025,952372025,scrape,scrape,1,1
CE00275,Luxor Medical Complex,Beni Suef,Luxor,"Television St، Gazirat Al Awameyah, Luxor, Luxor Governorate 1351201, Egypt",952277194,landline,,20952277194,25.6872459,32.6395152,unspecified_hospital,T3_unspecified_hospital_unverified,,,,,hospital_type_only_unverified,095 2277194,952277194,scrape,scrape,1,1
CE00291,مركز الشفاء التخصصي للنساء والتوليد,Beni Suef,El Wahat El Bahariya,"أمام البنك الزراعي، الرقة القبلية، قسم الواحات البحرية،، AR Raqa Al Qebleyah, El Wahat El Bahariya, Giza Governorate 12957, Egypt",238411618,landline,,20238411618,29.4103743,31.2428786,maternity_hospital,T1_maternity_hospital,,,,,maternal_terms_in_name,02 38411618,238411618,scrape,scrape,1,1
CE00326,مستشفي البرمبل العام,Beni Suef,El Wahat El Bahariya,"867M+2PW, Al Borombol, El Wahat El Bahariya, Giza Governorate 3403611, Egypt",,,,,29.3126111,31.2343375,general_hospital,T2_general_hospital_unverified,,,,,general_hospital_type_only_unverified,,,scrape,scrape,1,1
CE00357,Assiut University,Assiut,El Fateh,"55PC+X4V، شارع المكتبات، El Fateh, Assiut Governorate 71515, Egypt",1113376317,mobile,882335905,2.01113E+11,27.1874915,31.1702924,general_hospital,T2_general_hospital_unverified,,,Assiut University Hospitals,,general_hospital_type_only_unverified,011 13376317,1113376317 | 0882335905,scrape,scrape,1,2
CE00442,Hayah Hospital,Beni Suef,Herakleopolis Magna,"3XV3+8P2, Madinet Ahnasia, Herakleopolis Magna, Beni Suef Governorate 2645473, Egypt",,,,,29.0932564,30.9542693,unspecified_hospital,T3_unspecified_hospital_unverified,,,,,hospital_type_only_unverified,,,scrape,scrape,1,1
CE00443,مستشفى ميانه العام,Beni Suef,Herakleopolis Magna,"3VGR+8H5، Unnamed Road، Monshaat El-Hag, Herakleopolis Magna, Beni Suef Governorate 2642171, Egypt",,,,,29.0757555,30.8914993,general_hospital,T2_general_hospital_unverified,,,,,general_hospital_type_only_unverified,,,scrape,scrape,1,1
CE00444,Health Care Unit,Beni Suef,Herakleopolis Magna,"4WCJ+4M5, Monshaat Al Omaraa, Herakleopolis Magna, Beni Suef Governorate 2642591, Egypt",,,,,29.1202744,30.9317448,unspecified_hospital,T3_unspecified_hospital_unverified,,,,,hospital_type_only_unverified,,,scrape,scrape,1,1
CE00447,مستشفى التأمين,Beni Suef,Herakleopolis Magna,"3WQW+FGW, Madinet Ahnasia, Herakleopolis Magna, Beni Suef Governorate 2645420, Egypt",,,,,29.0887272,30.9463425,unspecified_hospital,T3_unspecified_hospital_unverified,,,,,hospital_type_only_unverified,,,scrape,scrape,1,1
CE00454,مستشفي,Beni Suef,Sumusta El Waqf,"XVF2+W95, Izbat Ash Shantour, Sumusta El Waqf, Beni Suef Governorate 2631011, Egypt",,,,,28.9747602,30.8509709,unspecified_hospital,T3_unspecified_hospital_unverified,,,,,hospital_type_only_unverified,,,scrape,scrape,1,1
CE00456,مًسِتٌشُفُﮯ بًنِيَ سِوٌيَفُ آلَعٌآمً,Beni Suef,Herakleopolis Magna,"2VP8+FXJ, Al Bahsamoun, Herakleopolis Magna, Beni Suef Governorate 2640157, Egypt",,,,,29.036209,30.867401,general_hospital,T2_general_hospital_unverified,,,,,general_hospital_type_only_unverified,,,scrape,scrape,1,1
CE00458,وحدة كفر أبو شهبة الصحية,Beni Suef,Herakleopolis Magna,"2W8X+VR9, Nena WA Bahnena, Herakleopolis Magna, Beni Suef Governorate 2645140, Egypt",,,,,29.0171572,30.9496209,unspecified_hospital,T3_unspecified_hospital_unverified,,,,,hospital_type_only_unverified,,,scrape,scrape,1,1
CE00469,مركز جنه التخصصي للحقن المجهري وامراض النساء,Beni Suef,First Al Minya,"3QV4+CMQ, Qism Minya, First Al Minya, Minya Governorate 2451060, Egypt",862343000,landline,,20862343000,28.0935953,30.7567335,maternity_hospital,T1_maternity_hospital,,,,,maternal_terms_in_name,086 2343000,862343000,scrape,scrape,1,1
CE00470,El Minya University Hospitals,Beni Suef,EL MENIA,"3QQ8+X7G، Corniche El Nil، EL CORNICHE، EL MENIA، Minya Governorate 61111, Egypt",862157863,landline,,20862157863,28.0899282,30.7657022,general_hospital,T2_general_hospital_unverified,,,,,general_hospital_type_only_unverified,086 2157863,862157863,scrape,scrape,1,1
CE00476,المستشفى العام بنى سويف,Beni Suef,Herakleopolis Magna,"3WQR+8X5، Unnamed Road، Madinet Ahnasia, Herakleopolis Magna, Beni Suef Governorate 2643783, Egypt",,,,,29.088273,30.9424789,general_hospital,T2_general_hospital_unverified,,,,,general_hospital_type_only_unverified,,,scrape,scrape,1,1
CE00482,Ihnasya Al Madinah,Beni Suef,Ihnasya Al Madinah,"Ihnasya Al Madinah, Madinet Ahnasia, Herakleopolis Magna, Beni Suef Governorate, Egypt",,,,,29.0908342,30.943398,unspecified_hospital,T3_unspecified_hospital_unverified,,,,,hospital_type_only_unverified,,,scrape,scrape,1,1
CE00493,الواحد الصحه,Beni Suef,Biba,"XX52+RWH, Tarshoub, Biba, Beni Suef Governorate 2652227, Egypt",,,,,28.9592388,30.9525016,general_hospital,T2_general_hospital_unverified,,,,,general_hospital_type_only_unverified,,,scrape,scrape,1,1
CE00496,Hospital Central Fashn,Beni Suef,Al Fashn,"طريق المستشفي، العام، Al Fashn, Beni Suef Governorate 2624940, Egypt",827665048,landline,,20827665048,28.8325361,30.9006587,general_hospital,T2_general_hospital_unverified,,,,,general_hospital_type_only_unverified,082 7665048,827665048,scrape,scrape,1,1
CE00501,Biba,Beni Suef,Biba,"Biba, Madinet Beba, Biba, Beni Suef Governorate, Egypt",,,,,28.9289445,30.9851555,unspecified_hospital,T3_unspecified_hospital_unverified,name_is_only_a_place,,,,hospital_type_only_unverified,,,scrape,scrape,1,1
CE00505,مستشفى بنى واللمس العام,Beni Suef,Maghagha,"HMXV+W52, Bani Wallams, Maghagha, Minya Governorate 2541061, Egypt",,,,,28.5997569,30.6928785,general_hospital,T2_general_hospital_unverified,,,,,general_hospital_type_only_unverified,,,scrape,scrape,1,1
CE00510,المركز الطبي ببني سويف الجديدة,Beni Suef,Beni Suef,"24H7+G64, Qism Bani Sweif, Beni Suef, Beni Suef Governorate 2730441, Egypt",,,,,29.0287639,31.1130722,unspecified_hospital,T3_unspecified_hospital_unverified,,,,,hospital_type_only_unverified,,,scrape,scrape,1,1
CE00511,El Edawa Central Hospital,Beni Suef,El Idwa,"El Idwa, Minya Governorate 2556101, Egypt",867460013,landline,,20867460013,28.6954807,30.774874,general_hospital,T2_general_hospital_unverified,,,,,general_hospital_type_only_unverified,086 7460013,867460013,scrape,scrape,1,1
CE00513,Central Hospital Maghagha,Beni Suef,Maghagha,"شارع 26 يوليو, Atneyah, Maghagha, Minya Governorate 2546220, Egypt",863550045,landline,,20863550045,28.6553447,30.8319269,general_hospital,T2_general_hospital_unverified,,,,,general_hospital_type_only_unverified,086 3550045,863550045,scrape,scrape,1,1
CE00516,Free Egypt pediatric and obstetrics university hospital,Beni Suef,Second Al Minya,"Qism Minya, Second Al Minya, Minya Governorate 2431436, Egypt",1090191037,mobile,,2.0109E+11,28.1273969,30.738583,maternity_hospital,T1_maternity_hospital,,,,,maternal_terms_in_name,010 90191037,1090191037,scrape,scrape,1,1
CE00518,المستشفي الجامعي الثلاثي | جـامـعـــة الـمـنـيـــــا,Beni Suef,Second Al Minya,"4PFR+G25, Aswan Western Agricultural Rd, Damaris, Second Al Minya, Minya Governorate 2431436, Egypt",,,,,28.1238342,30.7400951,general_hospital,T2_general_hospital_unverified,,,,,general_hospital_type_only_unverified,,,scrape,scrape,1,1
CE00521,مستشفى زهور الحياة,Beni Suef,Al Fashn,"Al Barhameia, Madinet Al Fashn, Al Fashn, Beni Suef Governorate 62621, Egypt",,,,,28.8182502,30.8997403,unspecified_hospital,T3_unspecified_hospital_unverified,,,,,hospital_type_only_unverified,,,scrape,scrape,1,1
CE00522,مستشفى عزب الفنت الشرقية,Beni Suef,Al Fashn,"QW83+6RV, Al Fant, Al Fashn, Beni Suef Governorate 2626550, Egypt",,,,,28.765618,30.9045323,unspecified_hospital,T3_unspecified_hospital_unverified,,,,,hospital_type_only_unverified,,,scrape,scrape,1,1
CE00523,El Fayoumy Hospital,Beni Suef,Al Fashn,"RVFX+4MP, Madinet Al Fashn, Al Fashn, Beni Suef Governorate 2624843, Egypt",1140034179,mobile,,2.0114E+11,28.822826,30.8991946,unspecified_hospital,T3_unspecified_hospital_unverified,,,,,hospital_type_only_unverified,011 40034179,1140034179,scrape,scrape,1,1
CE00524,Western Alphent Hospital,Beni Suef,Al Fashn,"QVMG+GCM, Al Fant, Al Fashn, Beni Suef Governorate 62621, Egypt",,,,,28.7838435,30.8760466,unspecified_hospital,T3_unspecified_hospital_unverified,,,,,hospital_type_only_unverified,,,scrape,scrape,1,1
CE00525,Dlhans Hospital,Beni Suef,Al Fashn,"Delhanes, Al Fashn, Beni Suef Governorate 2620703, Egypt",,,,,28.8183927,30.80444,unspecified_hospital,T3_unspecified_hospital_unverified,,,,,hospital_type_only_unverified,,,scrape,scrape,1,1
CE00526,مستشفي عصافير الحياه,Beni Suef,Al Fashn,"RV9X+6VC, Al Barhameia, Madinet Al Fashn, Al Fashn, Beni Suef Governorate 2624678, Egypt",,,,,28.8180567,30.8996377,unspecified_hospital,T3_unspecified_hospital_unverified,,,,,hospital_type_only_unverified,,,scrape,scrape,1,1
CE00528,Al Fant El Karway,Beni Suef,Al Fashn,"PVX8+WV4, Bani Sweif - Dayrout, Al Fant, Al Fashn, Beni Suef Governorate 2624152, Egypt",,,,,28.7497627,30.8671906,unspecified_hospital,T3_unspecified_hospital_unverified,,,,,hospital_type_only_unverified,,,scrape,scrape,1,1
CE00529,مستشفي منشاة عمرو,Beni Suef,Al Fashn,"PVP2+RRV، Unnamed Road، Al Fant, Al Fashn, Beni Suef Governorate 2624104, Egypt",,,,,28.73712,30.8520495,unspecified_hospital,T3_unspecified_hospital_unverified,,,,,hospital_type_only_unverified,,,scrape,scrape,1,1
CE00532,مستشفى كفر درويش الاسرة,Beni Suef,Al Fashn,"Kafr Darwish, Al Fashn, Beni Suef Governorate 2626078, Egypt",1142140767,mobile,,2.01142E+11,28.7426935,30.8932707,unspecified_hospital,T3_unspecified_hospital_unverified,,,,,hospital_type_only_unverified,011 42140767,1142140767,scrape,scrape,1,1
CE00533,احمد بيه صابر,Beni Suef,Al Fashn,"RVFX+9HR, Madinet Al Fashn, Al Fashn, Beni Suef Governorate 2624845, Egypt",1117161004,mobile,,2.01117E+11,28.8234806,30.8988767,unspecified_hospital,T3_unspecified_hospital_unverified,,,,,hospital_type_only_unverified,011 17161004,1117161004,scrape,scrape,1,1
CE00537,مستشفى نزلة البرقي الصحية,Beni Suef,Al Fashn,"QR2G+779, Nazlet Al Barqi, Al Fashn, Beni Suef Governorate 2622218, Egypt",,,,,28.7505462,30.8257783,unspecified_hospital,T3_unspecified_hospital_unverified,,,,,hospital_type_only_unverified,,,scrape,scrape,1,1
CE00545,مستشفى مازورة,Beni Suef,Sumusta El Waqf,"VRJ7+FJ5, Bani Kalaf- Al Mahmoudeya, Mazorah, Sumusta El Waqf, Beni Suef Governorate 2632303, Egypt",,,,,28.8811267,30.8141155,unspecified_hospital,T3_unspecified_hospital_unverified,,,,,hospital_type_only_unverified,,,scrape,scrape,1,1
CE00549,El Fashn,Beni Suef,El Fashn,"El Fashn, Madinet Al Fashn, Al Fashn, Beni Suef Governorate, Egypt",,,,,28.8234494,30.8988147,unspecified_hospital,T3_unspecified_hospital_unverified,,,,,hospital_type_only_unverified,,,scrape,scrape,1,1
CE00551,مستشفي سيف النصر,Beni Suef,Maghagha,"PV93+VFH, Unnamed Road, Melateyah, Maghagha, Minya Governorate 2546463, Egypt",,,,,28.7196995,30.8537377,unspecified_hospital,T3_unspecified_hospital_unverified,,,,,hospital_type_only_unverified,,,scrape,scrape,1,1
CE00572,مستشفى البر والوفاء التخصصى,Beni Suef,Sumusta El Waqf,"WVFR+R95, Nazlet El-Deeb, Sumusta El Waqf, Beni Suef Governorate 2635231, Egypt",,,,,28.9245114,30.8909873,unspecified_hospital,T3_unspecified_hospital_unverified,,,,,hospital_type_only_unverified,,,scrape,scrape,1,1
CE00573,مستشفى الحياة,Beni Suef,Sumusta El Waqf,"WVG6+P9J, Madinet Samasta, Sumusta El Waqf, Beni Suef Governorate 2634654, Egypt",,,,,28.926834,30.8608817,unspecified_hospital,T3_unspecified_hospital_unverified,,,,,hospital_type_only_unverified,,,scrape,scrape,1,1
CE00574,مستشفى مازورة,Beni Suef,Sumusta El Waqf,"مازورة، WR98+F5F، شارع السادات، Mazorah, Sumusta El Waqf, Beni Suef Governorate 2630612, Egypt",,,,,28.9186968,30.8154358,unspecified_hospital,T3_unspecified_hospital_unverified,,,,,hospital_type_only_unverified,,,scrape,scrape,1,1
CE00576,مستشفي المروة التخصصي الاسباني سابقا,Beni Suef,Sumusta El Waqf,"WVG6+75H، شارع 26 يوليو، Madinet Samasta, Sumusta El Waqf, Beni Suef Governorate 2634652, Egypt",,,,,28.9256805,30.860471,unspecified_hospital,T3_unspecified_hospital_unverified,,,,,hospital_type_only_unverified,,,scrape,scrape,1,1
CE00580,مسجد مستشفى سمسطا,Beni Suef,Sumusta El Waqf,"شارع الشيخ رجب عبدالرحمن، مدينة سمسطا، مركز سمسطا، محافظة بني سويف،، شارع المستشفي، Madinet Samasta, Sumusta El Waqf, Beni Suef Governorate 2634151, Egypt",,,,,28.9133113,30.8526473,unspecified_hospital,T3_unspecified_hospital_unverified,,,,,hospital_type_only_unverified,,,scrape,scrape,1,1
CE00582,مستفى الحياة,Beni Suef,Sumusta El Waqf,"WVPF+74H, Sumusta El Waqf, Beni Suef Governorate 2635003, Egypt",1200524992,mobile,,2.01201E+11,28.9356804,30.8728615,unspecified_hospital,T3_unspecified_hospital_unverified,,,,,hospital_type_only_unverified,012 00524992,1200524992,scrape,scrape,1,1
CE00583,Hayat Medical Center Specialist,Beni Suef,ببا,"WXMP+6QQ, Bor Saeed, كفر ناصر، ببا، محافظة بني سويف 2655501, Egypt",824403030,landline,,20824403030,28.9330865,30.9869951,unspecified_hospital,T3_unspecified_hospital_unverified,,,,,hospital_type_only_unverified,082 4403030,824403030,scrape,scrape,1,1
CE00584,مستشفى بني حلة,Beni Suef,Sumusta El Waqf,"XV4P+G66, Badhel, Sumusta El Waqf, Beni Suef Governorate 2636041, Egypt",,,,,28.9562982,30.8855174,unspecified_hospital,T3_unspecified_hospital_unverified,,,,,hospital_type_only_unverified,,,scrape,scrape,1,1
CE00585,مركز المروة الطبي الاسباني سابقا,Beni Suef,Sumusta El Waqf,"WVG6+65Q، شارع 26 يوليو، Madinet Samasta, Sumusta El Waqf, Beni Suef Governorate 2634652, Egypt",,,,,28.9255797,30.8604723,unspecified_hospital,T3_unspecified_hospital_unverified,,,,,hospital_type_only_unverified,,,scrape,scrape,1,1
CE00587,مستشفي,Beni Suef,Sumusta El Waqf,"XR4H+68R، عزبة الشيخ خطاب، Izbat Qaftan, Sumusta El Waqf, Beni Suef Governorate 2630712, Egypt",,,,,28.9543802,30.8273045,unspecified_hospital,T3_unspecified_hospital_unverified,,,,,hospital_type_only_unverified,,,scrape,scrape,1,1
CE00588,مستشفى الايمان,Beni Suef,مركز بنى مزار,"شارع الحريه مدينة بني مزار، بنى مزار، GQ2X+GG2, Madinet Samasta, مركز بنى مزار، Minya Governorate 2535001, Egypt",,,,,28.9178748,30.8538287,unspecified_hospital,T3_unspecified_hospital_unverified,,,,,hospital_type_only_unverified,,,scrape,scrape,1,1
CE00592,وحده بني محمد راشد الصحية,Beni Suef,Sumusta El Waqf,"WRHF+MV5, Mazorah, Sumusta El Waqf, Beni Suef Governorate 2633502, Egypt",,,,,28.9291257,30.8247493,unspecified_hospital,T3_unspecified_hospital_unverified,,,,,hospital_type_only_unverified,,,scrape,scrape,1,1
CE00603,Veterinary Medicine Aelchentor,Beni Suef,Sumusta El Waqf,"XV33+9VG, Ash Shantour, Sumusta El Waqf, Beni Suef Governorate 2633654, Egypt",,,,,28.9534291,30.8547052,unspecified_hospital,T3_unspecified_hospital_unverified,,,,,hospital_type_only_unverified,,,scrape,scrape,1,1
CE00614,El Menia General Hospital,Minya,Minya,"ش Ibn Khasib Rd, وسط البلد، Minya, Minya Governorate 2451133, Egypt",862356601,landline,,20862356601,28.1011357,30.7542851,general_hospital,T2_general_hospital_unverified,,,,,general_hospital_type_only_unverified,086 2356601,862356601,scrape,scrape,1,1
CE00615,مستشفي المنيا الدولي,Minya,مركز المنيا,"Unnamed Road, سوادة، مركز المنيا،،, 3QWG+46V، المنيا - أسيوط، سوادة، مركز المنيا، محافظة المنيا 2427901, Egypt",1050008592,mobile,,2.0105E+11,28.0960883,30.7774982,unspecified_hospital,T3_unspecified_hospital_unverified,,,,,hospital_type_only_unverified,010 50008592,1050008592,scrape,scrape,1,1
CE00616,مستشفى السلامه للمعلمين المنيا,Minya,First Al Minya,"3 Hasib, Qism Minya, First Al Minya, Minya Governorate 2451110, Egypt",,,,,28.0951121,30.7558481,unspecified_hospital,T3_unspecified_hospital_unverified,,,,,hospital_type_only_unverified,,,scrape,scrape,1,1
CE00617,Tropical diseases hospital,Minya,Third Al Minya,"3QQ7+24V, Qism Minya, Third Al Minya, Minya Governorate 2441352, Egypt",862363363,landline,,20862363363,28.0876003,30.7627876,unspecified_hospital,T3_unspecified_hospital_unverified,,,,,hospital_type_only_unverified,086 2363363,862363363,scrape,scrape,1,1
CE00619,Health Insurance Hospital (Susan),Minya,Minya,"4P6X+M87, Qism Minya, Minya, Minya Governorate 2451143, Egypt",,,,,28.1116679,30.748306,unspecified_hospital,T3_unspecified_hospital_unverified,,,,,hospital_type_only_unverified,,,scrape,scrape,1,1
CE00620,Mabarrah Hospital,Minya,Minya,"3QW5+HVV, Qism Minya, Minya, Minya Governorate 2451150, Egypt",,,,,28.0964994,30.7596739,unspecified_hospital,T3_unspecified_hospital_unverified,,,,,hospital_type_only_unverified,,,scrape,scrape,1,1
CE00621,المستشفى الأميرى,Minya,Minya,"4Q23+JQJ, Mostashfa Al Ramad, Qism Minya, Minya, Minya Governorate 2451133, Egypt",,,,,28.1015869,30.7543755,general_hospital,T2_general_hospital_unverified,,,,,general_hospital_type_only_unverified,,,scrape,scrape,1,1
CE00622,Misr El Hora Hospital,Minya,Second Al Minya,"3QP4+6RP, Zaref, Qism Minya, Second Al Minya, Minya Governorate 2430432, Egypt",1007223227,mobile,,2.01007E+11,28.0855904,30.7570805,unspecified_hospital,T3_unspecified_hospital_unverified,,,,,hospital_type_only_unverified,010 07223227,1007223227,scrape,scrape,1,1
CE00626,مستشفي المنيا العسكري,Minya,Minya,"3QRC+XQ5, Sawadah, Minya, Minya Governorate 2427715, Egypt",,,,,28.092379,30.772,unspecified_hospital,T3_unspecified_hospital_unverified,,,,,hospital_type_only_unverified,,,scrape,scrape,1,1
CE00627,Hospital Conjunctivitis in Minya,Minya,Minya,"4Q23+336, Qism Minya, Minya, Minya Governorate 2451131, Egypt",862362115,landline,,20862362115,28.1001748,30.7526441,unspecified_hospital,T3_unspecified_hospital_unverified,,,,,hospital_type_only_unverified,086 2362115,862362115,scrape,scrape,1,1
CE00628,مستشفى مؤسسة الإصلاح,Minya,Third Al Minya,"3QC8+V8W, Qism Minya, Third Al Minya, Minya Governorate 2441020, Egypt",,,,,28.0722375,30.7658281,unspecified_hospital,T3_unspecified_hospital_unverified,,,,,hospital_type_only_unverified,,,scrape,scrape,1,1
CE00629,مستشفى الجمعية الشرعية بمدينة المنيا,Minya,Third Al Minya,"3QM7+J4H, Qism Minya, Third Al Minya, Minya Governorate 2441335, Egypt",,,,,28.0840508,30.7628494,unspecified_hospital,T3_unspecified_hospital_unverified,,,,,hospital_type_only_unverified,,,scrape,scrape,1,1
CE00631,مستشفى أبو السعود,Minya,Second Al Minya,"سكه، Qism Minya, Second Al Minya, Minya Governorate 2431105, Egypt",1063448375,mobile,,2.01063E+11,28.0887873,30.7519029,unspecified_hospital,T3_unspecified_hospital_unverified,,,,,hospital_type_only_unverified,010 63448375,1063448375,scrape,scrape,1,1
CE00632,مستشفى المنيا الوطني,Minya,First Al Minya,"69 Saad Zaghloul, Qism Minya, First Al Minya, Minya Governorate 2451012, Egypt",,,,,28.0917601,30.7571447,unspecified_hospital,T3_unspecified_hospital_unverified,,,,,hospital_type_only_unverified,,,scrape,scrape,1,1
CE00633,El Hekma Hospital,Minya,First Al Minya,"3 Hasib, Qism Minya, First Al Minya, Minya Governorate 2451110, Egypt",,,,,28.0950525,30.7558578,unspecified_hospital,T3_unspecified_hospital_unverified,,,,,hospital_type_only_unverified,,,scrape,scrape,1,1
CE00636,EGYPT I.V.F CENTER,Minya,First Al Minya,"سعد زغلول، قسم المنيا، مركز المنيا،، 3QW3+PX6, Qism Minya, First Al Minya, Minya Governorate 2451111, Egypt",,,,,28.0967978,30.7549053,unspecified_hospital,T3_unspecified_hospital_unverified,,,,,hospital_type_only_unverified,,,scrape,scrape,1,1
CE00640,مركز الحكمه الجراحى & توكيل حبيبه للملابس,Minya,First Al Minya,"٣ شارع حسيب باشا بندرالمنيا، المنيا،، حسيب،، Qism Minya, First Al Minya, Minya Governorate 2451150, Egypt",1002776847,mobile,,2.01003E+11,28.0970232,30.7591968,unspecified_hospital,T3_unspecified_hospital_unverified,,,,,hospital_type_only_unverified,010 02776847,1002776847,scrape,scrape,1,1
CE00643,مستشفى دار الحياه والامل,Minya,Second Al Minya,"3PRV+GMV، شارع بديع الزمان، Qism Minya, Second Al Minya, Minya Governorate 2431066, Egypt",,,,,28.0912982,30.7441325,unspecified_hospital,T3_unspecified_hospital_unverified,,,,,hospital_type_only_unverified,,,scrape,scrape,1,1
CE00644,مستشفي سمالوط التخصصي,Minya,سمالوط شرق,"8PF5+F5V، مدينة سمالوط، سمالوط شرق، محافظة المنيا 2481647, Egypt",867714172,landline,,20867714172,28.3237446,30.7079207,unspecified_hospital,T3_unspecified_hospital_unverified,,,,,hospital_type_only_unverified,086 7714172,867714172,scrape,scrape,1,1
CE00649,مركز ابن خصيب,Minya,First Al Minya,"3QX4+R4H, Qism Minya, First Al Minya, Minya Governorate 2451123, Egypt",,,,,28.0995697,30.7553549,unspecified_hospital,T3_unspecified_hospital_unverified,,,,,hospital_type_only_unverified,,,scrape,scrape,1,1
CE00651,مركز السلام للنساء و التوليد,Minya,First Al Minya,"4Q23+MWP, Qism Minya, First Al Minya, Minya Governorate 2451172, Egypt",1002146185,mobile,,2.01002E+11,28.1017086,30.7548288,maternity_hospital,T1_maternity_hospital,,,,,maternal_terms_in_name,010 02146185,1002146185,scrape,scrape,1,1
CE00653,مستشفي ماري جرجس التخصصى,Minya,Minya,"3PVW+CJM, Qism Minya, Minya, Minya Governorate 2431241, Egypt",,,,,28.0935978,30.7465566,unspecified_hospital,T3_unspecified_hospital_unverified,,,,,hospital_type_only_unverified,,,scrape,scrape,1,1
CE00656,عناية الافضل,Minya,First Al Minya,"شارع سعد زغلول بجوار، 61111، Nassef School, Qism Minya, First Al Minya, Minya Governorate 2451011, Egypt",1016390236,mobile,,2.01016E+11,28.09114,30.7575462,unspecified_hospital,T3_unspecified_hospital_unverified,,,,,hospital_type_only_unverified,010 16390236,1016390236,scrape,scrape,1,1
CE00664,المركز الطبي المتطور,Minya,Second Al Minya,"3QQ4+P7J, Al Shawani, Qism Minya, Second Al Minya, Minya Governorate 2431113, Egypt",,,,,28.0893425,30.7556352,unspecified_hospital,T3_unspecified_hospital_unverified,,,,,hospital_type_only_unverified,,,scrape,scrape,1,1
CE00668,Misr Almahaba Hospital,Minya,Beni Mazar,"شارع العاشر من رمضان - بجوار إدارة المرور، Madinet Bani Mazar, Beni Mazar, Minya Governorate 2534441, Egypt",863840802,landline,,20863840802,28.4854385,30.8085378,unspecified_hospital,T3_unspecified_hospital_unverified,,,,,hospital_type_only_unverified,086 3840802,863840802,scrape,scrape,1,1
CE00670,وحدة بني مهدي الصحية,Minya,Minya,"2RM3+J87, Al Matahrah Al Bahreyah, Minya, Minya Governorate 2426383, Egypt",,,,,28.0340494,30.8032918,general_hospital,T2_general_hospital_unverified,,,,,general_hospital_type_only_unverified,,,scrape,scrape,1,1
CE00671,مستشفى الدكتور ايمن دردير,Minya,West Samalout,"6JXJ+7H9, Izbat Al Qamadir, West Samalout, Minya Governorate 2471207, Egypt",,,,,28.2470243,30.6311942,unspecified_hospital,T3_unspecified_hospital_unverified,,,,,hospital_type_only_unverified,,,scrape,scrape,1,1
CE00672,مستشفى كوم الزهير,Minya,Abu Qirqas,"Abu Qurqas, Abu Qirqas, Minya Governorate 2364625, Egypt",,,,,27.9821891,30.8058474,general_hospital,T2_general_hospital_unverified,,,,,general_hospital_type_only_unverified,,,scrape,scrape,1,1
CE00674,El Raey El Saleh Hospital,Minya,East Samalout,"8P94+JPR, Madinet Samalout, East Samalout, Minya Governorate 2481587, Egypt",863711712,landline,,20863711712,28.319112,30.70677,unspecified_hospital,T3_unspecified_hospital_unverified,,,,,hospital_type_only_unverified,086 3711712,863711712,scrape,scrape,1,1
CE00675,Mattay Central Hospital,Minya,Matai,"Madinet Matay, Matai, Minya Governorate 2525260, Egypt",863921120,landline,,20863921120,28.4216136,30.790817,general_hospital,T2_general_hospital_unverified,,,,,general_hospital_type_only_unverified,086 3921120,863921120,scrape,scrape,1,1
CE00676,Samalut Medical Center,Minya,East Samalout,"8P57+X78, الطريق السريع, Madinet Samalout, East Samalout, Minya Governorate 2481475, Egypt",867713931,landline,,20867713931,28.3099136,30.713209,unspecified_hospital,T3_unspecified_hospital_unverified,,,,,hospital_type_only_unverified,086 7713931,867713931,scrape,scrape,1,1
CE00677,الجمعية الشرعية,Minya,Abu Qirqas,"WRXX+8R8, Al Karam, Abu Qirqas, Minya Governorate 2366550, Egypt",1128653569,mobile,,2.01129E+11,27.9482965,30.8495643,general_hospital,T2_general_hospital_unverified,,,,,general_hospital_type_only_unverified,011 28653569,1128653569,scrape,scrape,1,1
CE00678,مستشفى سليمان عمار العام,Minya,West Samalout,"8JV5+8P3, Kom AR Raheb, West Samalout, Minya Governorate 2472740, Egypt",36503650,landline,,2036503650,28.3432712,30.6092858,general_hospital,T2_general_hospital_unverified,,,,,general_hospital_type_only_unverified,03 6503650,36503650,scrape,scrape,1,1
CE00679,مستشفى العمودين التخصص,Minya,West Samalout,"6MFX+FJC, Nazlet Al Amoudein, West Samalout, Minya Governorate 2475220, Egypt",,,,,28.2236833,30.6990131,general_hospital,T2_general_hospital_unverified,,,,,general_hospital_type_only_unverified,,,scrape,scrape,1,1
CE00681,مستشفي الصحة الانجابية,Minya,Matai,"CQ8F+RHM, Madinet Matay, Matai, Minya Governorate 2524030, Egypt",,,,,28.4170879,30.7739074,unspecified_hospital,T3_unspecified_hospital_unverified,,,,,hospital_type_only_unverified,,,scrape,scrape,1,1
CE00683,مستشفى سفاى العام,Minya,Abu Qirqas,"VRW3+H3W, Safay, Abu Qirqas, Minya Governorate 2364049, Egypt",,,,,27.8964944,30.8026952,general_hospital,T2_general_hospital_unverified,,,,,general_hospital_type_only_unverified,,,scrape,scrape,1,1
CE00684,وحدة طوخ الخيل الصحية,Minya,Minya,"4M3F+35M, Tokh Al Kheil, Minya, Minya Governorate 2423951, Egypt",,,,,28.1026444,30.6731851,general_hospital,T2_general_hospital_unverified,,,,,general_hospital_type_only_unverified,,,scrape,scrape,1,1
CE00685,al fekria central hospital,Minya,Abu Qirqas,"بور سعيد، Madinet Al Fekreyah (Include Monshaat Al Fekr), Abu Qirqas, Minya Governorate 2364444, Egypt",1019050142,mobile,,2.01019E+11,27.9354223,30.8223266,general_hospital,T2_general_hospital_unverified,,,,,general_hospital_type_only_unverified,010 19050142,1019050142,scrape,scrape,1,1
CE00686,مستشفي طب الأسنان الجامعي,Minya,Second Al Minya,"شلبي، بجوار مستشفى طب الأسنان، برج الفردوس، شارع العزيزى، Qism Minya, Second Al Minya, Minya Governorate 2431415, Egypt",,,,,28.1164219,30.743651,general_hospital,T2_general_hospital_unverified,,,,,general_hospital_type_only_unverified,,,scrape,scrape,1,1
CE00687,Malawi specialized hospital,Minya,Mallawi,"Unnamed Road, قسم ملوي، ملوي، المنيا، ملوى، Qesm Melawi, Mallawi, Minya Governorate 2337322, Egypt",862639098,landline,,20862639098,27.7291508,30.8316012,unspecified_hospital,T3_unspecified_hospital_unverified,,,,,hospital_type_only_unverified,086 2639098,862639098,scrape,scrape,1,1
CE00688,مستشفى النيل | ملوي,Minya,Mallawi,"PRMX+V9F, Qesm Melawi, Mallawi, Minya Governorate 61111, Egypt",862629855,landline,,20862629855,27.7346876,30.8484342,unspecified_hospital,T3_unspecified_hospital_unverified,,,,,hospital_type_only_unverified,086 2629855,862629855,scrape,scrape,1,1
CE00690,مستشفى دعبدالشافى مهران للنساء والتوليد,Minya,Mallawi,"المنيا، ش اخناتون، Qesm Melawi, Mallawi, Minya Governorate 61111, Egypt",1060808073,mobile,,2.01061E+11,27.7350832,30.8461708,maternity_hospital,T1_maternity_hospital,,,,,maternal_terms_in_name,010 60808073,1060808073,scrape,scrape,1,1
CE00691,Elsafwa Specialized hospital مستشفى الصفوة التخصصي,Minya,Mallawi,"PRPR+JQ6، شارع المجيدي، Qesm Melawi, Mallawi, Minya Governorate 2343042, Egypt",1000948409,mobile,,2.01001E+11,27.7359376,30.8364018,unspecified_hospital,T3_unspecified_hospital_unverified,,,,,hospital_type_only_unverified,010 00948409,1000948409,scrape,scrape,1,1
CE00692,Palace Medicine Hospital,Minya,East Samalout,"8P56+QXF, Madinet Samalout, East Samalout, Minya Governorate 2481475, Egypt",863300036,landline,,20863300036,28.3094292,30.7124365,unspecified_hospital,T3_unspecified_hospital_unverified,,,,,hospital_type_only_unverified,086 3300036,863300036,scrape,scrape,1,1
CE00694,مجمع الدويني الطبي,Minya,East Samalout,"Unnamed Road, مدينة سمالوط، سمالوط،، 8P74+V4H, Madinet Samalout, East Samalout, Minya Governorate 2481513, Egypt",,,,,28.314686,30.7053501,unspecified_hospital,T3_unspecified_hospital_unverified,,,,,hospital_type_only_unverified,,,scrape,scrape,1,1
CE00695,مستشفى اليوم الواحد بسمالوط,Minya,East Samalout,"8P6P+49C, Madinet Samalout, East Samalout, Minya Governorate 2485220, Egypt",,,,,28.310263,30.7359914,unspecified_hospital,T3_unspecified_hospital_unverified,,,,,hospital_type_only_unverified,,,scrape,scrape,1,1
CE00696,Gulwsna Hospital,Minya,East Samalout,"8PWQ+J9H، Unnamed Road، Qlosna, East Samalout, Minya Governorate 2484310, Egypt",863611189,landline,,20863611189,28.3465548,30.7384993,unspecified_hospital,T3_unspecified_hospital_unverified,,,,,hospital_type_only_unverified,086 3611189,863611189,scrape,scrape,1,1
CE00698,Medical Unit in Al Faroukeya,Minya,East Samalout,"8PQR+333، الشارع العمومي الشرقي، Al Gazayer, East Samalout, Minya Governorate 2485462, Egypt",,,,,28.3376258,30.7401806,unspecified_hospital,T3_unspecified_hospital_unverified,,,,,hospital_type_only_unverified,,,scrape,scrape,1,1
CE00707,مستشفى طوارئ الشيخ فضل,Minya,Beni Mazar,"FRMV+J9M, El-Shaikh Fadl, Beni Mazar, Minya Governorate 2537103, Egypt",,,,,28.4840699,30.8433981,unspecified_hospital,T3_unspecified_hospital_unverified,,,,,hospital_type_only_unverified,,,scrape,scrape,1,1
CE00708,NBE ATM - Good Shepherd Hospital - El Menia - مستشفى الراعى الصالح - المنيا,Minya,East Samalout,"Al Gomhouria Street, Center شارع الجمهورية, مركز, East Samalout, Minya Governorate 2481587, Egypt",,,,,28.319058,30.7076903,unspecified_hospital,T3_unspecified_hospital_unverified,,,,,hospital_type_only_unverified,,,scrape,scrape,1,1
CE00709,صيدلية المستشفي,Minya,West Samalout,"8PF5+89, Madinet Samalout, West Samalout, Minya Governorate 2481636, Egypt",,,,,28.32325,30.7084605,unspecified_hospital,T3_unspecified_hospital_unverified,,,,,hospital_type_only_unverified,,,scrape,scrape,1,1
CE00713,مستشفي لطف الله العام,Minya,Matai,"CRV3+3H8, Nazlet Abou Shehata - Bani Mazar, Monshaat Lotf Allah, Matai, Minya Governorate 2526902, Egypt",,,,,28.4426737,30.803963,general_hospital,T2_general_hospital_unverified,,,,,general_hospital_type_only_unverified,,,scrape,scrape,1,1
CE00715,مركز الكوثر الطبي (متعاقد مع التأمين الصحي),Minya,Maghagha,"امام مستشفى مغاغه العام، شارع المدارس، Atneyah, Maghagha, Minya Governorate 2545977, Egypt",1112255433,mobile,,2.01112E+11,28.6541411,30.8324359,unspecified_hospital,T3_unspecified_hospital_unverified,,,,,hospital_type_only_unverified,011 12255433,1112255433,scrape,scrape,1,1
CE00717,مستشفي شارونه المركزي,Minya,Maghagha,"HVV3+3JJ, Sharonah, Maghagha, Minya Governorate 2548221, Egypt",,,,,28.5927059,30.854017,general_hospital,T2_general_hospital_unverified,,,,,general_hospital_type_only_unverified,,,scrape,scrape,1,1
CE00719,المركز الطبي بمغاغة,Minya,Maghagha,"JRXV+F89, Madinet Maghaghah, Maghagha, Minya Governorate 2547555, Egypt",,,,,28.64867,30.8433474,unspecified_hospital,T3_unspecified_hospital_unverified,,,,,hospital_type_only_unverified,,,scrape,scrape,1,1
CE00720,مستشفى مغاغة المركزي - ريدكون,Minya,Maghagha,"JRRH+8R, El-Shaikh Zeyad, Maghagha, Minya Governorate 2545951, Egypt",,,,,28.6403129,30.8287428,general_hospital,T2_general_hospital_unverified,,,,,general_hospital_type_only_unverified,,,scrape,scrape,1,1
CE00722,مستشفى مغاغة المركزي,Minya,Maghagha,"JRGF+QF, El-Shaikh Zeyad, Maghagha, Minya Governorate 2545710, Egypt",,,,,28.6269962,30.8236587,general_hospital,T2_general_hospital_unverified,,,,,general_hospital_type_only_unverified,,,scrape,scrape,1,1
CE00723,مستشفي الدشلوطي,Minya,Maghagha,"MQQW+5W4, Ban Al Alam, Maghagha, Minya Governorate 2544202, Egypt",1061740574,mobile,,2.01062E+11,28.6878765,30.7973355,unspecified_hospital,T3_unspecified_hospital_unverified,,,,,hospital_type_only_unverified,010 61740574,1061740574,scrape,scrape,1,1
CE00726,مستشفى حميدة الجندى,Minya,Maghagha,"MRJC+FX2, Hemeida El-Gendy, Maghagha, Minya Governorate 2544631, Egypt",,,,,28.6811471,30.8223776,unspecified_hospital,T3_unspecified_hospital_unverified,,,,,hospital_type_only_unverified,,,scrape,scrape,1,1
CE00729,مستشفى قرية قفادة,Minya,مركز مغاغة,"مغاغاة الكوبري الغربي, HQM3+C65، قفادة، مركز مغاغة، محافظة المنيا 2543143, Egypt",,,,,28.5835046,30.7531058,unspecified_hospital,T3_unspecified_hospital_unverified,,,,,hospital_type_only_unverified,,,scrape,scrape,1,1
CE00730,مركز الحياة,Minya,Maghagha,"MR2R+556, Madinet Maghaghah, Maghagha, Minya Governorate 2547601, Egypt",,,,,28.6504239,30.8404014,unspecified_hospital,T3_unspecified_hospital_unverified,,,,,hospital_type_only_unverified,,,scrape,scrape,1,1
CE00732,مستشفى بنى مزار العام,Minya,Beni Mazar,"GR42+4GJ, Madinet Bani Mazar, Beni Mazar, Minya Governorate 2535023, Egypt",,,,,28.5053377,30.8012783,general_hospital,T2_general_hospital_unverified,,,,,general_hospital_type_only_unverified,,,scrape,scrape,1,1
CE00733,Safwa Hospital,Minya,Beni Mazar,"Al Mostashfa, Madinet Bani Mazar, Beni Mazar, Minya Governorate 2534924, Egypt",,,,,28.4971294,30.7990875,unspecified_hospital,T3_unspecified_hospital_unverified,,,,,hospital_type_only_unverified,,,scrape,scrape,1,1
CE00736,مستشفى الصفوة الخاصة,Minya,Beni Mazar,"FQWX+8JW, Madinet Bani Mazar, Beni Mazar, Minya Governorate 2534770, Egypt",,,,,28.4958705,30.7990638,unspecified_hospital,T3_unspecified_hospital_unverified,,,,,hospital_type_only_unverified,,,scrape,scrape,1,1
CE00737,مستشفي الإيمان,Minya,Beni Mazar,"بجوار El-Iman Hospital, Madinet Bani Mazar, Beni Mazar, Minya Governorate 2536057, Egypt",,,,,28.4930058,30.8075818,unspecified_hospital,T3_unspecified_hospital_unverified,,,,,hospital_type_only_unverified,,,scrape,scrape,1,1
CE00738,مستشفى نزلة عمرو - بنى مزار,Minya,Beni Mazar,"CRXJ+RX2, Monshaat Abou Aziz, Beni Mazar, Minya Governorate 2535915, Egypt",,,,,28.4495195,30.8323981,unspecified_hospital,T3_unspecified_hospital_unverified,,,,,hospital_type_only_unverified,,,scrape,scrape,1,1
CE00740,مستشفى الفايد التخصصي,Minya,Beni Mazar,"GQ3X+X7H, Madinet Bani Mazar, Beni Mazar, Minya Governorate 2534848, Egypt",,,,,28.504925,30.798226,unspecified_hospital,T3_unspecified_hospital_unverified,,,,,hospital_type_only_unverified,,,scrape,scrape,1,1
CE00746,Beni Mazar,Minya,Beni Mazar,"Beni Mazar, Minya Governorate, Egypt",,,,,28.4961683,30.7809676,unspecified_hospital,T3_unspecified_hospital_unverified,,,,,hospital_type_only_unverified,,,scrape,scrape,1,1
CE00747,وحدة بني صامت,Minya,Beni Mazar,"GR5R+H3C, Bani Samet, Beni Mazar, Minya Governorate 2537663, Egypt",,,,,28.5089483,30.8401386,unspecified_hospital,T3_unspecified_hospital_unverified,,,,,hospital_type_only_unverified,,,scrape,scrape,1,1
CE00749,مستشفي الاتلات,Minya,Beni Mazar,"CQR4+XRJ, Kom Matay, Beni Mazar, Minya Governorate 2526717, Egypt",,,,,28.4424546,30.7570005,unspecified_hospital,T3_unspecified_hospital_unverified,,,,,hospital_type_only_unverified,,,scrape,scrape,1,1
CE00751,مستشفى طمبو العام,Minya,Beni Mazar,"GQ38+33W, Tenbo, Beni Mazar, Minya Governorate 2532975, Egypt",,,,,28.5027423,30.7652013,general_hospital,T2_general_hospital_unverified,,,,,general_hospital_type_only_unverified,,,scrape,scrape,1,1
CE00753,مستشفى كفر الشيخ ابراهيم,Minya,Beni Mazar,"FRCH+H6C, Kafr El-Shaikh Ibrahim, Beni Mazar, Minya Governorate 2535941, Egypt",,,,,28.471427,30.8280197,unspecified_hospital,T3_unspecified_hospital_unverified,,,,,hospital_type_only_unverified,,,scrape,scrape,1,1
CE00754,مستشفى التكامل,Minya,Beni Mazar,"FRMV+J9M, El-Shaikh Fadl, Beni Mazar, Minya Governorate 2537103, Egypt",,,,,28.4844952,30.8434175,unspecified_hospital,T3_unspecified_hospital_unverified,,,,,hospital_type_only_unverified,,,scrape,scrape,1,1
CE00755,Bani Mazar,Minya,Bani Mazar,"Bani Mazar, Madinet Bani Mazar, Beni Mazar, Minya Governorate 2534546, Egypt",,,,,28.4916998,30.8026155,unspecified_hospital,T3_unspecified_hospital_unverified,,,,,hospital_type_only_unverified,,,scrape,scrape,1,1
CE00758,مستشفى العاصمة,Minya,"مركز بنى مزار،","FRMV+W75، الشيخ فضل،، El-Shaikh Fadl, مركز بنى مزار،، Minya Governorate 2537160،, Egypt",,,,,28.4847529,30.8432432,unspecified_hospital,T3_unspecified_hospital_unverified,,,,,hospital_type_only_unverified,,,scrape,scrape,1,1
CE00769,الوحدة الطبية,Minya,Beni Mazar,"GQPF+FR2, Saft Abu Gerg, Beni Mazar, Minya Governorate 2535203, Egypt",,,,,28.5361495,30.7745273,unspecified_hospital,T3_unspecified_hospital_unverified,,,,,hospital_type_only_unverified,,,scrape,scrape,1,1
CE00771,الوحدة الطبية بطمبو,Minya,Beni Mazar,"GQ38+33Q, Tenbo, Beni Mazar, Minya Governorate 2532975, Egypt",,,,,28.5027026,30.7652427,unspecified_hospital,T3_unspecified_hospital_unverified,,,,,hospital_type_only_unverified,,,scrape,scrape,1,1
CE00779,مركز الحياة الطبي,Minya,Matai,"CQ6M+VVV, Madinet Matay, Matai, Minya Governorate 2524146, Egypt",,,,,28.4122336,30.7846774,unspecified_hospital,T3_unspecified_hospital_unverified,,,,,hospital_type_only_unverified,,,scrape,scrape,1,1
CE00780,Mosque of Faith (hospital),Minya,Beni Mazar,"FRMV+J9J, El-Shaikh Fadl, Beni Mazar, Minya Governorate 2537103, Egypt",,,,,28.4840756,30.8433927,unspecified_hospital,T3_unspecified_hospital_unverified,,,,,hospital_type_only_unverified,,,scrape,scrape,1,1
CE00781,نجع عيت الحشاني,Minya,Beni Mazar,"FQWJ+F98، طريق الصحراوي الغربي، Tenbo, Beni Mazar, Minya Governorate 2533707, Egypt",,,,,28.4961683,30.7809676,unspecified_hospital,T3_unspecified_hospital_unverified,,,,,hospital_type_only_unverified,,,scrape,scrape,1,1
CE00790,مشتشفى قرية السلام,Minya,مركز بنى مزار,"CRMX+7X5, قرية, El-Salam, مركز بنى مزار، محافظة المنيا 2537020, Egypt",,,,,28.4331297,30.8499944,unspecified_hospital,T3_unspecified_hospital_unverified,,,,,hospital_type_only_unverified,,,scrape,scrape,1,1
CE00792,مستشفى قروي حلوة,Minya,Matai,"FM39+RG2, Helwah, Matai, Minya Governorate 2522765, Egypt",,,,,28.454516,30.6687513,unspecified_hospital,T3_unspecified_hospital_unverified,,,,,hospital_type_only_unverified,,,scrape,scrape,1,1
CE00797,Tema Central Hospital,Minya,Tima,"ش احمد عرابي، VCWR+PRP, Asuit - Sohag Rd, Salamoun, Tima, Sohag Governorate 1767011, Egypt",932790713,landline,,20932790713,26.8968422,31.4420933,general_hospital,T2_general_hospital_unverified,,,,,general_hospital_type_only_unverified,093 2790713,932790713,scrape,scrape,1,1
CE00800,مستشفى 🏥,Minya,Beni Mazar,"GM32+GMW، Unnamed Road، Kafr Abu Al Oudein, Beni Mazar, Minya Governorate 2530042, Egypt",,,,,28.5038501,30.6517059,unspecified_hospital,T3_unspecified_hospital_unverified,,,,,hospital_type_only_unverified,,,scrape,scrape,1,1
CE00801,مستشفى محمد عبدالقادر,Minya,Beni Mazar,"FJVR+G9, Abgag Al Hatab, Beni Mazar, Minya Governorate 2530021, Egypt",,,,,28.4939417,30.64096,unspecified_hospital,T3_unspecified_hospital_unverified,,,,,hospital_type_only_unverified,,,scrape,scrape,1,1
CE00821,مستشفى نواى,Minya,Mallawi,"QQWJ+78F, Naway, Mallawi, Minya Governorate 2338403, Egypt",,,,,27.7952095,30.7806431,general_hospital,T2_general_hospital_unverified,,,,,general_hospital_type_only_unverified,,,scrape,scrape,1,1
CE00822,Deir Mawas Central Hospital,Minya,Deir Mawas,"Salah Abd El-Hakeem, Kafr Khozam, Deir Mawas, Minya Governorate 2325625, Egypt",862010503,landline,,20862010503,27.6444279,30.8576282,general_hospital,T2_general_hospital_unverified,,,,,general_hospital_type_only_unverified,086 2010503,862010503,scrape,scrape,1,1
CE00823,مستشفى العمارية الشرقية الجديدة,Minya,Deir Mawas,"JVFM+2XW, Deir Mawas, Minya Governorate 2327168, Egypt",,,,,27.622624,30.8849394,general_hospital,T2_general_hospital_unverified,,,,,general_hospital_type_only_unverified,,,scrape,scrape,1,1
CE00825,مستشفى عرب ابوقلتة الجديدة,Minya,Mallawi,"RPF4+95V, Bani Khaled, Mallawi, Minya Governorate 2331402, Egypt",,,,,27.8234954,30.7054152,general_hospital,T2_general_hospital_unverified,,,,,general_hospital_type_only_unverified,,,scrape,scrape,1,1
CE00826,مستشفى سنجرج الجديدة,Minya,Mallawi,"PR86+33H, Sengerg, Mallawi, Minya Governorate 2336575, Egypt",,,,,27.7148995,30.8102236,general_hospital,T2_general_hospital_unverified,,,,,general_hospital_type_only_unverified,,,scrape,scrape,1,1
CE00827,مستشفي دروه,Minya,Mallawi,"PP9R+WJC, Derwah, Mallawi, Minya Governorate 2330297, Egypt",,,,,27.7198171,30.7415161,general_hospital,T2_general_hospital_unverified,,,,,general_hospital_type_only_unverified,,,scrape,scrape,1,1
CE00828,Dairut General Hospital,Minya,Dairut,"HR84+JQJ, Ring Rd, Dayrout El-Shareef, Dairut, Assiut Governorate 2153076, Egypt",884770777,landline,,20884770777,27.5665769,30.8068971,general_hospital,T2_general_hospital_unverified,,,,,general_hospital_type_only_unverified,088 4770777,884770777,scrape,scrape,1,1
CE00829,مستشفى اشنين,Minya,Maghagha,"JQ7H+P32, Abar Al Wakef - Maghagha, Ashnin an Nasari, Maghagha, Minya Governorate 2543655, Egypt",,,,,28.61426,30.7776299,general_hospital,T2_general_hospital_unverified,,,,,general_hospital_type_only_unverified,,,scrape,scrape,1,1
CE00835,المركز الطبي ديرمواس,Minya,Deir Mawas,"JVV2+PG4, El-Gomhoreya, Monshaat Khozam Al Gharbeyah, Deir Mawas, Minya Governorate 2325362, Egypt",,,,,27.6442532,30.8513337,unspecified_hospital,T3_unspecified_hospital_unverified,,,,,hospital_type_only_unverified,,,scrape,scrape,1,1
CE00837,مستشفى دار الطب,Minya,Deir Mawas,"JVV2+XXR, Monshaat Khozam Al Gharbeyah, Deir Mawas, Minya Governorate 2325603, Egypt",1096552147,mobile,,2.01097E+11,27.6449913,30.8523865,unspecified_hospital,T3_unspecified_hospital_unverified,,,,,hospital_type_only_unverified,010 96552147,1096552147,scrape,scrape,1,1
CE00838,مستشفى أبو قرقاص المركزي,Minya,Abu Qirqas,"WRVF+7CW, Madinet Al Fekreyah (Include Monshaat Al Fekr), Abu Qirqas, Minya Governorate 2364497, Egypt",,,,,27.9432306,30.8235881,general_hospital,T2_general_hospital_unverified,,,,,general_hospital_type_only_unverified,,,scrape,scrape,1,1
CE00839,مستشفى الدكتور فوزي بسالي التخصصي,Minya,Abu Qirqas,"13 Al Mostashfa, Madinet Al Fekreyah (Include Monshaat Al Fekr), Abu Qirqas, Minya Governorate 2364438, Egypt",,,,,27.9354036,30.8202687,unspecified_hospital,T3_unspecified_hospital_unverified,,,,,hospital_type_only_unverified,,,scrape,scrape,1,1
CE00840,Hospital Mnsavas A F,Minya,Abu Qirqas,"2R46+FWG, Mansafis, Abu Qirqas, Minya Governorate 2364880, Egypt",,,,,28.006189,30.8123344,unspecified_hospital,T3_unspecified_hospital_unverified,,,,,hospital_type_only_unverified,,,scrape,scrape,1,1
CE00841,مستشفى اتليدم,Minya,Abu Qirqas,"VRJ3+796, Al Madina Al Fekreya - Ateldim, Atlidam, Abu Qirqas, Minya Governorate 61111, Egypt",,,,,27.880655,30.803405,unspecified_hospital,T3_unspecified_hospital_unverified,,,,,hospital_type_only_unverified,,,scrape,scrape,1,1
CE00844,مستشفى الرجاء,Minya,Abu Qirqas,"WRJ7+XR7, Madinet Al Fekreyah (Include Monshaat Al Fekr), Abu Qirqas, Minya Governorate 2364313, Egypt",,,,,27.9319252,30.8142418,unspecified_hospital,T3_unspecified_hospital_unverified,,,,,hospital_type_only_unverified,,,scrape,scrape,1,1
CE00845,General Authority For Health Insurance,Minya,Abu Qirqas,"WRJ8+PQG, Madinet Al Fekreyah (Include Monshaat Al Fekr), Abu Qirqas, Minya Governorate 2364401, Egypt",,,,,27.9318052,30.8169599,general_hospital,T2_general_hospital_unverified,,,,,general_hospital_type_only_unverified,,,scrape,scrape,1,1
CE00846,Dar El Shefa,Minya,Abu Qirqas,"WRM7+XXF, Madinet Al Fekreyah (Include Monshaat Al Fekr), Abu Qirqas, Minya Governorate 2364332, Egypt",1116388944,mobile,,2.01116E+11,27.9349852,30.8148449,unspecified_hospital,T3_unspecified_hospital_unverified,,,,,hospital_type_only_unverified,011 16388944,1116388944,scrape,scrape,1,1
CE00848,مستشفي دار الهلال بطهنشا,Minya,Minya,"2QM3+M6W, Bani Ahmed - Tahansh, Bani Ahmed, Minya, Minya Governorate 2422389, Egypt",,,,,28.0342391,30.7530783,unspecified_hospital,T3_unspecified_hospital_unverified,,,,,hospital_type_only_unverified,,,scrape,scrape,1,1
CE00849,المركز الطبي الشرقي,Minya,Abu Qirqas,"WRPF+2QX, شرق امام, الكوبرى الجديد, Abu Qirqas, Minya Governorate 2366112, Egypt",,,,,27.9351675,30.8243077,unspecified_hospital,T3_unspecified_hospital_unverified,,,,,hospital_type_only_unverified,,,scrape,scrape,1,1
CE00853,وحدة الكرم الصحية,Minya,Abu Qirqas,"الكرم،, أبو قرقاص،، Abu Qirqas, Minya Governorate 2366713, Egypt",,,,,27.9537837,30.852831,unspecified_hospital,T3_unspecified_hospital_unverified,,,,,hospital_type_only_unverified,,,scrape,scrape,1,1
CE00854,مركز كمال الناجي الطبي,Minya,Minya,"2RF5+GFJ, Bani Hammad, Minya, Minya Governorate 2426367, Egypt",1119958788,mobile,,2.0112E+11,28.0238466,30.808632,unspecified_hospital,T3_unspecified_hospital_unverified,,,,,hospital_type_only_unverified,011 19958788,1119958788,scrape,scrape,1,1
CE00859,د هاني وليم,Minya,Abu Qirqas,"WRMC+MV7, Madinet Al Fekreyah (Include Monshaat Al Fekr), Abu Qirqas, Minya Governorate 2364443, Egypt",,,,,27.9342825,30.8222042,unspecified_hospital,T3_unspecified_hospital_unverified,,,,,hospital_type_only_unverified,,,scrape,scrape,1,1
CE00870,مركز كنوز الخيري,Minya,"مركز المنيا،","إلى، 2QRC+Q52, Bani Ahmed, مركز المنيا،، Minya Governorate 2422808, Egypt",1114986420,mobile,,2.01115E+11,28.0418875,30.7704001,unspecified_hospital,T3_unspecified_hospital_unverified,,,,,hospital_type_only_unverified,011 14986420,1114986420,scrape,scrape,1,1
CE00874,المستشفى الشرقيه,Minya,Minya,"2PC9+H4R, Demsha WA Hashem, Minya, Minya Governorate 2421905, Egypt",,,,,28.0214926,30.7177509,unspecified_hospital,T3_unspecified_hospital_unverified,,,,,hospital_type_only_unverified,,,scrape,scrape,1,1
CE00875,Abu Qirqas,Minya,Abu Qirqas,"Abu Qirqas, Minya Governorate, Egypt",,,,,27.9478292,30.7809676,unspecified_hospital,T3_unspecified_hospital_unverified,,,,,hospital_type_only_unverified,,,scrape,scrape,1,1
CE00880,مستشفى بنى مهدى,Minya,Minya,"2RM3+XW3, Unnamed Road, Al Matahrah Al Bahreyah, Minya, Minya Governorate 2426534, Egypt",,,,,28.034899,30.8047927,unspecified_hospital,T3_unspecified_hospital_unverified,,,,,hospital_type_only_unverified,,,scrape,scrape,1,1
CE00882,مستشفى منشأة النصر العام,Minya,مركز ابو قرقاص,"VQ9G+RJG، منشأة النصر، مركز ابو قرقاص، محافظة المنيا 2363162, Egypt",,,,,27.86955,30.7765701,general_hospital,T2_general_hospital_unverified,,,,,general_hospital_type_only_unverified,,,scrape,scrape,1,1
CE00885,مستشفى حمد أبوزيد,Minya,West Samalout,"5JJP+558, Bani Samarg, West Samalout, Minya Governorate 2470271, Egypt",1147844507,mobile,,2.01148E+11,28.1804177,30.6354664,unspecified_hospital,T3_unspecified_hospital_unverified,,,,,hospital_type_only_unverified,011 47844507,1147844507,scrape,scrape,1,1
CE00892,Isis Central Hospital,Minya,Luxor,"ش المصالح الحكومية، Madinet Al Bayadeyah, Luxor, Luxor Governorate 1351203, Egypt",952300039,landline,,20952300039,25.6644376,32.6313605,general_hospital,T2_general_hospital_unverified,,,,,general_hospital_type_only_unverified,095 2300039,952300039,scrape,scrape,1,1
CE00893,Medina Specialized Hospital,Minya,Luxor,"El Gawzat st. from Khaled Ebn El Waled st., in front of Steigenberger Nile Pala، MJPM+Q6W, Gazirat Al Awameyah, Luxor, Luxor Governorate 1362103, Egypt",1274666633,mobile,,2.01275E+11,25.6869831,32.6330818,unspecified_hospital,T3_unspecified_hospital_unverified,,,,,hospital_type_only_unverified,012 74666633,1274666633,scrape,scrape,1,1
CE00895,العوابد,Minya,Tiba,"PM3G+2P6, El-Karnak El-Gadid, Tiba, Luxor Governorate 1365031, Egypt",,,,,25.7025464,32.6767543,general_hospital,T2_general_hospital_unverified,,,,,general_hospital_type_only_unverified,,,scrape,scrape,1,1
CE00898,الوحدةالصحية,Minya,Abu Tesht,"44QW+GV5, Gazirat Ad Dom, Abu Tesht, Qena Governorate 1587161, Egypt",,,,,26.1387664,32.1472412,general_hospital,T2_general_hospital_unverified,,,,,general_hospital_type_only_unverified,,,scrape,scrape,1,1
CE00917,مستشفى الحياه باسيوط,Assiut,Asyut 2,"Mecca El-Mokarrama, Al Walideyah Al Qebleyah, Asyut 2, Assiut Governorate 71511, Egypt",1060385669,mobile,,2.0106E+11,27.1908779,31.1810898,unspecified_hospital,T3_unspecified_hospital_unverified,,,,,hospital_type_only_unverified,010 60385669,1060385669,scrape,scrape,1,1
CE00918,Saint Maria Hospital..,Assiut,Asyut,"21 الحكمدار، حى شرق، Asyut, Assiut Governorate 2090377, Egypt",882056925,landline,,20882056925,27.1911806,31.185426,unspecified_hospital,T3_unspecified_hospital_unverified,,,Sant Maria Hospital,private_or_unclassified_hospital,hospital_type_only_unverified,088 2056925,882056925,scrape | registry,scrape | registry,2,2
CE00919,Archangel Hospital,Assiut,Asyut 2,"11 Omar Ibn Abd Al Aziz, Al Hamraa Ath Thaneyah, Asyut 2, Assiut Governorate 2090250, Egypt",882124000,landline,,20882124000,27.1840638,31.1863849,unspecified_hospital,T3_unspecified_hospital_unverified,,,,,hospital_type_only_unverified,088 2124000,882124000,scrape,scrape,1,1
CE00920,مستشفى الإصابات جامعة اسيوط Trauma Hospital Assiut University,Assiut,Asyut 1,"Assiut University hospital street, Al Walideyah Al Qebleyah, Asyut 1, Assiut Governorate 71515, Egypt",,,,,27.1827299,31.1660259,general_hospital,T2_general_hospital_unverified,,,,,general_hospital_type_only_unverified,,,scrape,scrape,1,1
CE00921,Asyut General Hospital,Assiut,Asyut 1,"ميدان المجذوب، Al Hamraa Ath Thaneyah, Asyut 1, Assiut Governorate 2073013, Egypt",882333158,landline,,20882333158,27.1774313,31.1834807,general_hospital,T2_general_hospital_unverified,,,,,general_hospital_type_only_unverified,088 2333158,882333158,scrape,scrape,1,1
CE00922,As-Salam International Hospital Assiut Branch العيادات التخصصية لمستشفي السلام الدولي بأسيوط,Assiut,قسم ثان أسيوط,"2 Al Khulafaa Al Rashedeen, El-Gomhoreya, Asyut 2, Assiut Governorate 2nd 2nd floor أ2 شارع الخلفاء الراشدين من, محافظه اسيوط, الجمهورية، قسم ثان أسيوط، محافظة أسيوط 2090271, Egypt",1092001443,mobile,,2.01092E+11,27.1918209,31.1863738,unspecified_hospital,T3_unspecified_hospital_unverified,,,,,hospital_type_only_unverified,010 92001443,1092001443,scrape,scrape,1,1
CE00923,مستشفى الانسانيه,Assiut,Asyut 1,"Mohammed Farid, Al Hamraa Ath Thaneyah, Asyut 1, Assiut Governorate 2073063, Egypt",1277209291,mobile,,2.01277E+11,27.1788197,31.1895119,unspecified_hospital,T3_unspecified_hospital_unverified,,,,,hospital_type_only_unverified,012 77209291,1277209291,scrape,scrape,1,1
CE00924,Police Hospital in Assiut..,Assiut,Asyut 2,"55VH+7RV, Kornish Al Ibrahimeya, Al Walideyah Al Qebleyah, Asyut 2, Assiut Governorate 2090343, Egypt",882315466,landline,,20882315466,27.1932279,31.1795425,unspecified_hospital,T3_unspecified_hospital_unverified,,,,,hospital_type_only_unverified,088 2315466,882315466,scrape,scrape,1,1
CE00925,مستشفى دار الصفوة,Assiut,Asyut 1,"23 Youlio 23, Al Hamraa Ath Thaneyah, Asyut 1, Assiut Governorate 2073020, Egypt",1019999216,mobile,,2.0102E+11,27.1777423,31.1833601,unspecified_hospital,T3_unspecified_hospital_unverified,,,,,hospital_type_only_unverified,010 19999216,1019999216,scrape,scrape,1,1
CE00928,Students Hospital of Asyut University,Assiut,Asyut 1,"55P7+R4C, Besery Way, Asyut 1, Assiut Governorate 2074020, Egypt",,,,,27.1870582,31.1627625,general_hospital,T2_general_hospital_unverified,,,,,general_hospital_type_only_unverified,,,scrape,scrape,1,1
CE00929,Women's Health Hospital,Assiut,Asyut 2,"Besery Way, Al Walideyah Al Qebleyah, Asyut 2, Assiut Governorate 2074020, Egypt",,,,,27.1862443,31.1660758,maternity_hospital,T1_maternity_hospital,,,,,maternal_terms_in_name,,,scrape,scrape,1,1
CE00930,Sadr hospital in Assiut,Assiut,Asyut 2,"55VG+VJH, Al Ibrahimeya, Al Walideyah Al Westaneyah, Asyut 2, Assiut Governorate 2091001, Egypt",882148192,landline,,20882148192,27.1946909,31.1766022,unspecified_hospital,T3_unspecified_hospital_unverified,,,,,hospital_type_only_unverified,088 2148192,882148192,scrape,scrape,1,1
CE00931,Hikmah hospital,Assiut,Asyut 1,"55JP+6X4, Ismail Al Kabani, Al Hamraa Ath Thaneyah, Asyut 1, Assiut Governorate 2073065, Egypt",1020108417,mobile,,2.0102E+11,27.1805213,31.1874631,unspecified_hospital,T3_unspecified_hospital_unverified,,,,,hospital_type_only_unverified,010 20108417,1020108417,scrape,scrape,1,1
CE00934,Assiut University Hospital,Assiut,New Asyut,"77FV+RQQ, New Asyut, Assiut Governorate 2241453, Egypt",,,,,27.2745792,31.2944943,general_hospital,T2_general_hospital_unverified,,,,,general_hospital_type_only_unverified,,,scrape,scrape,1,1
CE00935,Al rajhy hospital,Assiut,El Fateh,"55P7+QWH, Al Hamraa Ath Thaneyah, El Fateh, Assiut Governorate 2074020, Egypt",,,,,27.1869395,31.1648548,unspecified_hospital,T3_unspecified_hospital_unverified,,,,,hospital_type_only_unverified,,,scrape,scrape,1,1
CE00936,مستشفى الدكتور مراد التخصصى,Assiut,Asyut 1,"الشيخ فايق أبو المعالي، الحمراء الثانية، قسم ثان أسيوط، أسيوط،، 55HQ+6P4, Al Hamraa Ath Thaneyah, Asyut 1, Assiut Governorate 2073060, Egypt",1024588234,mobile,,2.01025E+11,27.1780163,31.1893305,unspecified_hospital,T3_unspecified_hospital_unverified,,,,,hospital_type_only_unverified,010 24588234,1024588234,scrape,scrape,1,1
CE00938,Mariam Center مركز مريم للنساء والتوليد,Assiut,Asyut 2,"55JP+PV4، شارع الشركة المصريه للاتصالات، Al Hamraa Ath Thaneyah, Asyut 2, Assiut Governorate 2090204, Egypt",1020240404,mobile,,2.0102E+11,27.1817608,31.1871916,maternity_hospital,T1_maternity_hospital,,,,,maternal_terms_in_name,010 20240404,1020240404,scrape,scrape,1,1
CE00939,مستشفى النساء والولادة والأطفال,Assiut,Asyut 2,"55HJ+RPC, Youlio Farouk Sbekn 26, Al Hamraa Ath Thaneyah, Asyut 2, Assiut Governorate 2073021, Egypt",882334022,landline,,20882334022,27.1795582,31.1817706,maternity_hospital,T1_maternity_hospital,,,,,maternal_terms_in_name,088 2334022,882334022,scrape,scrape,1,1
CE00940,مستشفى صحة اسيوط,Assiut,Asyut 1,"الحمراء الثانية، قسم ثان أسيوط،، 55GQ+24W, Al Hamraa Ath Thaneyah, Asyut 1, Assiut Governorate 2072047, Egypt",,,,,27.1751175,31.1878163,unspecified_hospital,T3_unspecified_hospital_unverified,,,,,hospital_type_only_unverified,,,scrape,scrape,1,1
CE00943,مستشفى شهوان,Assiut,El Fateh,"55HM+5WF, Al Hamraa Ath Thaneyah, El Fateh, Assiut Governorate 2073013, Egypt",,,,,27.1779306,31.1847823,unspecified_hospital,T3_unspecified_hospital_unverified,,,,,hospital_type_only_unverified,,,scrape,scrape,1,1
CE00946,Al Orman Association,Assiut,Asyut 1,"Al Hamraa Ath Thaneyah, Asyut 1, Assiut Governorate 2073013, Egypt",882146959,landline,,20882146959,27.1783117,31.1859257,unspecified_hospital,T3_unspecified_hospital_unverified,,,,,hospital_type_only_unverified,088 2146959,882146959,scrape,scrape,1,1
CE00952,مستشفى الحنان,Assiut,Asyut 1,"أحمد عبد الله، الحمراء الثانية، قسم ثان أسيوط،، 55HM+MXM, Al Hamraa Ath Thaneyah, Asyut 1, Assiut Governorate 2073023, Egypt",882334662,landline,,20882334662,27.1792017,31.1849268,unspecified_hospital,T3_unspecified_hospital_unverified,,,,,hospital_type_only_unverified,088 2334662,882334662,scrape,scrape,1,1
CE00953,مركز إنجاب للنساء و التوليد,Assiut,Asyut 2,"55GQ+V9Q, Imtedad Borai Raghib, Al Hamraa Ath Thaneyah, Asyut 2, Assiut Governorate 2073060, Egypt",882370987,landline,,20882370987,27.1772217,31.1884845,maternity_hospital,T1_maternity_hospital,,,,,maternal_terms_in_name,088 2370987,882370987,scrape,scrape,1,1
CE00954,Alhekma Hospital,Assiut,El Fateh,"55JQ+32C, Yousry Raghib Rd, Al Hamraa Ath Thaneyah, El Fateh, Assiut Governorate 2073065, Egypt",,,,,27.1801774,31.1875292,unspecified_hospital,T3_unspecified_hospital_unverified,,,,,hospital_type_only_unverified,,,scrape,scrape,1,1
CE00956,Endemic Diseases Hospital,Assiut,Asyut 1,"55GQ+238, Al Hamraa Ath Thaneyah, Asyut 1, Assiut Governorate 2072047, Egypt",,,,,27.1750297,31.1876991,unspecified_hospital,T3_unspecified_hospital_unverified,,,,,hospital_type_only_unverified,,,scrape,scrape,1,1
CE00960,سحر محمد سلطان,Assiut,Asyut 1,"أسيوط ابراج القضاء عند، هارون الرشيد، Al Hamraa Ath Thaneyah, Asyut 1, Assiut Governorate 2073013, Egypt",1044995232,mobile,,2.01045E+11,27.1783117,31.1859257,unspecified_hospital,T3_unspecified_hospital_unverified,,,,,hospital_type_only_unverified,010 44995232,1044995232,scrape,scrape,1,1
CE00961,م ملوي,Assiut,Asyut 1,"55JQ+638, Al Hamraa Al Oula, Asyut 1, Assiut Governorate 2073066, Egypt",,,,,27.1805468,31.1878173,unspecified_hospital,T3_unspecified_hospital_unverified,,,,,hospital_type_only_unverified,,,scrape,scrape,1,1
CE00974,مستشفي,Assiut,Asyut 1,"55HP+89F, Al Hamraa Ath Thaneyah, Asyut 1, Assiut Governorate 2073013, Egypt",,,,,27.1783117,31.1859257,unspecified_hospital,T3_unspecified_hospital_unverified,,,,,hospital_type_only_unverified,,,scrape,scrape,1,1
CE00975,مستشفى أسيوط الوطني,Assiut,Asyut 2,"معهد الفتيات الأزهري، الوليدية القبلية، قسم ثان أسيوط، أسيوط،، Al Walideyah Al Qebleyah, Asyut 2, Assiut Governorate 71111, Egypt",882059970,landline,,20882059970,27.1924355,31.1843066,unspecified_hospital,T3_unspecified_hospital_unverified,,,,,hospital_type_only_unverified,088 2059970,882059970,scrape,scrape,1,1
CE00976,Al-Azhar University Hospital,Assiut,Asyut 2,"6537+GJ7, Al Walideyah Al Bahreyah, Asyut 2, Assiut Governorate 2091110, Egypt",,,,,27.2037944,31.1640417,general_hospital,T2_general_hospital_unverified,,,,,general_hospital_type_only_unverified,,,scrape,scrape,1,1
CE00977,Shalaby Hospital,Assiut,Asyut 2,"Gamal Abd El-Nasir, Al Walideyah Al Qebleyah, Asyut 2, Assiut Governorate 2090330, Egypt",,,,,27.1889376,31.1809856,unspecified_hospital,T3_unspecified_hospital_unverified,,,,,hospital_type_only_unverified,,,scrape,scrape,1,1
CE00978,"Clinics University Hospital, Al-Azhar University, Assiut",Assiut,Asyut 2,"Al Walideyah Al Westaneyah, Asyut 2, Assiut Governorate 2091110, Egypt",,,,,27.1999691,31.1714139,general_hospital,T2_general_hospital_unverified,,,,,general_hospital_type_only_unverified,,,scrape,scrape,1,1
CE00979,Elwan Central Hospital,Assiut,Asyut,"54W4+H86، طريق اسيوط القاهرة السريع، Manqabad, Asyut, Assiut Governorate 2081112, Egypt",882270001,landline,,20882270001,27.1964217,31.1057686,general_hospital,T2_general_hospital_unverified,,,,,general_hospital_type_only_unverified,088 2270001,882270001,scrape,scrape,1,1
CE00980,El Reda Hospital,Assiut,Asyut,"55QH+7X6, El-Galaa, حى شرق، Asyut, Assiut Governorate 2090311, Egypt",882329522,landline,,20882329522,27.18817,31.179875,unspecified_hospital,T3_unspecified_hospital_unverified,,,,private_or_unclassified_hospital,hospital_type_only_unverified,088 2329522,882329522,scrape | registry,scrape | registry,2,2
CE00982,مستشفى أبنوب العام,Assiut,Abnub,"7574+V88، Unnamed Road، Abnub, Assiut Governorate 2251532, Egypt",,,,,27.2646658,31.1558358,general_hospital,T2_general_hospital_unverified,,,,,general_hospital_type_only_unverified,,,scrape,scrape,1,1
CE00984,مستشفى الرحاب التخصصى,Assiut,Asyut 2,"Al Ibrahimeya, Al Walideyah Al Westaneyah, Asyut 2, Assiut Governorate 2091002, Egypt",882148426,landline,,20882148426,27.1966394,31.1751249,unspecified_hospital,T3_unspecified_hospital_unverified,,,,,hospital_type_only_unverified,088 2148426,882148426,scrape,scrape,1,1
CE00985,مستشفى الرحاب التخصصى 2,Assiut,Asyut 1,"البيسرى بعد قسم المطافى، Al Walideyah Al Qebleyah, Asyut 1, Assiut Governorate 2072350, Egypt",1099941905,mobile,,2.011E+11,27.1811755,31.1688431,unspecified_hospital,T3_unspecified_hospital_unverified,,,,,hospital_type_only_unverified,010 99941905,1099941905,scrape,scrape,1,1
CE00991,مستشفى أبنوب المركزي بالمسح,Assiut,Abnub,"74JR+GRX, Abnub, Assiut Governorate 2251872, Egypt",,,,,27.2813695,31.1421178,general_hospital,T2_general_hospital_unverified,,,,,general_hospital_type_only_unverified,,,scrape,scrape,1,1
CE00992,Abo-Teeg Model Hospital,Assiut,Abu Tig,"Abu Tig, Assiut Governorate 2043046, Egypt",,,,,27.0533778,31.315438,unspecified_hospital,T3_unspecified_hospital_unverified,,,,,hospital_type_only_unverified,,,scrape,scrape,1,1
CE00993,مستشفى واحة الشفاء التخصصى,Assiut,Abu Tig,"28X9+J4V, El-Mosheer Ahmed Ismail, Abu Tig, Assiut Governorate 2043050, Egypt",,,,,27.0491076,31.3177918,unspecified_hospital,T3_unspecified_hospital_unverified,,,,,hospital_type_only_unverified,,,scrape,scrape,1,1
CE00994,Sahel Selim Central Hospital,Assiut,Sahel Selim,"ش 23 يوليو, Sahel Selim, Assiut Governorate 2222141, Egypt",882630777,landline,,20882630777,27.0642489,31.3504608,general_hospital,T2_general_hospital_unverified,,,,,general_hospital_type_only_unverified,088 2630777,882630777,scrape,scrape,1,1
CE00995,مستشفى ابوخرص العام,Assiut,Abu Tig,"2722+M7C, Abu Khars, Abu Tig, Assiut Governorate 2050062, Egypt",,,,,27.0016882,31.2506391,general_hospital,T2_general_hospital_unverified,,,,,general_hospital_type_only_unverified,,,scrape,scrape,1,1
CE00996,مستشفى مجمع الهلال الطبي,Assiut,Sahel Selim,"388V+458, Sahel Selim, Assiut Governorate 2221164, Egypt",,,,,27.065281,31.3429651,unspecified_hospital,T3_unspecified_hospital_unverified,,,,,hospital_type_only_unverified,,,scrape,scrape,1,1
CE00997,ALGHANIM-ASUTE,Assiut,Abu Tig,"3838+46R, Abu Tig, Assiut Governorate 2043046, Egypt",,,,,27.053333,31.315311,unspecified_hospital,T3_unspecified_hospital_unverified,,,,,hospital_type_only_unverified,,,scrape,scrape,1,1
CE01000,D Hani Abo Alam,Assiut,Abu Tig,"3828+VH8, Abu Tig, Assiut Governorate 2043043, Egypt",1127972044,mobile,,2.01128E+11,27.0521574,31.3164458,unspecified_hospital,T3_unspecified_hospital_unverified,,,,,hospital_type_only_unverified,011 27972044,1127972044,scrape,scrape,1,1
CE01001,Mostfa younis,Assiut,أبو تيج,"Elmotrania, 28X8+2W7, street..abo teej،, أبو تيج، محافظة أسيوط 2041432, Egypt",,,,,27.0475453,31.3173041,unspecified_hospital,T3_unspecified_hospital_unverified,,,,,hospital_type_only_unverified,,,scrape,scrape,1,1
CE01002,مستشفى دار الشفا,Assiut,Abu Tig,"28RC+V7G, Abu Tig, Assiut Governorate 2041228, Egypt",,,,,27.0421834,31.3207071,unspecified_hospital,T3_unspecified_hospital_unverified,,,,,hospital_type_only_unverified,,,scrape,scrape,1,1
CE01003,الوحدة البيطرية بابوتيج,Assiut,Abu Tig,"مركز, Abu Tig, Assiut Governorate 2043065, Egypt",,,,,27.0556092,31.3148417,unspecified_hospital,T3_unspecified_hospital_unverified,,,,,hospital_type_only_unverified,,,scrape,scrape,1,1
CE01006,Abou Tesht Central Hospital,Assiut,قنا,"44G2+8H3، ش المستشفي، Qoseir Bakhanes, قنا، Qena Governorate 1584662, Egypt",966710605,landline,,20966710605,26.1257544,32.1014345,general_hospital,T2_general_hospital_unverified,,,,,general_hospital_type_only_unverified,096 6710605,966710605,scrape,scrape,1,1
CE01023,مستشفى دكتور محمد عبد القوي,Assiut,Dairut,"HR45+99H, El-Moalemin, Dayrout El-Shareef, Dairut, Assiut Governorate 2151840, Egypt",1023204019,mobile,,2.01023E+11,27.555945,30.8084931,unspecified_hospital,T3_unspecified_hospital_unverified,,,,,hospital_type_only_unverified,010 23204019,1023204019,scrape,scrape,1,1
CE01025,Crescent Hospital,Assiut,Dairut,"HR27+6J6, Dayrout El-Shareef, Dairut, Assiut Governorate 2157012, Egypt",,,,,27.5505388,30.8140252,unspecified_hospital,T3_unspecified_hospital_unverified,,,,,hospital_type_only_unverified,,,scrape,scrape,1,1
CE01027,مستشفى السلام التخصصي,Assiut,Dairut,"Port Saeed, Dayrout El-Shareef, Dairut, Assiut Governorate 2153042, Egypt",1019420143,mobile,,2.01019E+11,27.559626,30.809027,unspecified_hospital,T3_unspecified_hospital_unverified,,,,,hospital_type_only_unverified,010 19420143,1019420143,scrape,scrape,1,1
CE01028,مجمع جوهرة النيل الطبية,Assiut,Dairut,"HR47+J33, Abou Khater, Dayrout El-Shareef, Dairut, Assiut Governorate 2157101, Egypt",1004053575,mobile,,2.01004E+11,27.5562593,30.8124987,unspecified_hospital,T3_unspecified_hospital_unverified,,,,,hospital_type_only_unverified,010 04053575,1004053575,scrape,scrape,1,1
CE01029,مستشفي التوحيد,Assiut,Dairut,"Unnamed Road, مزينة، مركز ديروط، أسيوط،، Dayrout El-Shareef, Dairut, Assiut Governorate 2151843, Egypt",,,,,27.5550888,30.810755,unspecified_hospital,T3_unspecified_hospital_unverified,,,,,hospital_type_only_unverified,,,scrape,scrape,1,1
CE01030,مستشفى الدكتور محمد شندي,Assiut,Dairut,"تقسيم أبو جبل - شارع عثمان بن عفان ديروط، Dayrout El-Shareef, Dairut, Assiut Governorate 2157023, Egypt",1201316368,mobile,,2.01201E+11,27.5537828,30.8142506,unspecified_hospital,T3_unspecified_hospital_unverified,,,مستشفى دكتور محمد شندى,,hospital_type_only_unverified,012 01316368,1201316368,scrape,scrape,1,2
CE01032,مستشفى الامين التخصصى,Assiut,Dairut,"HR37+9MV, Dayrout El-Shareef, Dairut, Assiut Governorate 2157022, Egypt",,,,,27.5536376,30.8141405,unspecified_hospital,T3_unspecified_hospital_unverified,,,,,hospital_type_only_unverified,,,scrape,scrape,1,1
CE01034,مركز صنبو المتميز,Assiut,Dairut,"قريه، صنبو، مركز ديروط، أسيوط،، Senbo, Dairut, Assiut Governorate 2150710, Egypt",,,,,27.4921595,30.794576,general_hospital,T2_general_hospital_unverified,,,,,general_hospital_type_only_unverified,,,scrape,scrape,1,1
CE01038,مستشفي الانصار,Assiut,El Qusiya,"CQ73+PHR, El-Ansar, El Qusiya, Assiut Governorate 2133065, Egypt",,,,,27.4143571,30.7538874,general_hospital,T2_general_hospital_unverified,,,,,general_hospital_type_only_unverified,,,scrape,scrape,1,1
CE01057,Qusiya Hospital,Assiut,El Qusiya,"CRVC+5MW, El-Zayem Gamal Abd El-Nasir, Fazarah, El Qusiya, Assiut Governorate 2135705, Egypt",884750777,landline,,20884750777,27.4429866,30.8217169,unspecified_hospital,T3_unspecified_hospital_unverified,,,,,hospital_type_only_unverified,088 4750777,884750777,scrape,scrape,1,1
CE01058,Al-Aml hospital,Assiut,El Qusiya,"CRQC+R43, El-Galaa, Fazarah, El Qusiya, Assiut Governorate 2135652, Egypt",,,,,27.4395066,30.820301,unspecified_hospital,T3_unspecified_hospital_unverified,,,,,hospital_type_only_unverified,,,scrape,scrape,1,1
CE01059,مستشفي الزهور التخصصي,Assiut,El Qusiya,"شارع مهران سليم - امام مجلس مدينة القوصية القوصية، أسيوط،، El-Ansar, El Qusiya, Assiut Governorate 2132416, Egypt",1001847548,mobile,,2.01002E+11,27.3984624,30.7750493,unspecified_hospital,T3_unspecified_hospital_unverified,,,,,hospital_type_only_unverified,010 01847548,1001847548,scrape,scrape,1,1
CE01061,الشفاء,Assiut,El Qusiya,"CRQG+Q3C, El-Galaa, Fazarah, El Qusiya, Assiut Governorate 2135392, Egypt",,,,,27.4394294,30.8251467,unspecified_hospital,T3_unspecified_hospital_unverified,,,,,hospital_type_only_unverified,,,scrape,scrape,1,1
CE01062,مركز الرعاية الصحية الاولية بالقوصية,Assiut,El Qusiya,"القوصية، صنبو، مركز ديروط، أسيوط،، CRR9+9P5, Fazarah, El Qusiya, Assiut Governorate 2135654, Egypt",,,,,27.440876,30.8193497,unspecified_hospital,T3_unspecified_hospital_unverified,,,,,hospital_type_only_unverified,,,scrape,scrape,1,1
CE01064,قسم الأشعة بمستشفى القوصية المركزي,Assiut,El Qusiya,"CRVC+4MM, Al Qosayah, El Qusiya, Assiut Governorate 2135705, Egypt",,,,,27.44283,30.8216718,general_hospital,T2_general_hospital_unverified,,,,,general_hospital_type_only_unverified,,,scrape,scrape,1,1
CE01068,كشك المستشفي,Assiut,El Qusiya,"CRVC+28C, Materniti, Fazarah, El Qusiya, Assiut Governorate 2135656, Egypt",1099505438,mobile,,2.011E+11,27.4425621,30.8207565,unspecified_hospital,T3_unspecified_hospital_unverified,,,,,hospital_type_only_unverified,010 99505438,1099505438,scrape,scrape,1,1
CE01073,مستشفي ديروط المركزي,Assiut,Dairut,"HR84+6Q9, Dayrout El-Shareef, Dairut, Assiut Governorate 2153076, Egypt",,,,,27.565532,30.8069696,general_hospital,T2_general_hospital_unverified,,,,,general_hospital_type_only_unverified,,,scrape,scrape,1,1
CE01082,مستشفى الغنايم المركزي,Assiut,El Ghanayem,"V8PC+53V, Shindi, El-Ghanayem, El Ghanayem, Assiut Governorate 2021131, Egypt",,,,,26.885476,31.3201775,general_hospital,T2_general_hospital_unverified,,,,,general_hospital_type_only_unverified,,,scrape,scrape,1,1
CE01083,kom ishkaw hospital,Assiut,Tima,"RCRC+3X6, Selim, Tima, Sohag Governorate 1762602, Egypt",,,,,26.8401764,31.4223742,general_hospital,T2_general_hospital_unverified,,,,,general_hospital_type_only_unverified,,,scrape,scrape,1,1
CE01084,مستشفي بني محمد العقب,Assiut,Abnub,"73HG+MQ5, Bani Muhammadeyat, Abnub, Assiut Governorate 2253017, Egypt",,,,,27.2791418,31.0769806,unspecified_hospital,T3_unspecified_hospital_unverified,,,,,hospital_type_only_unverified,,,scrape,scrape,1,1
CE01097,Manfalout Central Hospital,Assiut,Manfalut,"8X68+6V3, Gamal Abd El-Nasir, Manfalout, Manfalut, Assiut Governorate 2125260, Egypt",884700777,landline,,20884700777,27.3105226,30.9671873,general_hospital,T2_general_hospital_unverified,,,,,general_hospital_type_only_unverified,088 4700777,884700777,scrape,scrape,1,1
CE01098,مستشفي المنيرة التخصصي,Assiut,Manfalut,"8X4C+W42, Ali Ibn Abi Taleb, Manfalout, Manfalut, Assiut Governorate 2125203, Egypt",,,,,27.3072603,30.9702742,unspecified_hospital,T3_unspecified_hospital_unverified,,,,,hospital_type_only_unverified,,,scrape,scrape,1,1
CE01099,مستشفى سراوه,Assiut,Manfalut,"شارع بيت حسن، سراوه، منفلوط، Manfalut, Assiut Governorate 2125243, Egypt",1010860003,mobile,,2.01011E+11,27.3113882,30.9714963,general_hospital,T2_general_hospital_unverified,,,,,general_hospital_type_only_unverified,010 10860003,1010860003,scrape,scrape,1,1
CE01100,مستشفى أبو النصر الخيري,Assiut,Manfalut,"8X5F+PQJ, Manfalout, Manfalut, Assiut Governorate 2125191, Egypt",884692020,landline,,20884692020,27.3093387,30.9743854,unspecified_hospital,T3_unspecified_hospital_unverified,,,,,hospital_type_only_unverified,088 4692020,884692020,scrape,scrape,1,1
CE01101,مستشفى صدفا,Assiut,Sodfa,"X97M+X89, Sodfa, Assiut Governorate 2032230, Egypt",,,,,26.9649008,31.3833491,unspecified_hospital,T3_unspecified_hospital_unverified,,,,,hospital_type_only_unverified,,,scrape,scrape,1,1
CE01104,مستشفى مصبح التخصصى,Assiut,El Badari,"شارع Mohammed Ezzat Galal, Al Badari, El Badari, Assiut Governorate 2212540, Egypt",,,,,26.9900441,31.4118807,unspecified_hospital,T3_unspecified_hospital_unverified,,,,,hospital_type_only_unverified,,,scrape,scrape,1,1
CE01107,الادارة الصحية بمركز البدارى,Assiut,El Badari,"XCV9+JF6, Kom Saeda, El Badari, Assiut Governorate 2215392, Egypt",882600433,landline,,20882600433,26.9940439,31.4186306,unspecified_hospital,T3_unspecified_hospital_unverified,,,,,hospital_type_only_unverified,088 2600433,882600433,scrape,scrape,1,1
CE01114,Al Badari,Assiut,Al Badari,"Al Badari, El Badari, Assiut Governorate, Egypt",,,,,26.9916407,31.4132987,unspecified_hospital,T3_unspecified_hospital_unverified,,,,,hospital_type_only_unverified,,,scrape,scrape,1,1
CE01116,Post Office - El Wasta Asiout,Assiut,El Badari,"XCR8+J65, Al Badari, El Badari, Assiut Governorate 2215322, Egypt",882460378,landline,,20882460378,26.9915219,31.4156161,unspecified_hospital,T3_unspecified_hospital_unverified,,,,,hospital_type_only_unverified,088 2460378,882460378,scrape,scrape,1,1
CE01136,مستشفى با قريه العزبه المستجده,Assiut,Tima,"VF43+437, Al Hasamdah, Tima, Sohag Governorate 1763481, Egypt",,,,,26.8552807,31.4526565,general_hospital,T2_general_hospital_unverified,,,,,general_hospital_type_only_unverified,,,scrape,scrape,1,1
CE01137,مستشفي ساقلتة المركزى,Assiut,Saqultah,"MM58+CH2, Unnamed Road, Saqetlah, Saqultah, Sohag Governorate 1832616, Egypt",,,,,26.6585054,31.6663815,general_hospital,T2_general_hospital_unverified,,,,,general_hospital_type_only_unverified,,,scrape,scrape,1,1
CE01138,Tahta General Hospital,Assiut,Tahta,"QFFW+HW9، احمد عنبر، Tahta, Sohag Governorate 1743246, Egypt",934772994,landline,,20934772994,26.7739223,31.4973541,general_hospital,T2_general_hospital_unverified,,,,,general_hospital_type_only_unverified,093 4772994,934772994,scrape,scrape,1,1
CE01139,مستشفي الهيشة العام,Assiut,Tima,"VCCV+6G5، Unnamed Road، Al Hama, Tima, Sohag Governorate 1763334, Egypt",,,,,26.8705173,31.4438565,general_hospital,T2_general_hospital_unverified,,,,,general_hospital_type_only_unverified,,,scrape,scrape,1,1
CE01141,Al-Rahma Hospital,Assiut,Tahta,"مستشفى الرحمة التخصصي، شارع 28 خلف جامع الانصاري، Tahta, Sohag Governorate 82621, Egypt",1025192222,mobile,,2.01025E+11,26.7765389,31.4948953,unspecified_hospital,T3_unspecified_hospital_unverified,,,,,hospital_type_only_unverified,010 25192222,1025192222,scrape,scrape,1,1
CE01142,مستشفى الصفيحة,Assiut,Tahta,"QCQ5+VWX, As Safihah, Tahta, Sohag Governorate 1751650, Egypt",,,,,26.7897277,31.4098601,general_hospital,T2_general_hospital_unverified,,,,,general_hospital_type_only_unverified,,,scrape,scrape,1,1
CE01145,Sohag University Hospitals,Sohag,Sohag 2,"المستشفى الجامعه، Sohag 2, Sohag Governorate 1684097, Egypt",934600114,landline,,20934600114,26.5671514,31.7073872,general_hospital,T2_general_hospital_unverified,,,,,general_hospital_type_only_unverified,093 4600114,934600114,scrape,scrape,1,1
CE01147,Sohag General Hospital,Sohag,Sohag 1,"ميدان العارف، GPW2+G8G، شارع المحطةا لورشة، El-Shareef, Sohag 1, Sohag Governorate 1674023, Egypt",932339797,landline,,20932339797,26.546315,31.7008128,general_hospital,T2_general_hospital_unverified,,,,,general_hospital_type_only_unverified,093 2339797,932339797,scrape,scrape,1,1
CE01148,مستشفي مصر سوهاج,Sohag,Sohag 2,"شارع مستشفي مصر, كورنيش النيل الشرقي, Sohag 2, Sohag Governorate 1684071, Egypt",1018000515,mobile,,2.01018E+11,26.5547426,31.7077724,unspecified_hospital,T3_unspecified_hospital_unverified,,,,,hospital_type_only_unverified,010 18000515,1018000515,scrape | registry,scrape,1,2
CE01149,مستشفى طيبة رويال,Sohag,Sohag 1,"Sohag Taiba Towers Road، El-Khouly, Sohag 1, Sohag Governorate 1823301, Egypt",934611001,landline,,20934611001,26.5617468,31.7199251,unspecified_hospital,T3_unspecified_hospital_unverified,,,,private_or_unclassified_hospital,hospital_type_only_unverified,093 4611001,934611001,scrape | registry,scrape | registry,2,2
CE01154,Sohag teaching hospital,Sohag,Sohag 2,"Kornish Al Nile, Al Kabsh, Sohag 2, Sohag Governorate 1670032, Egypt",,,,,26.5387704,31.7064947,general_hospital,T2_general_hospital_unverified,,,,,general_hospital_type_only_unverified,,,scrape,scrape,1,1
CE01156,Sohag Military Hospital مستشفي سوهاج العسكري,Sohag,Sohag 1,"GPP5+WFC, Sohag Bridge, Al Kabsh, Sohag 1, Sohag Governorate 1670030, Egypt",,,,,26.537307,31.7086464,unspecified_hospital,T3_unspecified_hospital_unverified,,,,,hospital_type_only_unverified,,,scrape,scrape,1,1
CE01157,مستشفى امشاج,Sohag,Sohag 2,"Qelfaw, Sohag 2, Sohag Governorate 1681068, Egypt",1029807060,mobile,,2.0103E+11,26.5709759,31.6868354,unspecified_hospital,T3_unspecified_hospital_unverified,,,,private_or_unclassified_hospital,hospital_type_only_unverified,010 29807060,1029807060,scrape | registry,scrape | registry,2,2
CE01160,Dar ElShefa Hospital,Sohag,Sohag 2,"HM4W+4MF, El-Khouly, Sohag 2, Sohag Governorate 1680039, Egypt",1099060551,mobile,,2.01099E+11,26.5553162,31.6966835,unspecified_hospital,T3_unspecified_hospital_unverified,,,,private_or_unclassified_hospital,hospital_type_only_unverified,010 99060551,1099060551,scrape | registry,scrape | registry,2,2
CE01162,مستشفي العروبة الطبي,Sohag,قسم أول سوهاج,"العروبة - أبراج رويال بلازا محمد أبو رمضان, أمام مسجـد خالد بـن الوليد, الخولي، قسم أول سوهاج، محافظة سوهاج 82511, Egypt",1011444167,mobile,,2.01011E+11,26.5554186,31.6932123,unspecified_hospital,T3_unspecified_hospital_unverified,,,,private_or_unclassified_hospital,hospital_type_only_unverified,010 11444167,1011444167,scrape | registry,scrape | registry,2,2
CE01163,Ritaj Specialized Hospital | مستشفى ريتاج التخصصي,Sohag,Sohag Al Gadida City,"بجوار خير زمان, مول ريتاج, 1 امتداد ميدان, Sohag Al Gadida City, Sohag Governorate 1642001, Egypt",1503888877,mobile,,2.01504E+11,26.4363257,31.6767274,unspecified_hospital,T3_unspecified_hospital_unverified,,,,,hospital_type_only_unverified,015 03888877,1503888877,scrape,scrape,1,1
CE01164,مستشفى راشد حمادي,Sohag,Sohag 2,"HP44+RQR, Sohag 2, Sohag Governorate 1684073, Egypt",1029988310,mobile,,2.0103E+11,26.5570159,31.7068967,unspecified_hospital,T3_unspecified_hospital_unverified,,,,private_or_unclassified_hospital,hospital_type_only_unverified,010 29988310,1029988310,scrape | registry,scrape | registry,2,2
CE01165,دار الطب - فرع سوهاج,Sohag,Sohag 2,"برج الرفاعي – الكورنيش الشرقي – أول شارع مستشفى مصر, Sohag 2, Sohag Governorate 82511, Egypt",1000778702,mobile,,2.01001E+11,26.5547055,31.7060625,unspecified_hospital,T3_unspecified_hospital_unverified,,,,clinic_or_center,hospital_type_only_unverified,010 00778702,1000778702,scrape | registry,scrape | registry,2,2
CE01169,مستشفي نور الحياة,Sohag,Al Monshaah,"FRG2+H72, Al Monshaah, Sohag Governorate 1666102, Egypt",1021077865,mobile,,2.01021E+11,26.4763791,31.8006264,unspecified_hospital,T3_unspecified_hospital_unverified,,,,private_or_unclassified_hospital,hospital_type_only_unverified,010 21077865,1021077865,scrape | registry,scrape | registry,2,2
CE01173,مستشفى الشهيد عبد المنعم رياض القديم,Sohag,Sohag 1,"HM2V+2H2, El-Khouly, Sohag 1, Sohag Governorate 1674210, Egypt",,,,,26.5500019,31.6938849,unspecified_hospital,T3_unspecified_hospital_unverified,,,,private_or_unclassified_hospital,hospital_type_only_unverified,,,scrape | registry,scrape | registry,2,2
CE01175,مستشفي جنين لجراحات النساء وعلاج العقم,Sohag,Sohag 1,"HM6W+497, Al Shareaa Al Gadid, El-Khouly, Sohag 1, Sohag Governorate 1683021, Egypt",1091616990,mobile,,2.01092E+11,26.5602886,31.6959329,maternity_hospital,T1_maternity_hospital,,,,maternity_hospital,maternal_terms_in_name,010 91616990,1091616990,scrape | registry,scrape | registry,2,2
CE01178,Rashid Hospital Pharmacy,Sohag,Sohag 1,"HP44+QPQ, El-Khouly, Sohag 1, Sohag Governorate 1684073, Egypt",,,,,26.5569723,31.7068709,unspecified_hospital,T3_unspecified_hospital_unverified,,,,,hospital_type_only_unverified,,,scrape,scrape,1,1
CE01179,مستشفي اجيال,Sohag,Sohag 1,"HM3X+C73, El-Khouly, Sohag 1, Sohag Governorate 1680036, Egypt",,,,,26.5535015,31.6981691,unspecified_hospital,T3_unspecified_hospital_unverified,,,,,hospital_type_only_unverified,,,scrape,scrape,1,1
CE01188,مركز العوضي الطبي,Sohag,Sohag 2,"جرجا بندار مرور بنجع كمالي، البياضي والقرية، قسم مدينة جرجا، جرجا، Al Kabsh, Sohag 2, Sohag Governorate 1683003, Egypt",1006334111,mobile,,2.01006E+11,26.5590737,31.6956705,unspecified_hospital,T3_unspecified_hospital_unverified,,,,clinic_or_center,hospital_type_only_unverified,010 06334111,1006334111,scrape | registry,scrape | registry,2,2
CE01191,gosam hospital,Sohag,Sohag 2,"HM7V+5MX أمام معهد الفتيات, Al Kabsh, Sohag 2, Sohag Governorate 1683023, Egypt",1121990569,mobile,,2.01122E+11,26.5629801,31.6942206,unspecified_hospital,T3_unspecified_hospital_unverified,,,,,hospital_type_only_unverified,011 21990569,1121990569,scrape,scrape,1,1
CE01194,دار سلامة عبدالله للامومة والطفولة,Sohag,قسم ثان سوهاج,"بجوار, Al Thakafah, الكبش، قسم ثان سوهاج، محافظة سوهاج 1682001, Egypt",,,,,26.5575387,31.6951239,maternity_hospital,T1_maternity_hospital,,,,,maternal_terms_in_name,,,scrape,scrape,1,1
CE01195,الهلال سكان,Sohag,مركز سوهاج,"53 الجمهورية،, قلفاو، مركز سوهاج، محافظة سوهاج 1683081, Egypt",,,,,26.5654313,31.6966371,unspecified_hospital,T3_unspecified_hospital_unverified,,,,clinic_or_center,hospital_type_only_unverified,,,scrape | registry,scrape | registry,2,2
CE01196,Regional Union For Sohag Labors Syndicates,Sohag,Sohag 2,"Al Kabsh, Sohag 2, Sohag Governorate 1683003, Egypt",932334347,landline,,20932334347,26.5590737,31.6956705,unspecified_hospital,T3_unspecified_hospital_unverified,,,,,hospital_type_only_unverified,093 2334347,932334347,scrape,scrape,1,1
CE01203,شركة الإيمان للخدمات الطبية المنزلية,Sohag,Sohag 2,"الزهراء خلف البنك الأهلي بجوار كازيون، Al Kabsh, Sohag 2, Sohag Governorate 1683003, Egypt",1030373918,mobile,,2.0103E+11,26.5590737,31.6956705,unspecified_hospital,T3_unspecified_hospital_unverified,,,,,hospital_type_only_unverified,010 30373918,1030373918,scrape,scrape,1,1
CE01205,New Sohag University Hospital,Sohag,Kharga,"Unnamed Road, Kharga, محافظة الوادي الجديد 1646081, Egypt",,,,,26.4458482,31.6670543,general_hospital,T2_general_hospital_unverified,,,,,general_hospital_type_only_unverified,,,scrape,scrape,1,1
CE01206,المستشفى العام,Sohag,Sohag 1,"HM3X+C73, El-Khouly, Sohag 1, Sohag Governorate 1680036, Egypt",,,,,26.5535015,31.6981691,general_hospital,T2_general_hospital_unverified,,,,public_general_hospital,general_hospital_type_only_unverified,,,scrape | registry,scrape | registry,2,2
CE01207,مستشفي حواء لأمراض النساء,Sohag,Sohag,"HMCP+FGG, El-Tahrir, Awlad Naseer, Sohag, Sohag Governorate 1697040, Egypt",,,,,26.5711948,31.6863238,maternity_hospital,T1_maternity_hospital,,,,,maternal_terms_in_name,,,scrape,scrape,1,1
CE01208,مركز د. شريف عوض للنساء و التوليد,Sohag,Sohag 1,"El-Khouly, Sohag 1, Sohag Governorate 1674205, Egypt",1144440070,mobile,,2.01144E+11,26.5523243,31.6914274,maternity_hospital,T1_maternity_hospital,,,,maternity_center,maternal_terms_in_name,011 44440070,1144440070,scrape | registry,scrape | registry,2,2
CE01210,مستشفى جنات,Sohag,Sohag,"100 تقسيم الشروق - طريق بلصفورة، Saleh, Sohag, Sohag Governorate 82311, Egypt",,,,,26.5317763,31.7018262,unspecified_hospital,T3_unspecified_hospital_unverified,,,,,hospital_type_only_unverified,,,scrape,scrape,1,1
CE01211,مستشفى د.محمود فهمى منصور,Sohag,Sohag,"كوبرى المرور، Awlad Naseer, Sohag, Sohag Governorate 1694007, Egypt",932357373,landline,,20932357373,26.561709,31.6842074,unspecified_hospital,T3_unspecified_hospital_unverified,,,,private_or_unclassified_hospital,hospital_type_only_unverified,093 2357373,932357373,scrape | registry,scrape | registry,2,2
CE01212,مركز حواء للولادة والاطفال,Sohag,Sohag 2,"HMCP+997, Awlad Naseer, Sohag 2, Sohag Governorate 1681068, Egypt",,,,,26.5709216,31.6859319,maternity_hospital,T1_maternity_hospital,,,,maternity_center,maternal_terms_in_name,,,scrape | registry,scrape | registry,2,2
CE01216,مستشفى جريت توماس التخصصي الخيرى,Sohag,Sohag 1,"شارع بسطه، متفرع من شارع المحطه، El-Khouly, Sohag 1, Sohag Governorate 1674120, Egypt",1207242204,mobile,,2.01207E+11,26.5502657,31.6972367,unspecified_hospital,T3_unspecified_hospital_unverified,,,,private_or_unclassified_hospital,hospital_type_only_unverified,012 07242204,1207242204,scrape | registry,scrape | registry,2,2
CE01219,ا.د علام العديسي,Sohag,Sohag 1,"GPM2+J48, Al Moinshaa - Souhag Rd, Saleh, Sohag 1, Sohag Governorate 1672001, Egypt",1226323651,mobile,,2.01226E+11,26.534041,31.7003366,unspecified_hospital,T3_unspecified_hospital_unverified,,,,,hospital_type_only_unverified,012 26323651,1226323651,scrape,scrape,1,1
CE01220,مركز الام والجنين,Sohag,Sohag 1,"سوهاج، الكبش، قسم ثان سوهاج،، GPW2+VX5, Sohag 1, Sohag Governorate 1671006, Egypt",,,,,26.5471263,31.7024869,maternity_hospital,T1_maternity_hospital,,,,maternity_center,maternal_terms_in_source,,,scrape | registry,scrape | registry,2,2
CE01223,مستشفى الأمل,Sohag,Sohag,"HM6M+FXW, Awlad Naseer, Sohag, Sohag Governorate 1694007, Egypt",,,,,26.5613694,31.6849973,unspecified_hospital,T3_unspecified_hospital_unverified,,,,,hospital_type_only_unverified,,,scrape,scrape,1,1
CE01224,Akhmeem Central Hospital,Sohag,Akhmim,"HP6H+WXC، طريق ناصر الزراعى، Akhmim, Sohag Governorate 1821457, Egypt",932859263,landline,,20932859263,26.5623242,31.7298819,general_hospital,T2_general_hospital_unverified,,,,,general_hospital_type_only_unverified,093 2859263,932859263,scrape,scrape,1,1
CE01227,مستشفي جهينة النموذجي,Sohag,Juhaynah West,"امام مستشفي، شارع الشهداء، جهينة، Juhaynah West, Sohag Governorate 1731345, Egypt",,,,,26.6691901,31.5028564,unspecified_hospital,T3_unspecified_hospital_unverified,,,,,hospital_type_only_unverified,,,scrape,scrape,1,1
CE01229,مستشفى جهينة العام,Sohag,Juhaynah West,"MG93+M3C, Geheinah, Juhaynah West, Sohag Governorate 1731345, Egypt",,,,,26.6691821,31.5026528,general_hospital,T2_general_hospital_unverified,,,,,general_hospital_type_only_unverified,,,scrape,scrape,1,1
CE01231,Safety Hospital,Sohag,Akhmim,"HQC4+H36، الخلوه، Akhmim, Sohag Governorate 1821858, Egypt",,,,,26.5714111,31.7551299,unspecified_hospital,T3_unspecified_hospital_unverified,,,,,hospital_type_only_unverified,,,scrape,scrape,1,1
CE01232,مجمع العبيدان الطبي فرع أخميم,Sohag,مركز أخميم,"شارع حلمي الشريف - امام زاوية مفتاح, أخميم، مركز أخميم، محافظة سوهاج 82714, Egypt",1151577789,mobile,,2.01152E+11,26.5612086,31.7364044,unspecified_hospital,T3_unspecified_hospital_unverified,,,,,hospital_type_only_unverified,011 51577789,1151577789,scrape,scrape,1,1
CE01233,مستشفي الياسمين,Sohag,Akhmim,"HQ82+H98, Akhmim, Sohag Governorate 1821835, Egypt",,,,,26.5664412,31.7510583,unspecified_hospital,T3_unspecified_hospital_unverified,,,,private_or_unclassified_hospital,hospital_type_only_unverified,,,scrape | registry,scrape | registry,2,2
CE01234,Al_Khelwa Medical Unit,Sohag,Akhmim,"HQH2+735, Akhmim, Sohag Governorate 1823831, Egypt",,,,,26.5781451,31.7502399,unspecified_hospital,T3_unspecified_hospital_unverified,,,,,hospital_type_only_unverified,,,scrape,scrape,1,1
CE01235,مستشفي عبد الحليم محمود الاسلامي,Sohag,Akhmim,"HP8X+7MM, Akhmim, Sohag Governorate 1821828, Egypt",1110444775,mobile,,2.0111E+11,26.5657072,31.7491592,unspecified_hospital,T3_unspecified_hospital_unverified,,,,private_or_unclassified_hospital,hospital_type_only_unverified,011 10444775,1110444775,scrape | registry,scrape | registry,2,2
CE01236,الادارة الصحية باخميم,Sohag,Akhmim,"بجوار مستشفى المركزى, شارع ناصر الزراعي, Akhmim, Sohag Governorate 1821457, Egypt",932582036,landline,,20932582036,26.562332,31.729969,unspecified_hospital,T3_unspecified_hospital_unverified,,,,,hospital_type_only_unverified,093 2582036,932582036,scrape,scrape,1,1
CE01237,الجمعيه الخيريه الاسلاميه باخميم,Sohag,Akhmim,"HP8X+7J9، شارع العقيد، Akhmim, Sohag Governorate 1821828, Egypt",,,,,26.565658,31.7491126,unspecified_hospital,T3_unspecified_hospital_unverified,,,,,hospital_type_only_unverified,,,scrape,scrape,1,1
CE01239,مستشفى السوق,Sohag,Akhmim,"HP7X+792, Akhmim, Sohag Governorate 1821663, Egypt",,,,,26.5629896,31.7481843,unspecified_hospital,T3_unspecified_hospital_unverified,,,,,hospital_type_only_unverified,,,scrape,scrape,1,1
CE01240,مركز الشفاء الطبي للنساء والتوليد(د.دولت القاضي د. شهرت القاضي),Sohag,مركز أخميم,"الاتحاد العربي, اخميم -بحري الري بجوار السوبر جيت, HP6V+9W3، أخميم، مركز أخميم، محافظة سوهاج 1821628, Egypt",1202675864,mobile,,2.01203E+11,26.5608911,31.7447913,maternity_hospital,T1_maternity_hospital,,,,,maternal_terms_in_name,012 02675864,1202675864,scrape,scrape,1,1
CE01242,مستشفى محمد جلال ابو طالب بندر اخميم,Sohag,مركز أخميم,"HPCW+PGH، بندر، مركز أخميم، محافظة سوهاج 1823617, Egypt",,,,,26.5718013,31.7463636,unspecified_hospital,T3_unspecified_hospital_unverified,,,,,hospital_type_only_unverified,,,scrape,scrape,1,1
CE01251,مؤسسة هيمو كيور سوهاج,Sohag,Akhmim,"HP6G+VMX, Akhmim, Sohag Governorate 1821454, Egypt",,,,,26.562226,31.7267297,unspecified_hospital,T3_unspecified_hospital_unverified,,,,clinic_or_center,hospital_type_only_unverified,,,scrape | registry,scrape | registry,2,2
CE01253,صيدليات الرحمة فرع مستشفى أخميم,Sohag,Akhmim,"HP7H+5V8, Akhmim, Sohag Governorate 1823402, Egypt",,,,,26.5629173,31.7297003,unspecified_hospital,T3_unspecified_hospital_unverified,,,,,hospital_type_only_unverified,,,scrape,scrape,1,1
CE01258,مستشفى أولاد شلول,Sohag,Sohag,"GQQM+X35, Awlad Mamen, Sohag, Sohag Governorate 1696327, Egypt",,,,,26.5398833,31.7827451,unspecified_hospital,T3_unspecified_hospital_unverified,,,,private_or_unclassified_hospital,hospital_type_only_unverified,,,scrape | registry,scrape | registry,2,2
CE01266,Gerga General Hospital,Sohag,Gerga,"8VWQ+C2R، ش المستشفي، Al Bayadi WA Al Kareyah, Gerga, Sohag Governorate 82951, Egypt",934676034,landline,,20934676034,26.3461189,31.887517,general_hospital,T2_general_hospital_unverified,,,,,general_hospital_type_only_unverified,093 4676034,934676034,scrape,scrape,1,1
CE01267,مستشفي الجمعية الشرعيه,Sohag,Gerga,"8VXM+JJ5، مساكن الزراعيين، Al Bayadi WA Al Kareyah, Gerga, Sohag Governorate 1631156, Egypt",,,,,26.3489923,31.8842042,unspecified_hospital,T3_unspecified_hospital_unverified,,,,,hospital_type_only_unverified,,,scrape,scrape,1,1
CE01268,مستشفي زمزم التخصصي,Sohag,Gerga,"8VGR+7C7, شارع ابو عاصم البصري, Gerga, Sohag Governorate 1631002, Egypt",934650222,landline,,20934650222,26.3255277,31.8914112,unspecified_hospital,T3_unspecified_hospital_unverified,,,,,hospital_type_only_unverified,093 4650222,934650222,scrape,scrape,1,1
CE01269,Mecca Hospital,Sohag,Girga,"8VHP+VCR, Gerga, Girga, Sohag Governorate 1625435, Egypt",1068664448,mobile,,2.01069E+11,26.3297392,31.8860025,unspecified_hospital,T3_unspecified_hospital_unverified,,,,,hospital_type_only_unverified,010 68664448,1068664448,scrape,scrape,1,1
CE01270,Hospital Nahda Islamic Klutih,Sohag,Gerga,"8VQW+8H9, Fakhry Abdelnour Rd, Gerga, Sohag Governorate 82951, Egypt",934673827,landline,,20934673827,26.338281,31.8964835,unspecified_hospital,T3_unspecified_hospital_unverified,,,,,hospital_type_only_unverified,093 4673827,934673827,scrape,scrape,1,1
CE01271,Tiba Hospital,Sohag,Gerga,"8VWM+P4J, Al Bayadi WA Al Kareyah, Gerga, Sohag Governorate 1631148, Egypt",1155206025,mobile,,2.01155E+11,26.3468394,31.8827724,unspecified_hospital,T3_unspecified_hospital_unverified,,,,,hospital_type_only_unverified,011 55206025,1155206025,scrape,scrape,1,1
CE01272,مستشفي نورالأملnooralamalhospital,Sohag,Girga,"8VRQ+Q24, 8RQW+J4Rالبريا, Girga, Sohag Governorate 1632225, Egypt",,,,,26.3418755,31.8875679,unspecified_hospital,T3_unspecified_hospital_unverified,,,,,hospital_type_only_unverified,,,scrape,scrape,1,1
CE01273,Al-Awadi Hospital,Sohag,Girga,"نجع الدراسه، Bendar at Tbeinat, Girga, Sohag Governorate 1627540, Egypt",1006334111,mobile,,2.01006E+11,26.3622288,31.8597998,unspecified_hospital,T3_unspecified_hospital_unverified,,,,,hospital_type_only_unverified,010 06334111,1006334111,scrape,scrape,1,1
CE01274,Tribal District Hospital,Sohag,Gerga,"8VMV+36J، شارع عبدالكافي أحمد فراج، Gerga, Sohag Governorate 1632114, Egypt",,,,,26.332706,31.8930182,general_hospital,T2_general_hospital_unverified,,,,,general_hospital_type_only_unverified,,,scrape,scrape,1,1
CE01276,مستشفى الانبا مينا,Sohag,Gerga,"8VRQ+MWQ, Gerga, Sohag Governorate 1632238, Egypt",,,,,26.3417094,31.8898717,unspecified_hospital,T3_unspecified_hospital_unverified,,,,,hospital_type_only_unverified,,,scrape,scrape,1,1
CE01279,مركز رحم للنساء والتوليد د. إسلام عجاج,Sohag,Girga,"شارع نجوع بندار، Bendar at Tbeinat, Girga, Sohag Governorate 1631043, Egypt",1011791170,mobile,,2.01012E+11,26.3351318,31.8889838,maternity_hospital,T1_maternity_hospital,,,,,maternal_terms_in_name,010 11791170,1011791170,scrape,scrape,1,1
CE01280,Hospital,Sohag,Girga,"8VCR+G82, Parks Rd, Al Khelafeyah, Girga, Sohag Governorate 1625315, Egypt",,,,,26.3217976,31.8908201,unspecified_hospital,T3_unspecified_hospital_unverified,,,,,hospital_type_only_unverified,,,scrape,scrape,1,1
CE01285,Dr/kamal Ahmed Hospital,Sohag,Gerga,"8VWQ+R6G, Al Bayadi WA Al Kareyah, Gerga, Sohag Governorate 1632290, Egypt",934671666,landline,,20934671666,26.3470677,31.8880856,unspecified_hospital,T3_unspecified_hospital_unverified,,,,,hospital_type_only_unverified,093 4671666,934671666,scrape,scrape,1,1
CE01286,Dar El Hekma Incubators Center,Sohag,Gerga,"8VRR+C49, Gerga, Sohag Governorate 1632238, Egypt",1111438310,mobile,,2.01111E+11,26.3410314,31.8903484,unspecified_hospital,T3_unspecified_hospital_unverified,,,,,hospital_type_only_unverified,011 11438310,1111438310,scrape,scrape,1,1
CE01287,General Hospital Pardis,Sohag,El Balyana,"7WHW+Q9V, Al Saed Morsy Osman El Aaref Rd, Monshaat Bardis, El Balyana, Sohag Governorate 1615504, Egypt",,,,,26.2794981,31.9459312,general_hospital,T2_general_hospital_unverified,,,,,general_hospital_type_only_unverified,,,scrape,scrape,1,1
CE01288,مستشفى النجع القبلي,Sohag,Al Monshaah,"9VG7+RPH, Alkolh St, Gazirat Awlad Hamzah, Al Monshaah, Sohag Governorate 1656302, Egypt",,,,,26.3771278,31.8642994,general_hospital,T2_general_hospital_unverified,,,,,general_hospital_type_only_unverified,,,scrape,scrape,1,1
CE01292,مستشفى ال عرفات,Sohag,Al Monshaah,"9VG7+RPH, Alkolh St, Gazirat Awlad Hamzah, Al Monshaah, Sohag Governorate 1656302, Egypt",,,,,26.3772963,31.8638026,general_hospital,T2_general_hospital_unverified,,,,,general_hospital_type_only_unverified,,,scrape,scrape,1,1
CE01300,عزت كمال عجينه أخصائي نساء وتوليد,Sohag,El Balyana,"برديس، العساكرة، مركز البلينا، سوهاج،، 7WPV+HPG, Al Asakrah, El Balyana, Sohag Governorate 1616405, Egypt",1220740991,mobile,,2.01221E+11,26.2864303,31.9443317,maternity_hospital,T1_maternity_hospital,,,,,maternal_terms_in_name,012 20740991,1220740991,scrape,scrape,1,1
CE01305,مستشفى نور الحياه طهطا,Sohag,قسم طهطا,"شارع 28 امام, مركز طهطا، مدرسة علاء البنا الابتدائية، السوالم، قسم طهطا، محافظة سوهاج 1743277, Egypt",1027748467,mobile,,2.01028E+11,26.7772541,31.4961612,unspecified_hospital,T3_unspecified_hospital_unverified,,,,,hospital_type_only_unverified,010 27748467,1027748467,scrape,scrape,1,1
CE01307,مستشفى دار الشفاء بطها,Sohag,Tahta,"QG73+HQV، الجيش، As Sawalem, Tahta, Sohag Governorate 1742361, Egypt",,,,,26.7639781,31.5044228,unspecified_hospital,T3_unspecified_hospital_unverified,,,,,hospital_type_only_unverified,,,scrape,scrape,1,1
CE01310,مستشفى الحياة التخصصية,Sohag,Tahta,"El-Shaikh Zain El-deen, Tahta, Sohag Governorate 1743292, Egypt",,,,,26.7781662,31.4967733,unspecified_hospital,T3_unspecified_hospital_unverified,,,,,hospital_type_only_unverified,,,scrape,scrape,1,1
CE01314,مركز النور الطبي التخصصي,Sohag,Tahta,"QFGR+WPP, Shatourah, Tahta, Sohag Governorate 1743073, Egypt",1222386284,mobile,,2.01222E+11,26.7773444,31.4918399,unspecified_hospital,T3_unspecified_hospital_unverified,,,,,hospital_type_only_unverified,012 22386284,1222386284,scrape,scrape,1,1
CE01316,مركز الانصارى للنساء و التوليد طهطا,Sohag,Tahta,"QFGX+H38, As Sawalem, Tahta, Sohag Governorate 1743321, Egypt",,,,,26.7764148,31.4976901,maternity_hospital,T1_maternity_hospital,,,,,maternal_terms_in_name,,,scrape,scrape,1,1
CE01318,Nour eleyoon hospital,Sohag,Tahta,"Bank El-Tasleef St, Arab Bakhwag, Tahta, Sohag Governorate 1742532, Egypt",1000772008,mobile,,2.01001E+11,26.766405,31.50456,unspecified_hospital,T3_unspecified_hospital_unverified,,,,,hospital_type_only_unverified,010 00772008,1000772008,scrape,scrape,1,1
CE01329,مستشفي الصوامعة غرب العام,Sohag,Tahta,"PGRP+C3F, As Sawameah Sharq, Tahta, Sohag Governorate 1756110, Egypt",,,,,26.7410583,31.535163,general_hospital,T2_general_hospital_unverified,,,,,general_hospital_type_only_unverified,,,scrape,scrape,1,1
CE01330,مستشفى شطب العام,Sohag,Asyut,"46VQ+V73, Awlad Ibrahim, Asyut, Assiut Governorate 2063238, Egypt",,,,,27.1446264,31.2381676,general_hospital,T2_general_hospital_unverified,,,,,general_hospital_type_only_unverified,,,scrape,scrape,1,1
CE01331,General Hospital martyrs,Sohag,Aserat,"9R82+GG9, AR Rashaydah, Aserat, Sohag Governorate 1651420, Egypt",,,,,26.3662753,31.8013701,general_hospital,T2_general_hospital_unverified,,,,,general_hospital_type_only_unverified,,,scrape,scrape,1,1
CE01332,مستشفي المنشاه المركزي,Sohag,Al Monshaah,"المنشاة، المنشأة، مركز المنشأة،، Al Monshaah, Sohag Governorate 1667008, Egypt",,,,,26.4798686,31.7972907,general_hospital,T2_general_hospital_unverified,,,,,general_hospital_type_only_unverified,,,scrape,scrape,1,1
CE01333,General Hospital Masa'id,Sohag,Aserat,"9R45+X78, Al Masaeed, Aserat, Sohag Governorate 1651362, Egypt",,,,,26.3574075,31.8082124,general_hospital,T2_general_hospital_unverified,,,,,general_hospital_type_only_unverified,,,scrape,scrape,1,1
CE01334,مستشفى قرية نزة البحرية العام,Sohag,Juhaynah West,"PC8V+QW5, Nazet Al Mahazmin, Juhaynah West, Sohag Governorate 1734077, Egypt",,,,,26.7168993,31.4448687,general_hospital,T2_general_hospital_unverified,,,,,general_hospital_type_only_unverified,,,scrape,scrape,1,1
CE01335,مستشفي العسيرات العام,Sohag,Al Monshaah,"9RVF+97V, Awlad Hamza, Al Monshaah, Sohag Governorate 1656183, Egypt",,,,,26.3934882,31.8231802,general_hospital,T2_general_hospital_unverified,,,,,general_hospital_type_only_unverified,,,scrape,scrape,1,1
CE01337,مستشفى البربا العام,Sohag,Sodfa,"W92F+QWF, Al Baraya, Sodfa, Assiut Governorate 2030243, Egypt",,,,,26.9019084,31.374725,general_hospital,T2_general_hospital_unverified,,,,,general_hospital_type_only_unverified,,,scrape,scrape,1,1
CE01365,Aswan University Hospitals,Sohag,Aswan 1,"3WP5+J4W, Kasr Al Hager, Aswan 1, Aswan Governorate 1242770, Egypt",972428625,landline,,20972428625,24.0866039,32.9078433,general_hospital,T2_general_hospital_unverified,,,,,general_hospital_type_only_unverified,097 2428625,972428625,scrape,scrape,1,1
CE01366,الرعاية الصحية بساقلتة,Sohag,Saqultah,"MM58+96R, Saqetlah, Saqultah, Sohag Governorate 1832616, Egypt",,,,,26.6584885,31.6655162,unspecified_hospital,T3_unspecified_hospital_unverified,,,,,hospital_type_only_unverified,,,scrape,scrape,1,1
CE01367,مستشفى فاوجلي,Sohag,Saqultah,"مستشفى، Al Awameyah, Saqultah, Sohag Governorate 1834562, Egypt",,,,,26.6824176,31.6655029,unspecified_hospital,T3_unspecified_hospital_unverified,,,,,hospital_type_only_unverified,,,scrape,scrape,1,1
CE01368,وحدة آل زيدان الصحية,Sohag,Saqultah,"MM83+4C8, Al Awameyah, Saqultah, Sohag Governorate 1833214, Egypt",,,,,26.6652909,31.6535764,unspecified_hospital,T3_unspecified_hospital_unverified,,,,,hospital_type_only_unverified,,,scrape,scrape,1,1
CE01370,مستشفي الشيخ سعيد,Sohag,El Balyana,"7XP7+FCP, Nagoa Bardes, El Balyana, Sohag Governorate 1617636, Egypt",,,,,26.286215,31.9635932,general_hospital,T2_general_hospital_unverified,,,,,general_hospital_type_only_unverified,,,scrape,scrape,1,1
CE01384,مستشفي القط التخصصى,Sohag,El Balyana,"Al Balena, El Balyana, Sohag Governorate 1616002, Egypt",1146665600,mobile,,2.01147E+11,26.2291505,31.9983958,unspecified_hospital,T3_unspecified_hospital_unverified,,,,,hospital_type_only_unverified,011 46665600,1146665600,scrape,scrape,1,1
CE01393,مستشفي القرنة المركزي,Sohag,Al Qarna,"PJJM+C3X، شارع مستشفى، Al Qarnah, Al Qarna, Luxor Governorate 1341778, Egypt",1271843726,mobile,,2.01272E+11,25.7311125,32.6327344,general_hospital,T2_general_hospital_unverified,,,,,general_hospital_type_only_unverified,012 71843726,1271843726,scrape,scrape,1,1
CE01394,Qena University Hospital,Sohag,Qena,"5PXP+HXC, Al Hurghada - Qena, Qena, البحر الأحمر 1464090, Egypt",965337573,landline,,20965337573,26.1989488,32.737391,general_hospital,T2_general_hospital_unverified,,,,,general_hospital_type_only_unverified,096 5337573,965337573,scrape,scrape,1,1
CE01395,مستشفى الطلاب بجامعة جنوب الوادي,Sohag,Qena,"5PWR+353، شارع الجامعة الرئيسى، Qena, البحر الأحمر 1464040, Egypt",,,,,26.1951289,32.740434,general_hospital,T2_general_hospital_unverified,,,,,general_hospital_type_only_unverified,,,scrape,scrape,1,1
CE01407,El Baliana Central Hospital,Sohag,El Balyana,"6XMW+JP5، الجمهورية، Al Balena, El Balyana, Sohag Governorate 1616022, Egypt",934800301,landline,,20934800301,26.2340033,31.9968444,general_hospital,T2_general_hospital_unverified,,,,,general_hospital_type_only_unverified,093 4800301,934800301,scrape,scrape,1,1
CE01409,El-Usayrat Central Hospital,Sohag,Aserat,"Awlad Hamza, Aserat, Sohag Governorate 1656183, Egypt",1011133351,mobile,,2.01011E+11,26.3938874,31.8231099,general_hospital,T2_general_hospital_unverified,,,,,general_hospital_type_only_unverified,010 11133351,1011133351,scrape,scrape,1,1
CE01412,مستشفي النور التخصصي,Sohag,Aserat,"أولاد حمزة، مركز المنشأة، سوهاج،، Awlad Hamza, Aserat, Sohag Governorate 1656121, Egypt",1144562220,mobile,,2.01145E+11,26.3875951,31.8273514,unspecified_hospital,T3_unspecified_hospital_unverified,,,,,hospital_type_only_unverified,011 44562220,1144562220,scrape,scrape,1,1
CE01414,مستشفى الرشايده,Sohag,Aserat,"نجع الرشايدة، أولاد حمزة، مركز المنشأة،، 9RP7+268, Awlad Hamza, Aserat, Sohag Governorate 1654001, Egypt",,,,,26.3850288,31.8130931,unspecified_hospital,T3_unspecified_hospital_unverified,,,,,hospital_type_only_unverified,,,scrape,scrape,1,1
CE01415,مستشفي دار الطب الخاصة,Sohag,"مركز المنشأة،","9RVG+R37، العسيرات،، أولاد حمزة،، مركز المنشأة،، Sohag Governorate 1656362, Egypt",,,,,26.3945461,31.8251663,unspecified_hospital,T3_unspecified_hospital_unverified,,,,private_or_unclassified_hospital,hospital_type_only_unverified,,,scrape | registry,scrape | registry,2,2
CE01416,مستشفى نجع الدير بمركز العسيرات بمحافظة سوهاج,Sohag,Aserat,"العسيرات، أولاد حمزة، مركز المنشأة،، 9RVC+27H, Awlad Hamza, Aserat, Sohag Governorate 1656173, Egypt",,,,,26.3925507,31.8207369,unspecified_hospital,T3_unspecified_hospital_unverified,,,,private_or_unclassified_hospital,hospital_type_only_unverified,,,scrape | registry,scrape | registry,2,2
CE01419,مستشفى العسرات,Sohag,Al Monshaah,"9RVF+C4W, قرية, Awlad Hamza, Al Monshaah, Sohag Governorate 1656183, Egypt",464565656,landline,,20464565656,26.3936069,31.8228215,unspecified_hospital,T3_unspecified_hospital_unverified,,,,,hospital_type_only_unverified,046 4565656,464565656,scrape,scrape,1,1
CE01420,مشتشفى العسيرات نجع رضوان,Sohag,Aserat,"CR39+2WV, Awlad Hamza, Aserat, Sohag Governorate 1655125, Egypt",,,,,26.4021514,31.8196252,unspecified_hospital,T3_unspecified_hospital_unverified,,,,,hospital_type_only_unverified,,,scrape,scrape,1,1
CE01424,د علي عبدالرحمن علي,Sohag,Aserat,"القلعايه, Awlad Hamza, Aserat, Sohag Governorate 1656323, Egypt",1555758777,mobile,,2.01556E+11,26.3847505,31.8319814,unspecified_hospital,T3_unspecified_hospital_unverified,,,,,hospital_type_only_unverified,015 55758777,1555758777,scrape,scrape,1,1
CE01432,رعاية الامومة والطفولة بالمنشاة,Sohag,Al Monshaah,"FRF4+X27, Al Monshaah, Sohag Governorate 1666131, Egypt",,,,,26.4749062,31.8050511,maternity_hospital,T1_maternity_hospital,,,,,maternal_terms_in_name,,,scrape,scrape,1,1
CE01433,Light Life Center,Sohag,Al Monshaah,"FRG2+H3W, Al Monshaah, Sohag Governorate 1666102, Egypt",,,,,26.4764784,31.8001983,unspecified_hospital,T3_unspecified_hospital_unverified,,,,,hospital_type_only_unverified,,,scrape,scrape,1,1
CE01434,مركز الجمهورية الطبى,Sohag,Al Monshaah,"FQMW+62R, Al Monshaah, Sohag Governorate 1667110, Egypt",,,,,26.4831149,31.7950254,unspecified_hospital,T3_unspecified_hospital_unverified,,,,,hospital_type_only_unverified,,,scrape,scrape,1,1
CE01435,الرعاية الصحية بالمنشاة,Sohag,Al Monshaah,"FRF3+RVQ, Al Monshaah, Sohag Governorate 1666066, Egypt",,,,,26.4745843,31.8047451,unspecified_hospital,T3_unspecified_hospital_unverified,,,,,hospital_type_only_unverified,,,scrape,scrape,1,1
CE01436,مستشفي الفاروق,Sohag,Al Monshaah,"FQCR+M4C, Muhammad Siddiq Minshawi Rd, Al Bagia Bel Sheikh Youssef, Al Monshaah, Sohag Governorate 1665401, Egypt",,,,,26.471691,31.790281,general_hospital,T2_general_hospital_unverified,,,,,general_hospital_type_only_unverified,,,scrape,scrape,1,1
CE01437,مستشفى النخبه الدولى,Sohag,Al Monshaah,"FRH2+V9C, Al Monshaah, Sohag Governorate 1667422, Egypt",,,,,26.4798823,31.8006754,unspecified_hospital,T3_unspecified_hospital_unverified,,,,,hospital_type_only_unverified,,,scrape,scrape,1,1
CE01440,NBE ATM - Central facility hospital - مستشفى المنشأة المركزى,Sohag,El Munshaa,"Abdel Moneim Riad St. - The facility - Sohag ش عبد المنعم رياض, Al Moinshaa - Souhag Rd, Al Monshaah, El Munshaa, Sohag Governorate 1667008, Egypt",,,,,26.4797363,31.7970538,general_hospital,T2_general_hospital_unverified,,,,,general_hospital_type_only_unverified,,,scrape,scrape,1,1
CE01445,اسماء ياسر,Sohag,Al Monshaah,"FRH2+HVG، المستشفى، Al Monshaah, Sohag Governorate 1667415, Egypt",,,,,26.4789337,31.8021951,unspecified_hospital,T3_unspecified_hospital_unverified,,,,,hospital_type_only_unverified,,,scrape,scrape,1,1
CE01446,Alamia Exhibition Tools Health Algossry,Sohag,Al Monshaah,"FQGX+GRX, Al Monshaah, Sohag Governorate 1666102, Egypt",1210023840,mobile,,2.0121E+11,26.476358,31.7996033,unspecified_hospital,T3_unspecified_hospital_unverified,,,,,hospital_type_only_unverified,012 10023840,1210023840,scrape,scrape,1,1
CE01449,Al Minshah,Sohag,Al Minshah,"Al Minshah, Al Monshaah, Sohag Governorate, Egypt",,,,,26.4790045,31.8021647,unspecified_hospital,T3_unspecified_hospital_unverified,,,,,hospital_type_only_unverified,,,scrape,scrape,1,1
CE01450,مركز جنى للولاده د.ناصر عبدالكريم,Sohag,Al Monshaah,"Al Monshaah, Sohag Governorate 1667005, Egypt",,,,,26.4779823,31.8009846,maternity_hospital,T1_maternity_hospital,,,,,maternal_terms_in_name,,,scrape,scrape,1,1
CE01455,مركز الحسين للنساء والتوليد,Sohag,Dishna,"Madinet Dishna, Dishna, Qena Governorate 83611, Egypt",1274007379,mobile,,2.01274E+11,26.1240144,32.4606185,maternity_hospital,T1_maternity_hospital,,,,,maternal_terms_in_name,012 74007379,1274007379,scrape,scrape,1,1
CE01459,مستشفى السلام,Sohag,Dar El Salam,"73H3+2Q9, Dar El-Salam, Dar El Salam, Sohag Governorate 1815540, Egypt",1121455580,mobile,,2.01121E+11,26.2775447,32.0544988,unspecified_hospital,T3_unspecified_hospital_unverified,,,,,hospital_type_only_unverified,011 21455580,1121455580,scrape,scrape,1,1
CE01460,Nile Specialist Hospital,Sohag,Dar El Salam,"شارع عبدالسلام أبو الجود، Dar El-Salam, Dar El Salam, Sohag Governorate 1815511, Egypt",1012880812,mobile,,2.01013E+11,26.2728708,32.0514476,unspecified_hospital,T3_unspecified_hospital_unverified,,,,,hospital_type_only_unverified,010 12880812,1012880812,scrape,scrape,1,1
CE01463,مستشفي دار السلام المركزي سوهاج,Sohag,Dar El Salam,"73H5+M6F, Dar El-Salam, Dar El Salam, Sohag Governorate 1815527, Egypt",,,,,26.279193,32.0580599,general_hospital,T2_general_hospital_unverified,,,,,general_hospital_type_only_unverified,,,scrape,scrape,1,1
CE01464,مستشفى المصطفى التخصصي,Sohag,Dar El Salam,"73G4+7W5, Dar El-Salam, Dar El Salam, Sohag Governorate 1815462, Egypt",1007918856,mobile,,2.01008E+11,26.2756399,32.0573675,unspecified_hospital,T3_unspecified_hospital_unverified,,,,,hospital_type_only_unverified,010 07918856,1007918856,scrape,scrape,1,1
CE01465,الادارة الصحية بدار السلام,Sohag,Dar El Salam,"73H4+3CV, Dar El-Salam, Dar El Salam, Sohag Governorate 1815526, Egypt",1007055459,mobile,,2.01007E+11,26.2777449,32.0560553,unspecified_hospital,T3_unspecified_hospital_unverified,,,,,hospital_type_only_unverified,010 07055459,1007055459,scrape,scrape,1,1
CE01467,مستشفى الدكتور خالد البطل,Sohag,Dar El Salam,"Magles Elmadina street, Dar El-Salam, Dar El Salam, Sohag Governorate 1815452, Egypt",934219633,landline,,20934219633,26.2754704,32.0589669,unspecified_hospital,T3_unspecified_hospital_unverified,,,,,hospital_type_only_unverified,093 4219633,934219633,scrape,scrape,1,1
CE01470,elfath medical center,Sohag,دار السلام,"Unnamed Road, دار السلام، مركز دار السلام،،, 73H4+5PF، دار السلام، محافظة سوهاج 1815526, Egypt",,,,,26.2779488,32.056806,unspecified_hospital,T3_unspecified_hospital_unverified,,,,,hospital_type_only_unverified,,,scrape,scrape,1,1
CE01475,مستشفى الشيخ مطاوع,Sohag,Dar El Salam,"62HH+P84, Awlad Salem Bahri, Dar El Salam, Sohag Governorate 1813577, Egypt",,,,,26.2292681,32.028339,unspecified_hospital,T3_unspecified_hospital_unverified,,,,,hospital_type_only_unverified,,,scrape,scrape,1,1
CE01476,مستشفي اولاديحيي بحري,Sohag,Dar El Salam,"8WCX+763، Unnamed Road، Awlad Yehya Bahri, Dar El Salam, Sohag Governorate 1816003, Egypt",,,,,26.3206367,31.9480352,unspecified_hospital,T3_unspecified_hospital_unverified,,,,,hospital_type_only_unverified,,,scrape,scrape,1,1
CE01477,مستشفى التكامل بأولاد يحيى الحاجر,Sohag,Dar El Salam,"8XJX+QW5, Al Hager Bawlad Yehya, Dar El Salam, Sohag Governorate 1818260, Egypt",1114717863,mobile,,2.01115E+11,26.3318829,31.9998584,unspecified_hospital,T3_unspecified_hospital_unverified,,,,,hospital_type_only_unverified,011 14717863,1114717863,scrape,scrape,1,1
CE01479,مستشفى اولاد خليفة,Sohag,Dar El Salam,"8X4R+FF9, Awlad Yehia Qibly, Dar El Salam, Sohag Governorate 1814711, Egypt",,,,,26.3061724,31.9912484,unspecified_hospital,T3_unspecified_hospital_unverified,,,,,hospital_type_only_unverified,,,scrape,scrape,1,1
CE01482,مستشفي اجيال بالكشح,Sohag,Dar El Salam,"63JM+CRQ, Al Kasheh, Dar El Salam, Sohag Governorate 1812806, Egypt",,,,,26.231003,32.0847212,unspecified_hospital,T3_unspecified_hospital_unverified,,,,,hospital_type_only_unverified,,,scrape,scrape,1,1
CE01484,مبنى خدمات الأنبا ابرآم بالكشح,Sohag,Dar El Salam,"63JP+HGR، طريق إبراهيم علي، Al Kasheh, Dar El Salam, Sohag Governorate 1813320, Egypt",,,,,26.2319191,32.0861713,unspecified_hospital,T3_unspecified_hospital_unverified,,,,,hospital_type_only_unverified,,,scrape,scrape,1,1
CE01486,مستشفى الدكتور خالد البطل للتوليد وأمراض النساء,Sohag,Dar El Salam,"Magles Almaniah st, Dar El-Salam, Dar El Salam, Sohag Governorate 82749, Egypt",934912633,landline,,20934912633,26.2758296,32.0590233,maternity_hospital,T1_maternity_hospital,,,,,maternal_terms_in_name,093 4912633,934912633,scrape,scrape,1,1
CE01489,مستشفي نجع الحسين,Sohag,Dar El Salam,"8X4R+FF9, Awlad Yehia Qibly, Dar El Salam, Sohag Governorate 1814711, Egypt",,,,,26.3061646,31.991246,unspecified_hospital,T3_unspecified_hospital_unverified,,,,,hospital_type_only_unverified,,,scrape,scrape,1,1
CE01492,Amarna Hospital,Sohag,El Balyana,"قريه العمارنه, مركز البلينا, سوهاج, مصر، 7XFF+4XQ, As Sahel Bahri, El Balyana, Sohag Governorate 1617431, Egypt",,,,,26.2728297,31.9749883,unspecified_hospital,T3_unspecified_hospital_unverified,,,,,hospital_type_only_unverified,,,scrape,scrape,1,1
CE01493,مستشفى البلابيش بحري,Sohag,Dar El Salam,"64C6+G97, Al Balabish Bahri, Dar El Salam, Sohag Governorate 1810262, Egypt",,,,,26.2212953,32.1109348,unspecified_hospital,T3_unspecified_hospital_unverified,,,,,hospital_type_only_unverified,,,scrape,scrape,1,1
CE01494,مركزطيبة الطبي للنساء و الجراحات,Sohag,El Balyana,"6XPX+2WR، شارع ال وساف، Al Balena, El Balyana, Sohag Governorate 1617030, Egypt",,,,,26.2351085,31.9997754,maternity_hospital,T1_maternity_hospital,,,,,maternal_terms_in_name,,,scrape,scrape,1,1
CE01496,Umrah Marine Hospital,Sohag,Abu Tesht,"4XQM+HH3, Al Omrah, Abu Tesht, Qena Governorate 1581745, Egypt",,,,,26.1388861,31.9839075,unspecified_hospital,T3_unspecified_hospital_unverified,,,,,hospital_type_only_unverified,,,scrape,scrape,1,1
CE01501,مستشفى أمومة للنساء و التوليد و الجراحة,Sohag,El Balyana,"Al Balena, El Balyana, Sohag Governorate 1616004, Egypt",1111812366,mobile,,2.01112E+11,26.2288842,31.9989116,maternity_hospital,T1_maternity_hospital,,,,,maternal_terms_in_name,011 11812366,1111812366,scrape,scrape,1,1
CE01503,د. عبدالحميد زغلول على,Sohag,Dar El Salam,"73F4+GC5, Dar El-Salam, Dar El Salam, Sohag Governorate 1815445, Egypt",1008098183,mobile,,2.01008E+11,26.2737657,32.0560953,unspecified_hospital,T3_unspecified_hospital_unverified,,,,,hospital_type_only_unverified,010 08098183,1008098183,scrape,scrape,1,1
CE01506,Qena General Hospital,Qena,Qena,"5P54+VW7, Jul 26, Qism Qena, Qena, Qena Governorate 1461230, Egypt",965334394,landline,,20965334394,26.1596562,32.707304,general_hospital,T2_general_hospital_unverified,,,,,general_hospital_type_only_unverified,096 5334394,965334394,scrape,scrape,1,1
CE01507,Qena university hospital,Qena,Qena,"5P55+HHW, Qism Qena, Qena, Qena Governorate 1461230, Egypt",,,,,26.1589842,32.7089421,general_hospital,T2_general_hospital_unverified,,,,,general_hospital_type_only_unverified,,,scrape,scrape,1,1
CE01508,Nabd hospital,Qena,Qena,"Unnamed Road، Qism Qena, Qena, Qena Governorate 1461049, Egypt",1111135557,mobile,,2.01111E+11,26.1589113,32.7267713,unspecified_hospital,T3_unspecified_hospital_unverified,,,,,hospital_type_only_unverified,011 11135557,1111135557,scrape,scrape,1,1
CE01509,مستشفي رويال التخصصي,Qena,Qena,"60M, الظهير الصحراوى لمحافظة قنا،، Qena, Red Sea Governorate 1463203, Egypt",1099575020,mobile,,2.011E+11,26.2011566,32.7368531,unspecified_hospital,T3_unspecified_hospital_unverified,,,,,hospital_type_only_unverified,010 99575020,1099575020,scrape,scrape,1,1
CE01511,The Red Crescent Hospital,Qena,Qena,"شارع Mostashfa Al Hilal, Qism Qena, Qena, Qena Governorate 1460273, Egypt",963327388,landline,,20963327388,26.1582149,32.7243501,unspecified_hospital,T3_unspecified_hospital_unverified,,,,,hospital_type_only_unverified,096 3327388,963327388,scrape,scrape,1,1
CE01512,Qena New General Hospital,Qena,Qena,"5PQJ+PMH، ش مصنع الغزل، حى شرق، Qena, Red Sea Governate 1462744, Egypt",965217558,landline,,20965217558,26.1893201,32.731735,general_hospital,T2_general_hospital_unverified,,,,,general_hospital_type_only_unverified,096 5217558,965217558,scrape,scrape,1,1
CE01514,San Mary Hospital,Qena,Qena,"قنا, حوض 10، خلف كنيسة العذراء، Qism Qena, Qena, Qena Governorate 1460123, Egypt",963330042,landline,,20963330042,26.1532835,32.7164456,unspecified_hospital,T3_unspecified_hospital_unverified,,,,,hospital_type_only_unverified,096 3330042,963330042,scrape,scrape,1,1
CE01515,مستشفى الشفاء بـ قنا,Qena,Qena,"شارع كوبري دندرة، امام، كورنيش النيل، Qism Qena, Qena, Qena Governorate 1460305, Egypt",1067770901,mobile,,2.01068E+11,26.1541094,32.7061546,unspecified_hospital,T3_unspecified_hospital_unverified,,,,,hospital_type_only_unverified,010 67770901,1067770901,scrape,scrape,1,1
CE01516,مستشفى قنا الجامعي المعبر,Qena,Qena,"23 يوليو، قسم قنا،، Qism Qena, Qena, Qena Governorate 1461230, Egypt",,,,,26.1586307,32.7101349,general_hospital,T2_general_hospital_unverified,,,,,general_hospital_type_only_unverified,,,scrape,scrape,1,1
CE01517,New Qena Hospital,Qena,New Qena,"7P2R+MQV، مديرية قنا الجديدة، New Qena, Red Sea Governorate 1466430, Egypt",,,,,26.2517361,32.741928,unspecified_hospital,T3_unspecified_hospital_unverified,,,,,hospital_type_only_unverified,,,scrape,scrape,1,1
CE01518,Nile Hospital Naqada,Qena,Naqada,"23-Jul, Madinet Naqadah, Naqada, Qena Governorate 1425206, Egypt",1225558148,mobile,,2.01226E+11,25.8982553,32.7220676,unspecified_hospital,T3_unspecified_hospital_unverified,,,,,hospital_type_only_unverified,012 25558148,1225558148,scrape,scrape,1,1
CE01519,مستشفي إرادة قنا المساكن - طب نفسي وعلاج إدمان,Qena,Qena,"مركز تدريب الكنوز التابع لشركةمياه الشرب،، Qena, Qena Governorate 1464038, Egypt",1030041118,mobile,,2.0103E+11,26.1837179,32.7530759,unspecified_hospital,T3_unspecified_hospital_unverified,,,,,hospital_type_only_unverified,010 30041118,1030041118,scrape,scrape,1,1
CE01522,مستشفي الرضي بالسوق الفوقاني,Qena,Qena,"5P69+HVW, El-Gadid Mosque, Qism Qena, Qena, Qena Governorate 1461145, Egypt",1060707381,mobile,,2.01061E+11,26.1614759,32.7197103,unspecified_hospital,T3_unspecified_hospital_unverified,,,,,hospital_type_only_unverified,010 60707381,1060707381,scrape,scrape,1,1
CE01523,مركز الرازي الطبي بقنا,Qena,Qena,"المستشارين، قسم قنا، قنا،، Qism Qena, Qena, Qena Governorate 1460341, Egypt",1016161795,mobile,,2.01016E+11,26.1567827,32.7148024,unspecified_hospital,T3_unspecified_hospital_unverified,,,,,hospital_type_only_unverified,010 16161795,1016161795,scrape,scrape,1,1
CE01524,Qena Military Hospital,Qena,Qena,"5P47+VJ3, Qism Qena, Qena, Qena Governorate 1460345, Egypt",,,,,26.1571304,32.7140487,unspecified_hospital,T3_unspecified_hospital_unverified,,,,,hospital_type_only_unverified,,,scrape,scrape,1,1
CE01525,مستشفى الرحاب,Qena,Qena,"5PC7+2VG, Qism Qena, Qena, Qena Governorate 1462502, Egypt",,,,,26.1693766,32.7151649,unspecified_hospital,T3_unspecified_hospital_unverified,,,,,hospital_type_only_unverified,,,scrape,scrape,1,1
CE01527,مستشفي الشفاء الدولى,Qena,Qena,"بجوار مستشفى الشفاء، كورنيش النيل، Qism Qena, Qena, Qena Governorate 1460305, Egypt",,,,,26.1541619,32.7061513,unspecified_hospital,T3_unspecified_hospital_unverified,,,,,hospital_type_only_unverified,,,scrape,scrape,1,1
CE01528,مستشفي الرجاء التخصصي,Qena,Qus,"WQ59+CW6، شارع المستشفى، Madinet Qaws, Qus, Qena Governorate 1432565, Egypt",,,,,25.9085308,32.7697502,unspecified_hospital,T3_unspecified_hospital_unverified,,,,,hospital_type_only_unverified,,,scrape,scrape,1,1
CE01529,مركز نيوروكير لعنايه المخ و الاعصاب بقنا,Qena,مركز قنا,"شارع كوبرى دندرة امام المستشفي بجوار بنك قناة السويس اعلي قنا سكان, 5P54+HF7، قسم قنا، مركز قنا، محافظة قنا 1461402, Egypt",1014571864,mobile,,2.01015E+11,26.1589145,32.7061828,unspecified_hospital,T3_unspecified_hospital_unverified,,,,,hospital_type_only_unverified,010 14571864,1014571864,scrape,scrape,1,1
CE01530,مستشفي قنا الجامعي بالمعبر Qina university hospita at Maabar Ash-Shabab,Qena,Qena,"5P56+H3M, Maabar Ash-Shabab, Qism Qena, Qena, Qena Governorate 1461230, Egypt",965211281,landline,,20965211281,26.1589642,32.7101693,general_hospital,T2_general_hospital_unverified,,,,,general_hospital_type_only_unverified,096 5211281,965211281,scrape,scrape,1,1
CE01531,مركز الشافعي التوليد وأمراض النساء,Qena,Qena,"Unnamed Road، Qism Qena, Qena, Qena Governorate 1461230, Egypt",1019450045,mobile,,2.01019E+11,26.1599902,32.7086219,maternity_hospital,T1_maternity_hospital,,,,,maternal_terms_in_name,010 19450045,1019450045,scrape,scrape,1,1
CE01534,Naqada Central Hospital,Qena,Naqada,"ش طراد النيل، Madinet Naqadah, Naqada, Qena Governorate 1425145, Egypt",966600440,landline,,20966600440,25.9087627,32.726387,general_hospital,T2_general_hospital_unverified,,,,,general_hospital_type_only_unverified,096 6600440,966600440,scrape,scrape,1,1
CE01537,Isra Hospital,Qena,Qift,"2R26+323, El-Gaish, Madinet Qaft, Qift, Qena Governorate 1442401, Egypt",962864085,landline,,20962864085,26.0001487,32.810044,unspecified_hospital,T3_unspecified_hospital_unverified,,,,,hospital_type_only_unverified,096 2864085,962864085,scrape,scrape,1,1
CE01538,معمل ابن سينا - فرع المستشفى العام,Qena,Qena,"5P64+6V3, Qism Qena, Qena, Qena Governorate 1461235, Egypt",1011954499,mobile,,2.01012E+11,26.1605143,32.7071809,general_hospital,T2_general_hospital_unverified,,,,,general_hospital_type_only_unverified,010 11954499,1011954499,scrape,scrape,1,1
CE01544,roayah qena,Qena,قنا,"5P58+M78, Modyryat Al AMN, قسم قنا، قنا، محافظة قنا 1461202, Egypt",1097779992,mobile,,2.01098E+11,26.1591611,32.7157168,unspecified_hospital,T3_unspecified_hospital_unverified,,,,,hospital_type_only_unverified,010 97779992,1097779992,scrape,scrape,1,1
CE01547,اللجنة الطبية العامة,Qena,Qena,"5P4F+F32, Qism Qena, Qena, Qena Governorate 1460270, Egypt",1025659411,mobile,,2.01026E+11,26.1561493,32.7226461,unspecified_hospital,T3_unspecified_hospital_unverified,,,,,hospital_type_only_unverified,010 25659411,1025659411,scrape,scrape,1,1
CE01553,مستشفى قفط التعليمي,Qena,Qena,"5P48+2CC, Qism Qena, Qena, Qena Governorate 1460334, Egypt",,,,,26.155061,32.7160121,general_hospital,T2_general_hospital_unverified,,,,,general_hospital_type_only_unverified,,,scrape,scrape,1,1
CE01555,الصفا والمروة مستلزمات طبيه,Qena,Qena,"5P65+4JP، مسجد الشباب المحمدي، Qism Qena, Qena, Qena Governorate 1461232, Egypt",1060590745,mobile,,2.01061E+11,26.1603367,32.7090906,unspecified_hospital,T3_unspecified_hospital_unverified,,,,,hospital_type_only_unverified,010 60590745,1060590745,scrape,scrape,1,1
CE01557,مستشفى المقربيه,Qena,Qus,"WQPQ+97W, Al Maqrabeyah, Qus, Qena Governorate 1433322, Egypt",,,,,25.936336,32.788006,general_hospital,T2_general_hospital_unverified,,,,,general_hospital_type_only_unverified,,,scrape,scrape,1,1
CE01560,مستشفى مرزوق عبدالوهاب المرزوقى للطوارئ والاصابات,Qena,Qena,"الكيلو 6 Al Hurghada - Qena, Qena, Qena Governorate 1464091, Egypt",1026957182,mobile,,2.01027E+11,26.1985355,32.7414056,unspecified_hospital,T3_unspecified_hospital_unverified,,,,,hospital_type_only_unverified,010 26957182,1026957182,scrape,scrape,1,1
CE01561,Hospital,Qena,Qena,"5P75+4CW, Qism Qena, Qena, Qena Governorate 1461238, Egypt",,,,,26.1628673,32.7085637,unspecified_hospital,T3_unspecified_hospital_unverified,,,,,hospital_type_only_unverified,,,scrape,scrape,1,1
CE01562,الواحد الصحية بالمنيره الحديثه الطينه,Qena,Qena,"4Q22+3WJ, At Towayrat, Qena, Qena Governorate 1451731, Egypt",,,,,26.0996813,32.7517324,general_hospital,T2_general_hospital_unverified,,,,,general_hospital_type_only_unverified,,,scrape,scrape,1,1
CE01564,Nile medical center,Qena,Luxor,"MJPM+QXG, Al Rawda Al Sharifa, street, Luxor, Luxor Governorate 85811, Egypt",1222230383,mobile,,2.01222E+11,25.6868428,32.6352293,unspecified_hospital,T3_unspecified_hospital_unverified,,,,,hospital_type_only_unverified,012 22230383,1222230383,scrape,scrape,1,1
CE01566,مستشفي التأمين الصحي بقنا,Qena,Qena,"5QP2+6X9, Qena, Qena Governorate 1464052, Egypt",1066629369,mobile,,2.01067E+11,26.1855356,32.7524812,unspecified_hospital,T3_unspecified_hospital_unverified,,,,,hospital_type_only_unverified,010 66629369,1066629369,scrape,scrape,1,1
CE01567,مستشفى الطوارئ بقنا,Qena,Qena,"5PXR+CHR, Qism Qena, Qena, Qena Governorate 1464091, Egypt",,,,,26.1986041,32.7413935,unspecified_hospital,T3_unspecified_hospital_unverified,,,,,hospital_type_only_unverified,,,scrape,scrape,1,1
CE01571,Esna Centeral Hospital,Qena,Esna,"8HP2+5CG, Ad Deir, Esna, Qena Governorate 1316330, Egypt",,,,,25.3354288,32.551084,unspecified_hospital,T3_unspecified_hospital_unverified,,,,,hospital_type_only_unverified,,,scrape,scrape,1,1
CE01572,Qeft Teaching Hospital,Qena,Qift,"Madinet Qaft, Qift, Qena Governorate 1442132, Egypt",,,,,25.9958915,32.8103059,general_hospital,T2_general_hospital_unverified,,,,,general_hospital_type_only_unverified,,,scrape,scrape,1,1
CE01575,مطعم وكافيه مستشفي قنا الجامعي,Qena,Qena,"5PXQ+F8W, Qena, البحر الأحمر 1464090, Egypt",,,,,26.1987442,32.7383368,general_hospital,T2_general_hospital_unverified,,,,,general_hospital_type_only_unverified,,,scrape,scrape,1,1
CE01577,مستشفي نجع حمادى العام,Qena,Nag Hammadi,"365H+6PX, To Naga Hamadi, Madinet Najaa Hammadi, Nag Hammadi, Qena Governorate 1554384, Egypt",,,,,26.0581072,32.2293655,general_hospital,T2_general_hospital_unverified,,,,,general_hospital_type_only_unverified,,,scrape,scrape,1,1
CE01578,Awareness of the Islamic Hospital,Qena,Nag Hammadi,"362Q+GJ6, شارع الاتوبيس, Madinet Najaa Hammadi, Nag Hammadi, Qena Governorate 1554223, Egypt",966581381,landline,,20966581381,26.0512782,32.2390192,unspecified_hospital,T3_unspecified_hospital_unverified,,,,,hospital_type_only_unverified,096 6581381,966581381,scrape,scrape,1,1
CE01579,مستشفى حورس نجع حمادى,Qena,Nag Hammadi,"26XP+8RF, Masr Aswan Al Sree, Madinet Najaa Hammadi, Nag Hammadi, Qena Governorate 1554225, Egypt",962574330,landline,,20962574330,26.0483214,32.2370351,unspecified_hospital,T3_unspecified_hospital_unverified,,,,,hospital_type_only_unverified,096 2574330,962574330,scrape,scrape,1,1
CE01581,Applied hospital,Qena,Nag Hammadi,"363V+R62, Madinet Najaa Hammadi, Nag Hammadi, Qena Governorate 1554101, Egypt",1005159057,mobile,,2.01005E+11,26.054516,32.2430126,unspecified_hospital,T3_unspecified_hospital_unverified,,,,,hospital_type_only_unverified,010 05159057,1005159057,scrape,scrape,1,1
CE01582,مستشفى دار الشفا د محمد سليم,Qena,Nag Hammadi,"362V+GC5, Madinet Najaa Hammadi, Nag Hammadi, Qena Governorate 1554040, Egypt",966580673,landline,,20966580673,26.0512666,32.2436007,unspecified_hospital,T3_unspecified_hospital_unverified,,,,,hospital_type_only_unverified,096 6580673,966580673,scrape,scrape,1,1
CE01583,مستشفى الحياة الخاصة بنجع حمادى,Qena,Nag Hammadi,"363R+65F, Madinet Najaa Hammadi, Nag Hammadi, Qena Governorate 1554230, Egypt",,,,,26.0530748,32.2404259,unspecified_hospital,T3_unspecified_hospital_unverified,,,,,hospital_type_only_unverified,,,scrape,scrape,1,1
CE01584,مستشفي السلام الخاصة بنجع حمادي,Qena,Nag Hammadi,"362R+WVM, El-Souk, Madinet Najaa Hammadi, Nag Hammadi, Qena Governorate 1554203, Egypt",,,,,26.0523472,32.2421832,unspecified_hospital,T3_unspecified_hospital_unverified,,,,,hospital_type_only_unverified,,,scrape,scrape,1,1
CE01585,مستشفي الزهور,Qena,Nag Hammadi,"Madinet Najaa Hammadi, Nag Hammadi, Qena Governorate 1546605, Egypt",,,,,26.0399236,32.2482282,unspecified_hospital,T3_unspecified_hospital_unverified,,,,,hospital_type_only_unverified,,,scrape,scrape,1,1
CE01586,التأمين الصحي نجع حمادي,Qena,Nag Hammadi,"366H+WJ9, Awlad Negm Al Qebleyah, Nag Hammadi, Qena Governorate 1554391, Egypt",1008239012,mobile,,2.01008E+11,26.0623305,32.2294075,unspecified_hospital,T3_unspecified_hospital_unverified,,,,,hospital_type_only_unverified,010 08239012,1008239012,scrape,scrape,1,1
CE01587,مركز الرضا للنساء والتوليد,Qena,نجع حمادى,"٢ شارع التحرير مدينة نجع حمادي، نجع حمادي،، التحرير، قنا،, مدينة نجع حمادي، نجع حمادى، محافظة قنا 1554201, Egypt",,,,,26.0518325,32.2437265,maternity_hospital,T1_maternity_hospital,,,,,maternal_terms_in_name,,,scrape,scrape,1,1
CE01588,Hospital Specialist Professor,Qena,Nag Hammadi,"Aswan Western Agricultural Rd, Al Gharbi Bahgourah, Nag Hammadi, Qena Governorate 1546860, Egypt",1010297418,mobile,,2.0101E+11,26.0377747,32.2247378,unspecified_hospital,T3_unspecified_hospital_unverified,,,,,hospital_type_only_unverified,010 10297418,1010297418,scrape,scrape,1,1
CE01590,كيلوباترا,Qena,Nag Hammadi,"26WV+346, Madinet Najaa Hammadi, Nag Hammadi, Qena Governorate 1554003, Egypt",,,,,26.0451551,32.2427609,unspecified_hospital,T3_unspecified_hospital_unverified,,,,,hospital_type_only_unverified,,,scrape,scrape,1,1
CE01596,مستشفى حورس,Qena,Nag Hammadi,"363M+XJX, Madinet Najaa Hammadi, Nag Hammadi, Qena Governorate 1554252, Egypt",,,,,26.0549814,32.234115,unspecified_hospital,T3_unspecified_hospital_unverified,,,,,hospital_type_only_unverified,,,scrape,scrape,1,1
CE01601,مركز الحياة للنساء والتوليد,Qena,Nag Hammadi,"26VR+QQM, اسوان, Madinet Najaa Hammadi, Nag Hammadi, Qena Governorate 1554010, Egypt",,,,,26.0444722,32.2419323,maternity_hospital,T1_maternity_hospital,,,,,maternal_terms_in_name,,,scrape,scrape,1,1
CE01607,مركزالصحه للرجال الشعه,Qena,Nag Hammadi,"26XR+G4W, El-Khalifa El-Maamoun, Madinet Najaa Hammadi, Nag Hammadi, Qena Governorate 1554056, Egypt",,,,,26.0488725,32.2403401,unspecified_hospital,T3_unspecified_hospital_unverified,,,,,hospital_type_only_unverified,,,scrape,scrape,1,1
CE01608,الوحدا الصحيه بعزية دنقل,Qena,Nag Hammadi,"37G2+467, Al Gharbi Bal Selameyah, Nag Hammadi, Qena Governorate 1552552, Egypt",,,,,26.0747754,32.250733,unspecified_hospital,T3_unspecified_hospital_unverified,,,,,hospital_type_only_unverified,,,scrape,scrape,1,1
CE01611,مركز هاميس للتوليد و أمراض النساء والمناظير و علاج العقم د.علاء حسنين - د.لجين دويدار,Qena,Luxor,"Television, Luxor City, Luxor, Luxor Governorate 1362331, Egypt",1013517332,mobile,,2.01014E+11,25.6938934,32.6402518,maternity_hospital,T1_maternity_hospital,,,,,maternal_terms_in_name,010 13517332,1013517332,scrape,scrape,1,1
CE01617,Qous Central Hospital,Qena,Qus,"Madinet Qaws, Qus, Qena Governorate 1431060, Egypt",966840522,landline,,20966840522,25.9216614,32.7518959,general_hospital,T2_general_hospital_unverified,,,,,general_hospital_type_only_unverified,096 6840522,966840522,scrape,scrape,1,1
CE01621,مركز الصفوة الطبي,Qena,Qus,"WQ58+477, Madinet Qaws, Qus, Qena Governorate 1432504, Egypt",,,,,25.9077819,32.7656625,unspecified_hospital,T3_unspecified_hospital_unverified,,,,,hospital_type_only_unverified,,,scrape,scrape,1,1
CE01622,مستشفي الراعي,Qena,Qus,"WQC3+79X, Madinet Qaws, Qus, Qena Governorate 1431061, Egypt",,,,,25.9207471,32.7534796,unspecified_hospital,T3_unspecified_hospital_unverified,,,,,hospital_type_only_unverified,,,scrape,scrape,1,1
CE01623,مستشفى طوخ المركزى,Qena,Naqada,"WPRX+927, Toukh, Naqada, Qena Governorate 1427040, Egypt",,,,,25.9409154,32.7475494,general_hospital,T2_general_hospital_unverified,,,,,general_hospital_type_only_unverified,,,scrape,scrape,1,1
CE01631,مستشفى فاو قبلي (دشنا العام),Qena,Dishna,"4C46+42C, الجسر،, Faw Qebli, Dishna, Qena Governorate 1535034, Egypt",,,,,26.1053077,32.4100254,general_hospital,T2_general_hospital_unverified,,,,,general_hospital_type_only_unverified,,,scrape,scrape,1,1
CE01632,El Qurna Central Hospital,Qena,Luxor,"Wadi Al Melok Rd, Al Qarnah, Luxor, Luxor Governorate 1341856, Egypt",952314933,landline,,20952314933,25.7324976,32.633732,general_hospital,T2_general_hospital_unverified,,,,,general_hospital_type_only_unverified,095 2314933,952314933,scrape,scrape,1,1
CE01635,مستشفى العتامين التخصصى الخيري,Qena,العمرانية,"WQF7+454، شارع علي بن ابي طالب، الكوم الأخضر، العمرانية، الجيزة 1433030, Egypt",962840296,landline,,20962840296,25.9227671,32.7629414,unspecified_hospital,T3_unspecified_hospital_unverified,,,,,hospital_type_only_unverified,096 2840296,962840296,scrape,scrape,1,1
CE01636,Kom Ombo General Hospital,Qena,Markaz Kom Ombo,"FWMX+WGJ, Cairo - Aswan Eastern Desert Rd, Nemra 7 Bahri, Markaz Kom Ombo, Aswan Governorate 1284818, Egypt",,,,,24.484838,32.9487556,general_hospital,T2_general_hospital_unverified,,,,,general_hospital_type_only_unverified,,,scrape,scrape,1,1
CE01643,Horus General Hospital,Qena,Edfu,"شارع.خلف.المستشفى، Edfu Hospital, العام، Edfu, Aswan Governorate 1293396, Egypt",974710414,landline,,20974710414,24.980561,32.8813291,general_hospital,T2_general_hospital_unverified,,,,,general_hospital_type_only_unverified,097 4710414,974710414,scrape,scrape,1,1
CE01645,Farshout Central Hospital,Qena,Farshut,"3555+X49, Port Said, Al Asirat, Farshut, Qena Governorate 1572923, Egypt",966510527,landline,,20966510527,26.0599199,32.1578727,general_hospital,T2_general_hospital_unverified,,,,,general_hospital_type_only_unverified,096 6510527,966510527,scrape,scrape,1,1
CE01648,مستشفى بهجورة,Qena,Nag Hammadi,"3658+XMQ, Bahgourah, Nag Hammadi, Qena Governorate 1555226, Egypt",,,,,26.0599737,32.2167264,unspecified_hospital,T3_unspecified_hospital_unverified,,,,,hospital_type_only_unverified,,,scrape,scrape,1,1
CE01649,الاداره الصحيه بابوتشت,Qena,Abu Tesht,"43FQ+345, Al Islah, Madinet Abu Tesht, Abu Tesht, Qena Governorate 1583196, Egypt",,,,,26.12263,32.087849,general_hospital,T2_general_hospital_unverified,,,,,general_hospital_type_only_unverified,,,scrape,scrape,1,1
CE01651,مستشفى عام نجع سعيد,Qena,Dishna,"5926+QXG, Abu Menaa Bahari, Dishna, Qena Governorate 1536335, Egypt",,,,,26.1512982,32.3622988,general_hospital,T2_general_hospital_unverified,,,,,general_hospital_type_only_unverified,,,scrape,scrape,1,1
CE01653,Hospital Salwa Bahri,Qena,Markaz Kom Ombo,"PWMQ+VPF, Markaz Kom Ombo, البحر الأحمر 1288512, Egypt",,,,,24.7346813,32.9392881,unspecified_hospital,T3_unspecified_hospital_unverified,,,,,hospital_type_only_unverified,,,scrape,scrape,1,1
CE01655,مستشفى سمهود الصحية,Qena,Abu Tesht,"42QQ+WF2, Samhoud, Abu Tesht, Qena Governorate 1582645, Egypt",,,,,26.139755,32.0386551,unspecified_hospital,T3_unspecified_hospital_unverified,,,,,hospital_type_only_unverified,,,scrape,scrape,1,1
CE01656,مستشفي البحري سمهود,Qena,Abu Tesht,"5275+5WW, Al Bahri Samhoud, Abu Tesht, Qena Governorate 1582985, Egypt",,,,,26.1629921,32.0098331,unspecified_hospital,T3_unspecified_hospital_unverified,,,,,hospital_type_only_unverified,,,scrape,scrape,1,1
CE01657,مستشفى العليمات,Qena,Abu Tesht,"5275+6QP, Al Bahri Samhoud, Abu Tesht, Qena Governorate 1582985, Egypt",1144325731,mobile,,2.01144E+11,26.163084,32.0094607,unspecified_hospital,T3_unspecified_hospital_unverified,,,,,hospital_type_only_unverified,011 44325731,1144325731,scrape,scrape,1,1
CE01658,Umrah Hospital Southern,Qena,Abu Tesht,"العمرة/ابوتشت/ قنا، 4XJQ+9CR, To Nagaa Hamadi, Abu Tesht, Qena Governorate 1581703, Egypt",,,,,26.1309863,31.988529,unspecified_hospital,T3_unspecified_hospital_unverified,,,,,hospital_type_only_unverified,,,scrape,scrape,1,1
CE01659,مستشفي الكعيمات الطبية,Qena,Abu Tesht,"32PM+WX2, Belad Al Mal Al Qebli, Abu Tesht, Qena Governorate 1580652, Egypt",,,,,26.0872503,32.0349027,unspecified_hospital,T3_unspecified_hospital_unverified,,,,,hospital_type_only_unverified,,,scrape,scrape,1,1
CE01660,مستشفي الخماخمه الدولية,Qena,Abu Tesht,"35P4+GC5, Ash Shaqeifi, Abu Tesht, Qena Governorate 1584214, Egypt",,,,,26.0866396,32.1562887,unspecified_hospital,T3_unspecified_hospital_unverified,,,,,hospital_type_only_unverified,,,scrape,scrape,1,1
CE01661,مستشفى القبلى سمهود,Qena,Abu Tesht,"43Q8+HV6, Al Qebli Samhoud, Abu Tesht, Qena Governorate 1583443, Egypt",,,,,26.1389107,32.0671318,unspecified_hospital,T3_unspecified_hospital_unverified,,,,,hospital_type_only_unverified,,,scrape,scrape,1,1
CE01663,مكتب صحه ابوتشت,Qena,Abu Tesht,"44G2+FHV, Qoseir Bakhanes, Abu Tesht, Qena Governorate 1584662, Egypt",,,,,26.1262417,32.1014325,general_hospital,T2_general_hospital_unverified,,,,,general_hospital_type_only_unverified,,,scrape,scrape,1,1
CE01665,مستشفى الدكتور عاطف خليفه السمان,Qena,Abu Tesht,"43XP+72V, Al Amireyah, Abu Tesht, Qena Governorate 1584786, Egypt",,,,,26.1482336,32.0850508,unspecified_hospital,T3_unspecified_hospital_unverified,,,,,hospital_type_only_unverified,,,scrape,scrape,1,1
CE01667,مستشفي العوامر الغربية,Qena,Abu Tesht,"424X+G7C، Unnamed Road، Al Awamer Al Gharbeyah, Abu Tesht, Qena Governorate 1582330, Egypt",,,,,26.1063113,32.0481359,unspecified_hospital,T3_unspecified_hospital_unverified,,,,,hospital_type_only_unverified,,,scrape,scrape,1,1
CE01670,مستشفى الحسينات,Qena,Abu Tesht,"447F+M4R, Al Hassanat, Abu Tesht, Qena Governorate 1584640, Egypt",,,,,26.1142257,32.1227648,unspecified_hospital,T3_unspecified_hospital_unverified,,,,,hospital_type_only_unverified,,,scrape,scrape,1,1
CE01673,وحدة كوم يعقوب الصحية,Qena,Abu Tesht,"438H+J63, Al Qebli Samhoud, Abu Tesht, Qena Governorate 1583220, Egypt",,,,,26.1165115,32.0780376,unspecified_hospital,T3_unspecified_hospital_unverified,,,,,hospital_type_only_unverified,,,scrape,scrape,1,1
CE01674,وحدة الشقيفي الصحية,Qena,Abu Tesht,"34VX+3J3, Ash Shaqeifi, Abu Tesht, Qena Governorate 1584363, Egypt",,,,,26.09265,32.1490582,unspecified_hospital,T3_unspecified_hospital_unverified,,,,,hospital_type_only_unverified,,,scrape,scrape,1,1
CE01675,مستشفى,Qena,Abu Tesht,"بجوار مدرسة النواهض الإبتدائية المشتركة ، عند شارع الأسفلت الرئيسي، Abu Tesht, Qena Governorate 1581605, Egypt",,,,,26.1104799,32.0031168,unspecified_hospital,T3_unspecified_hospital_unverified,generic_name,,,,hospital_type_only_unverified,,,scrape,scrape,1,1
CE01683,وحدة النجمة والحمران الصحية,Qena,Abu Tesht,"545J+Q4, An Negma WA Al Homran, Abu Tesht, Qena Governorate 1587267, Egypt",,,,,26.1590234,32.1308788,unspecified_hospital,T3_unspecified_hospital_unverified,,,,,hospital_type_only_unverified,,,scrape,scrape,1,1
CE01685,Alamiria,Qena,Abu Tesht,"43WQ+GVG, Nagaa Hamadi - Al Shatebeya, Al Amireyah, Abu Tesht, Qena Governorate 1586701, Egypt",,,,,26.1463129,32.0897046,unspecified_hospital,T3_unspecified_hospital_unverified,,,,,hospital_type_only_unverified,,,scrape,scrape,1,1
CE01700,Post Office - Farshout,Qena,Farshut,"Madinet Farshout, Farshut, Qena Governorate 1572645, Egypt",966510379,landline,,20966510379,26.0546495,32.1621688,unspecified_hospital,T3_unspecified_hospital_unverified,,,,,hospital_type_only_unverified,096 6510379,966510379,scrape,scrape,1,1
CE01701,مركز أبوسنان الجراحي,Qena,"فرشوط،","شارع الشهيد احمد بدوي مدينة فرشوط، فرشوط،، Madinet Farshout, فرشوط،، Qena Governorate 1572327, Egypt",1050955417,mobile,,2.01051E+11,26.051744,32.1661321,unspecified_hospital,T3_unspecified_hospital_unverified,,,,,hospital_type_only_unverified,010 50955417,1050955417,scrape,scrape,1,1
CE01702,مركز الحياه التخصصي للنساء والتوليد,Qena,Farshut,"قنا - فرشوط - شارع خور الحليمي أمام مركز، الشرطة، مدينة فرشوط، فرشوط، قنا،، 3536+XQ9, Madinet Farshout, Farshut, Qena Governorate 1572645, Egypt",962515555,landline,,20962515555,26.0549137,32.1619847,maternity_hospital,T1_maternity_hospital,,,,,maternal_terms_in_name,096 2515555,962515555,scrape,scrape,1,1
CE01704,مستشفى دشنا المركزي,Qena,Dishna,"4FCG+796, Madinet Dishna, Dishna, Qena Governorate 1530062, Egypt",966710777,landline,,20966710777,26.120874,32.4758891,general_hospital,T2_general_hospital_unverified,,,مستشفى دشنا العام,public_general_hospital,general_hospital_type_only_unverified,096-6710777,966710777,scrape | qena,scrape | qena,2,2
CE01714,Dishna,Qena,Dishna,"Dishna, Qena Governorate, Egypt",,,,,26.1495404,32.4580469,unspecified_hospital,T3_unspecified_hospital_unverified,,,,,hospital_type_only_unverified,,,scrape,scrape,1,1
CE01718,مستشفى الأقصر التخصصي Luxor Specialized Hospital,Luxor,مدينة البياضية,"مدينة البياضية، محافظة الأقصر 1362303, Egypt",,,,,25.6795119,32.6419943,unspecified_hospital,T3_unspecified_hospital_unverified,,,,,hospital_type_only_unverified,,,scrape,scrape,1,1
CE01719,مستشفى الندى الطبى التخصصى,Luxor,Luxor,"PJ5X+8M7, Al Mathan, الكباش, Luxor, Luxor Governorate 1362613, Egypt",1013795371,mobile,,2.01014E+11,25.708283,32.6491614,unspecified_hospital,T3_unspecified_hospital_unverified,,,,,hospital_type_only_unverified,010 13795371,1013795371,scrape,scrape,1,1
CE01721,مستشفى الحياه بالاقصر,Luxor,Luxor,"شارع، MJPQ+VRW كازوزا خلف مضرب الارز، Gazirat Al Awameyah, Luxor, Luxor Governorate 85951, Egypt",1103083262,mobile,,2.01103E+11,25.6872448,32.6395854,unspecified_hospital,T3_unspecified_hospital_unverified,,,,,hospital_type_only_unverified,011 03083262,1103083262,scrape,scrape,1,1
CE01723,Reaia Center For Intensive Care In Luxor,Luxor,Luxor,"MJHR+HQ8, Luxor City, Luxor, Luxor Governorate 1362302, Egypt",1060049390,mobile,,2.0106E+11,25.6789168,32.6419527,unspecified_hospital,T3_unspecified_hospital_unverified,,,,,hospital_type_only_unverified,010 60049390,1060049390,scrape,scrape,1,1
CE01726,مستشفى ادم للخصوبة,Luxor,Luxor,"MJWV+HCQ, El-Mansheya, Luxor City, Luxor, Luxor Governorate 1362417, Egypt",,,,,25.6964415,32.6435338,unspecified_hospital,T3_unspecified_hospital_unverified,,,,,hospital_type_only_unverified,,,scrape,scrape,1,1
CE01728,مجمع الاقصر الطبي الدولي,Luxor,Luxor,"شارع El-Madina El-Monawwara, Gazirat Al Awameyah, Luxor, Luxor Governorate 1362243, Egypt",,,,,25.6890228,32.6360485,unspecified_hospital,T3_unspecified_hospital_unverified,,,,,hospital_type_only_unverified,,,scrape,scrape,1,1
CE01733,ELAMEED,Luxor,Luxor,"الاقصر كورنيش النيل بجوار معديه، شرق بجوار مستشفى العام، Luxor City, Luxor, Luxor Governorate 85954, Egypt",1550414177,mobile,,2.0155E+11,25.7074036,32.6438035,unspecified_hospital,T3_unspecified_hospital_unverified,,,,,hospital_type_only_unverified,015 50414177,1550414177,scrape,scrape,1,1
CE01735,Brooke Hospital For Animals Office,Luxor,Luxor,"MMR2+MJ7, Syalt Badran, Luxor City, Luxor, Luxor Governorate 1364227, Egypt",952366549,landline,,20952366549,25.6916689,32.6515318,unspecified_hospital,T3_unspecified_hospital_unverified,,,,,hospital_type_only_unverified,095 2366549,952366549,scrape,scrape,1,1
CE01736,مركز امون للاصابات,Luxor,Luxor,"MJHR+PR5, Madinet Al Bayadeyah, Luxor, Luxor Governorate 1362302, Egypt",,,,,25.6792552,32.6421246,unspecified_hospital,T3_unspecified_hospital_unverified,,,,,hospital_type_only_unverified,,,scrape,scrape,1,1
CE01748,مركز الشفاء الحديث,Luxor,Luxor,"MJHR+CCC, Madinet Al Bayadeyah, Luxor, Luxor Governorate 1362301, Egypt",,,,,25.6785572,32.6410082,unspecified_hospital,T3_unspecified_hospital_unverified,,,,,hospital_type_only_unverified,,,scrape,scrape,1,1
CE01752,مستشفي الشفاء الأرمان,Luxor,Luxor,"MJPQ+VRW طيبه، Gazirat Al Awameyah, Luxor, Luxor Governorate 1362243, Egypt",,,,,25.6872448,32.6395855,unspecified_hospital,T3_unspecified_hospital_unverified,,,,,hospital_type_only_unverified,,,scrape,scrape,1,1
CE01759,Shifa Hospital Specialist in Esna Irrigation camp,Luxor,Esna,"-شرق، 8H57+8QP, Esna City, Esna, قنا 1320203, Egypt",952600426,landline,,20952600426,25.308336,32.5644635,unspecified_hospital,T3_unspecified_hospital_unverified,,,,,hospital_type_only_unverified,095 2600426,952600426,scrape,scrape,1,1
CE01763,مستشفي الري التخصصي,Luxor,Esna,"8H57+8QH, Khazan ASNA Al Qadeem, Ad Deir, Esna, Qena Governorate 1320203, Egypt",,,,,25.3083074,32.5644878,unspecified_hospital,T3_unspecified_hospital_unverified,,,,,hospital_type_only_unverified,,,scrape,scrape,1,1
CE01766,Medical Center Sayeda Zeinab,Luxor,Esna,"7H84+7CJ, Al Qaraya, Esna, Qena Governorate 1314725, Egypt",1119661717,mobile,,2.0112E+11,25.2657061,32.5560022,unspecified_hospital,T3_unspecified_hospital_unverified,,,,,hospital_type_only_unverified,011 19661717,1119661717,scrape,scrape,1,1
CE01770,Hospital's new integration Barment Hait,Luxor,Armant,"JGGR+4MM, El-Souk, Madinet Armant, Armant, قنا 1335031, Egypt",,,,,25.6253483,32.5416618,unspecified_hospital,T3_unspecified_hospital_unverified,,,,,hospital_type_only_unverified,,,scrape,scrape,1,1
CE01773,Tod Central Hospital,Luxor,Luxor,"HGQ4+44V, Esna Luxor, Al Odeisat, Luxor, Luxor Governorate 1350510, Egypt",,,,,25.5878707,32.5052869,general_hospital,T2_general_hospital_unverified,,,,,general_hospital_type_only_unverified,,,scrape,scrape,1,1
CE01776,مستشفي ابو الحمد,Luxor,Luxor,"HGPG+99G، مدينةابو الحمد، Al Toud City, Luxor, Luxor Governorate 1352202, Egypt",,,,,25.5859436,32.5259596,unspecified_hospital,T3_unspecified_hospital_unverified,,,,,hospital_type_only_unverified,,,scrape,scrape,1,1
CE01778,د/ رمضان ع العزيز,Luxor,Luxor,"HGQ3+CW7، بحريي بجوار، السنترال، Al Odeisat, Luxor, Luxor Governorate 1350510, Egypt",,,,,25.5885434,32.5048087,unspecified_hospital,T3_unspecified_hospital_unverified,,,,,hospital_type_only_unverified,,,scrape,scrape,1,1
CE01780,مستشفى السباعية العام تاسس 1922,Luxor,Edfu,"5MFH+WC9, As Sebaeyah Gharb, Edfu, Aswan Governorate 1292751, Egypt",,,,,25.1747998,32.6786008,general_hospital,T2_general_hospital_unverified,,,,,general_hospital_type_only_unverified,,,scrape,scrape,1,1
CE01781,معامل الاسراء - فرع قنا امام المستشفي العام,Luxor,Qena,"امام مستشفي قنا العام, شارع كوبري دندرة، Qism Qena, Qena, Qena Governorate 1461401, Egypt",1050528838,mobile,,2.01051E+11,26.1581333,32.7061785,general_hospital,T2_general_hospital_unverified,,,,,general_hospital_type_only_unverified,010 50528838,1050528838,scrape,scrape,1,1
CE01783,حديقة مستشفي العام,Luxor,Luxor,"PJ4W+XHG, Mabad Al Karnak, Karnak, Luxor, Luxor Governorate 1362610, Egypt",,,,,25.7080311,32.6461111,general_hospital,T2_general_hospital_unverified,,,,,general_hospital_type_only_unverified,,,scrape,scrape,1,1
CE01784,معامل الخضيرى - فرع المستشفى العام,Luxor,Qena,"5P64+4XR, Qism Qena, Qena, Qena Governorate 1461235, Egypt",1033011203,mobile,,2.01033E+11,26.1603571,32.7074046,general_hospital,T2_general_hospital_unverified,,,,,general_hospital_type_only_unverified,010 33011203,1033011203,scrape,scrape,1,1
CE01795,مستشفى الوادي التخصصي,Luxor,Al Qarna,"PJJM+P74، بجور المستشفى، Al Qarnah, Al Qarna, Luxor Governorate 1341855, Egypt",,,,,25.7317691,32.6332167,unspecified_hospital,T3_unspecified_hospital_unverified,,,,,hospital_type_only_unverified,,,scrape,scrape,1,1
CE01803,اسمالك المرسي,Luxor,Luxor,"بجوار مستشفى، Kornish Al Nile, Karnak, Luxor, Luxor Governorate 85951, Egypt",1500104484,mobile,,2.015E+11,25.7099557,32.6454494,unspecified_hospital,T3_unspecified_hospital_unverified,,,,,hospital_type_only_unverified,015 00104484,1500104484,scrape,scrape,1,1
CE01804,مستشفى الرضوانيه,Luxor,Luxor,"MJPQ+VRW, Gazirat Al Awameyah, Luxor, Luxor Governorate 1362243, Egypt",,,,,25.6872448,32.6395854,unspecified_hospital,T3_unspecified_hospital_unverified,,,,,hospital_type_only_unverified,,,scrape,scrape,1,1
CE01807,الوحدة البيطرية القرنة,Luxor,Al Qarna,"PJ8F+FFJ, Al Qarnah, Al Qarna, Luxor Governorate 1341723, Egypt",,,,,25.7162045,32.6236405,unspecified_hospital,T3_unspecified_hospital_unverified,,,,,hospital_type_only_unverified,,,scrape,scrape,1,1
CE01829,Aswan Specialized Hospital,Aswan,Aswan 2,"4W3G+94H, Aswan 2, Aswan Governorate 1248015, Egypt",,,,,24.1034257,32.9253676,unspecified_hospital,T3_unspecified_hospital_unverified,,,,,hospital_type_only_unverified,,,scrape,scrape,1,1
CE01831,Aswan Military Hospital,Aswan,Aswan,"3VFQ+X9Q, El-Sadat, Sheyakhah Oula, Aswan, Aswan Governorate 1240852, Egypt",972316847,landline,,20972316847,24.0749648,32.8884851,unspecified_hospital,T3_unspecified_hospital_unverified,,,,,hospital_type_only_unverified,097 2316847,972316847,scrape,scrape,1,1
CE01832,Red Crescent Hospital - Aswan,Aswan,Aswan 1,"Sheyakhah Thalethah, Aswan 1, Aswan Governorate 1242704, Egypt",1203426415,mobile,,2.01203E+11,24.0867852,32.8986347,unspecified_hospital,T3_unspecified_hospital_unverified,,,,,hospital_type_only_unverified,012 03426415,1203426415,scrape,scrape,1,1
CE01833,El-Masala Specialized Hospital,Aswan,Aswan 1,"3VGV+F72, Dr Abd Al Rady Hanafe', Sheyakhah Oula, Aswan 1, Aswan Governorate 1241771, Egypt",972302523,landline,,20972302523,24.0761296,32.8931353,unspecified_hospital,T3_unspecified_hospital_unverified,,,,,hospital_type_only_unverified,097 2302523,972302523,scrape,scrape,1,1
CE01834,"Evangelical Mission Hospital, Al-Germaniyya. مستشفى الجرمانية",Aswan,Aswan,"Kornish Al Nile, Sheyakhah Oula, Aswan, Aswan Governorate 1242601, Egypt",972450166,landline,,20972450166,24.0855436,32.8926636,unspecified_hospital,T3_unspecified_hospital_unverified,,,,,hospital_type_only_unverified,097 2450166,972450166,scrape,scrape,1,1
CE01838,مستشفى الصداقة,Aswan,Aswan 1,"الصداقه الجديده، Aswan 1, Aswan Governorate 1247423, Egypt",,,,,24.1024908,32.925039,unspecified_hospital,T3_unspecified_hospital_unverified,,,,,hospital_type_only_unverified,,,scrape,scrape,1,1
CE01841,Mubarak Hospital,Aswan,Aswan 1,"3VFQ+XC8, Sheyakhah Oula, Aswan 1, Aswan Governorate 1240852, Egypt",1125306455,mobile,,2.01125E+11,24.0749003,32.8885791,unspecified_hospital,T3_unspecified_hospital_unverified,,,,,hospital_type_only_unverified,011 25306455,1125306455,scrape,scrape,1,1
CE01842,Aswan Insurance Hospital,Aswan,Aswan,"3V7M+2QW, Sheyakhah Thaneyah, Aswan, Aswan Governorate 1241706, Egypt",,,,,24.0626237,32.8844401,unspecified_hospital,T3_unspecified_hospital_unverified,,,,,hospital_type_only_unverified,,,scrape,scrape,1,1
CE01843,Emergency Hospital - Aswan University,Aswan,اول,"3WP5+92C, Kasr Al Hager, اول, Aswan Governorate 1242770, Egypt",,,,,24.0859486,32.9075165,general_hospital,T2_general_hospital_unverified,,,,,general_hospital_type_only_unverified,,,scrape,scrape,1,1
CE01844,Aswan Medicine university,Aswan,Aswan 1,"3WP4+MV5, Aswan 1, Aswan Governorate 1242770, Egypt",,,,,24.0866403,32.9072303,general_hospital,T2_general_hospital_unverified,,,,,general_hospital_type_only_unverified,,,scrape,scrape,1,1
CE01848,مستشفي حفصه العوضي,Aswan,Aswan 2,"3WM5+CRH, Aswan 2, Aswan Governorate 1246001, Egypt",1129915753,mobile,,2.0113E+11,24.0835631,32.909595,unspecified_hospital,T3_unspecified_hospital_unverified,,,,,hospital_type_only_unverified,011 29915753,1129915753,scrape,scrape,1,1
CE01849,مستشفى التامين الصحي باسوان,Aswan,Aswan 1,"شياخة ثانية، قسم أسوان،، 3V7M+2QG, Sheyakhah Thaneyah, Aswan 1, Aswan Governorate 1241706, Egypt",,,,,24.0625539,32.8844401,unspecified_hospital,T3_unspecified_hospital_unverified,,,,,hospital_type_only_unverified,,,scrape,scrape,1,1
CE01850,Elephantine island - hospital,Aswan,Aswan 1,"3VRR+2FJ, Sheyakhah Oula, Aswan 1, Aswan Governorate 1240890, Egypt",1147791955,mobile,,2.01148E+11,24.0900941,32.8911428,unspecified_hospital,T3_unspecified_hospital_unverified,,,,,hospital_type_only_unverified,011 47791955,1147791955,scrape,scrape,1,1
CE01852,المستشفى التخصصي أسوان,Aswan,Aswan 1,"شارع كسر الحجر، Sheyakhah Thalethah, Aswan 1, Aswan Governorate 1242150, Egypt",,,,,24.0849346,32.8946955,unspecified_hospital,T3_unspecified_hospital_unverified,,,,,hospital_type_only_unverified,,,scrape,scrape,1,1
CE01858,مستشفى د عبد الحميد حامد عبيد الله,Aswan,Aswan 1,"شياخة ثالثة، قسم أسوان،، 3WV2+6Q6, Sheyakhah Thalethah, Aswan 1, Aswan Governorate 1242850, Egypt",1024400929,mobile,,2.01024E+11,24.0930279,32.9018897,unspecified_hospital,T3_unspecified_hospital_unverified,,,,,hospital_type_only_unverified,010 24400929,1024400929,scrape,scrape,1,1
CE01859,مركز الفرقان الطبى التخصصى,Aswan,Aswan,"السادات، شياخة ثانية، قسم أسوان، أسوان،، Sheyakhah Thaneyah, Aswan, Aswan Governorate 81165, Egypt",1276840215,mobile,,2.01277E+11,24.0557721,32.8824546,unspecified_hospital,T3_unspecified_hospital_unverified,,,,,hospital_type_only_unverified,012 76840215,1276840215,scrape,scrape,1,1
CE01862,مستشفي الارساليه الانجيليه,Aswan,Aswan 1,"3VPR+3RW, Dr Mohammed Yassin Alyan, Sheyakhah Oula, Aswan 1, Aswan Governorate 1242010, Egypt",,,,,24.0852489,32.8920723,unspecified_hospital,T3_unspecified_hospital_unverified,,,,,hospital_type_only_unverified,,,scrape,scrape,1,1
CE01863,مستشفى أسوان العام,Aswan,Aswan,"الصداقة الجديدة - أسوان، مستشفى أسوان العام، Aswan, Aswan Governorate 1248015, Egypt",,,,,24.1034567,32.9256292,general_hospital,T2_general_hospital_unverified,,,,,general_hospital_type_only_unverified,,,scrape,scrape,1,1
CE01864,مشرحة أسوان العام,Aswan,Aswan 1,"3WQ5+37C, Al Marawani, Aswan 1, البحر الأحمر 1242770, Egypt",,,,,24.0876922,32.9081396,general_hospital,T2_general_hospital_unverified,,,,,general_hospital_type_only_unverified,,,scrape,scrape,1,1
CE01868,Hospital Central Seven,Aswan,Edfu,"5MFH+WC9, Al Boseilah Bahri, Edfu, Aswan Governorate 1292751, Egypt",1026272525,mobile,,2.01026E+11,25.1747998,32.6786008,general_hospital,T2_general_hospital_unverified,,,,,general_hospital_type_only_unverified,010 26272525,1026272525,scrape,scrape,1,1
CE01869,مبني العيادات الخارجية مستشفي جامعة اسوان,Aswan,Aswan 1,"3WP5+V5H, Aswan 1, Aswan Governorate 1242770, Egypt",,,,,24.0871904,32.9079765,general_hospital,T2_general_hospital_unverified,,,,,general_hospital_type_only_unverified,,,scrape,scrape,1,1
CE01871,مستشفى نفرتاري | Nefertari Hospital,Aswan,Markaz Kom Ombo,"حى السبعين، Nemra 7 Bahri, Markaz Kom Ombo, Aswan Governorate 1284813, Egypt",1222742222,mobile,,2.01223E+11,24.4793122,32.95007,unspecified_hospital,T3_unspecified_hospital_unverified,,,,,hospital_type_only_unverified,012 22742222,1222742222,scrape,scrape,1,1
CE01873,مستشفى المملكه بادفو اسوان,Aswan,Edfu,"Adfo, Edfu, Aswan Governorate 1293304, Egypt",1150047271,mobile,,2.0115E+11,24.9692344,32.8741074,unspecified_hospital,T3_unspecified_hospital_unverified,,,,,hospital_type_only_unverified,011 50047271,1150047271,scrape,scrape,1,1
CE01874,مستشفى الملكه ام النور,Aswan,Edfu,"XVFG+77P, Mahmoud Ibrahim Al Mohager, Adfo, Edfu, Aswan Governorate 1293312, Egypt",1129985773,mobile,,2.0113E+11,24.9732098,32.8757139,unspecified_hospital,T3_unspecified_hospital_unverified,,,,,hospital_type_only_unverified,011 29985773,1129985773,scrape,scrape,1,1
CE01875,Unity Health Care Naga Arabs - Drau,Aswan,Draw,"CW7G+JR7, Deraw, Draw, Aswan Governorate 1265443, Egypt",,,,,24.4140427,32.9270473,unspecified_hospital,T3_unspecified_hospital_unverified,,,,,hospital_type_only_unverified,,,scrape,scrape,1,1
CE01877,NBE ATM - Daraw Central Hospital - مستشفى دراو المركزى,Aswan,Draw,"طريق أسوان الزراعي الغربي، El-Abaseya, Draw, Aswan Governorate 1265533, Egypt",,,,,24.4108346,32.9294145,general_hospital,T2_general_hospital_unverified,,,,,general_hospital_type_only_unverified,,,scrape,scrape,1,1
CE01878,وحدة الطويسة الصحية,Aswan,Draw,"9WG7+7WR, Deraw - Nagaa Al Hager, At Twaysah, Draw, Aswan Governorate 1265201, Egypt",,,,,24.3757379,32.9147589,unspecified_hospital,T3_unspecified_hospital_unverified,,,,,hospital_type_only_unverified,,,scrape,scrape,1,1
CE01880,fares hospital,Aswan,Markaz Kom Ombo,"JW63+2RQ, Markaz Kom Ombo, Aswan Governorate 1280362, Egypt",1125140657,mobile,,2.01125E+11,24.6100751,32.9045947,general_hospital,T2_general_hospital_unverified,,,,,general_hospital_type_only_unverified,011 25140657,1125140657,scrape,scrape,1,1
CE01881,مستشفى نصر النوبة المركزي,Aswan,Nasr,"G2QM+9XR, Nasr, Aswan Governorate 1274640, Egypt",,,,,24.5384813,33.03489,general_hospital,T2_general_hospital_unverified,,,,,general_hospital_type_only_unverified,,,scrape,scrape,1,1
CE01907,مستشفى النساء والتوليد والأطفال الجامعي بالمنيا,Minya,Minya,طريق كورنيش النيل - مجمع المستشفيات الجامعية,862342501,landline,,20862342501,28.111588,30.748114,maternity_hospital,T1_maternity_hospital,,,مستشفى سوزان مبارك الجامعي للنساء والأطفال | جامعة المنيا,university_maternal_hospital,maternal_terms_in_name,086-2342501,862342501,minya,minya,1,1
CE01908,مستشفى المنيا الجامعي الرئيسي,Minya,Minya,شارع كورنيش النيل - أمام مبنى المحافظة,862342502,landline,,20862342502,28.101108,30.754509,general_hospital,T2_general_hospital_unverified,,,مستشفى جامعة المنيا العام,university_general_hospital,general_hospital_type_only_unverified,086-2342502,862342502,minya,minya,1,1
CE01909,مستشفى المنيا العام,Minya,Minya,شارع الحرية - حي شمال المنيا,862363025,landline,,20862363025,28.091271,30.764313,general_hospital,T2_general_hospital_unverified,,,مستشفى المنيا الأميري,public_general_hospital,general_hospital_type_only_unverified,086-2363025,862363025,minya,minya,1,1
CE01910,مستشفى التأمين الصحي (المبرة) بالمنيا,Minya,Minya,شارع طه حسين - المنيا,862363380,landline,,20862363380,28.101108,30.754509,general_hospital,T2_general_hospital_unverified,,,مستشفى مبرة المنيا,public_general_hospital,general_hospital_type_only_unverified,086-2363380,862363380,minya,minya,1,1
CE01911,مستشفى سمالوط التخصصي,Minya,Samalut,شارع المحطة - سمالوط,863780777,landline,,20863780777,28.312,30.71,general_hospital,T2_general_hospital_unverified,,,مستشفى سمالوط النموذجي | سمالوط المركزي سابقاً,public_general_hospital,general_hospital_type_only_unverified,086-3780777,863780777,minya,minya,1,1
CE01912,مستشفى ملوي التخصصي,Minya,Mallawi,شارع المجيدي - ملوي,862612777,landline,,20862612777,27.7315,30.842,general_hospital,T2_general_hospital_unverified,,,مستشفى ملوي النموذجي | ملوي المركزي سابقاً,public_general_hospital,general_hospital_type_only_unverified,086-2612777,862612777,minya,minya,1,1
CE01913,مستشفى مغاغة المركزي,Minya,Maghagha,شارع الجمهورية - مغاغة,863550777,landline,,20863550777,28.648,30.84,general_hospital,T2_general_hospital_unverified,,,مستشفى مغاغة العام,public_general_hospital,general_hospital_type_only_unverified,086-3550777,863550777,minya,minya,1,1
CE01914,مستشفى بني مزار المركزي,Minya,Bani Mazar,شارع العاشر من رمضان - بني مزار,863820777,landline,,20863820777,28.502,30.801,general_hospital,T2_general_hospital_unverified,,,مستشفى بني مزار العام,public_general_hospital,general_hospital_type_only_unverified,086-3820777,863820777,minya,minya,1,1
CE01915,مستشفى مطاي المركزي,Minya,Matay,شارع المحطة - مطاي,863920777,landline,,20863920777,28.418,30.752,general_hospital,T2_general_hospital_unverified,,,مستشفى مطاي العام,public_general_hospital,general_hospital_type_only_unverified,086-3920777,863920777,minya,minya,1,1
CE01916,مستشفى الفكرية المركزي بأبو قرقاص,Minya,Abu Qurqas,شارع الجمهورية - الفكرية,862420777,landline,,20862420777,27.931,30.835,general_hospital,T2_general_hospital_unverified,,,مستشفى أبو قرقاص المركزي,public_general_hospital,general_hospital_type_only_unverified,086-2420777,862420777,minya,minya,1,1
CE01917,مستشفى دير مواس المركزي,Minya,Deir Mawas,شارع الجيش - دير مواس,862710777,landline,,20862710777,27.639,30.852,general_hospital,T2_general_hospital_unverified,,,مستشفى دير مواس التخصصي,public_general_hospital,general_hospital_type_only_unverified,086-2710777,862710777,minya,minya,1,1
CE01918,مستشفى العدوة المركزي,Minya,El Adwa,طريق بنك مصر - العدوة,863590777,landline,,20863590777,28.698,30.751,general_hospital,T2_general_hospital_unverified,,,مستشفى العدوة العام,public_general_hospital,general_hospital_type_only_unverified,086-3590777,863590777,minya,minya,1,1
CE01922,مستوصف الجمعية الشرعية,Minya,Minya,,,,,,28.084191,30.762435,unspecified_hospital,T3_unspecified_hospital_unverified,,,Legal Assembly Hospital,private_or_unclassified_hospital,hospital_type_only_unverified,,,minya,minya,1,1
CE01923,مستشفى المبرة,Minya,Minya,,,,,,28.096534,30.759458,general_hospital,T2_general_hospital_unverified,,,Al-Mabra Hospital,public_general_hospital,general_hospital_type_only_unverified,,,minya,minya,1,1
CE01924,مستشفى العدوة العام,Minya,Minya,,,,,,28.69543,30.774772,general_hospital,T2_general_hospital_unverified,,,,public_general_hospital,general_hospital_type_only_unverified,,,minya,minya,1,1
CE01925,مستشفي العروة الوثقي,Minya,Minya,,,,,,27.932463,30.821617,unspecified_hospital,T3_unspecified_hospital_unverified,,,,private_or_unclassified_hospital,hospital_type_only_unverified,,,minya,minya,1,1
CE01926,مستشفي الفكرية العام,Minya,Minya,,,,,,27.937202,30.823207,general_hospital,T2_general_hospital_unverified,,,,public_general_hospital,general_hospital_type_only_unverified,,,minya,minya,1,1
CE01927,الراعي الصالح,Minya,Minya,,,,,,28.319136,30.70716,unspecified_hospital,T3_unspecified_hospital_unverified,,,,private_or_unclassified_hospital,hospital_type_only_unverified,,,minya,minya,1,1
CE01928,مستشفى جامعة المنيا,Minya,Minya,,,,,,28.128345,30.739315,general_hospital,T2_general_hospital_unverified,,,Al-Minya University hospital,university_general_hospital,general_hospital_type_only_unverified,,,minya,minya,1,1
CE01931,دار ابو السعود الطبى بالشرفا,Minya,Minya,,,,,,28.116581,30.769108,unspecified_hospital,T3_unspecified_hospital_unverified,,,,private_or_unclassified_hospital,hospital_type_only_unverified,,,minya,minya,1,1
CE01933,AL DOODIA HEALTH OFFICE,Minya,Minya,,,,,,28.125911,30.746615,unspecified_hospital,T3_unspecified_hospital_unverified,,,,private_or_unclassified_hospital,hospital_type_only_unverified,,,minya,minya,1,1
CE01934,مستشفى صحة المرأة وقسم النساء والتوليد الجامعي بقنا,Qena,Qena,مجمع المستشفيات الجامعية - الحرم الجامعي بقنا,965211282,landline,,20965211282,26.196,32.749,maternity_hospital,T1_maternity_hospital,,,مستشفى صحة المرأة - جامعة جنوب الوادي,university_maternal_hospital,maternal_terms_in_name,096-5211282,965211282,qena,qena,1,1
CE01935,مستشفيات جامعة جنوب الوادي الرئيسية بقنا,Qena,Qena,طريق قنا سفاجا - الكيلو 6,965211281,landline,,20965211281,26.195,32.748,general_hospital,T2_general_hospital_unverified,,,المستشفى الجامعي بقنا - جنوب الوادي,university_general_hospital,general_hospital_type_only_unverified,096-5211281,965211281,qena,qena,1,1
CE01936,مستشفى قنا العام,Qena,Qena,شارع الهلال الأحمر - مدينة العمال,965332300,landline,,20965332300,26.15909,32.70725,general_hospital,T2_general_hospital_unverified,,,مستشفى قنا الأميري,public_general_hospital,general_hospital_type_only_unverified,096-5332300,965332300,qena,qena,1,1
CE01937,مستشفى التأمين الصحي بقنا,Qena,Qena,شارع مصطفى كامل - قنا,965324110,landline,,20965324110,26.165,32.718,general_hospital,T2_general_hospital_unverified,,,التأمين الصحي - فرع قنا,public_general_hospital,general_hospital_type_only_unverified,096-5324110,965324110,qena,qena,1,1
CE01938,مستشفى نجع حمادي العام,Qena,Nag Hammadi,شارع 30 مارس - بهجورة نجع حمادي,966580777,landline,,20966580777,26.048,32.242,general_hospital,T2_general_hospital_unverified,,,مستشفى نجع حمادي المركزي,public_general_hospital,general_hospital_type_only_unverified,096-6580777,966580777,qena,qena,1,1
CE01939,مستشفى قوص المركزي,Qena,Qus,شارع الجمهورية - قوص,966830777,landline,,20966830777,25.921705,32.751562,general_hospital,T2_general_hospital_unverified,,,مستشفى قوص العام,public_general_hospital,general_hospital_type_only_unverified,096-6830777,966830777,qena,qena,1,1
CE01940,مستشفى أبو تشت المركزي,Qena,Abu Tesht,شارع المحطة - أبو تشت,966910777,landline,,20966910777,26.125751,32.101516,general_hospital,T2_general_hospital_unverified,,,مستشفى أبو تشت العام,public_general_hospital,general_hospital_type_only_unverified,096-6910777,966910777,qena,qena,1,1
CE01941,مستشفى فرشوط المركزي,Qena,Farshut,شارع أحمد عرابي - فرشوط,966960777,landline,,20966960777,26.058,32.151,general_hospital,T2_general_hospital_unverified,,,مستشفى فرشوط العام,public_general_hospital,general_hospital_type_only_unverified,096-6960777,966960777,qena,qena,1,1
CE01942,مستشفى الوقف المركزي,Qena,El Waqf,شارع الجمهورية - الوقف,966750777,landline,,20966750777,26.108,32.411,general_hospital,T2_general_hospital_unverified,,,مستشفى الوقف,public_general_hospital,general_hospital_type_only_unverified,096-6750777,966750777,qena,qena,1,1
CE01943,مستشفى نقادة المركزي,Qena,Naqada,شارع المحطة - نقادة,966850777,landline,,20966850777,25.908,32.711,general_hospital,T2_general_hospital_unverified,,,مستشفى نقادة العام,public_general_hospital,general_hospital_type_only_unverified,096-6850777,966850777,qena,qena,1,1
CE01947,د.نبيل صابر,Sohag,Girga,"Girga, Sohag",,,,,26.33241606,31.89119433,unspecified_hospital,T3_unspecified_hospital_unverified,,,,clinic_or_center,hospital_type_only_unverified,,,registry | qena,registry | qena,2,2
CE01950,مستشفي النيل نقادة,Qena,Qena,شارع 23 يوليو,,,,,25.898428,32.721957,unspecified_hospital,T3_unspecified_hospital_unverified,,,,private_or_unclassified_hospital,hospital_type_only_unverified,,,qena,qena,1,1
CE01951,Luxor International Hospital,Qena,Qena,,,,,,25.687155,32.639468,unspecified_hospital,T3_unspecified_hospital_unverified,,,,private_or_unclassified_hospital,hospital_type_only_unverified,,,qena,qena,1,1
CE01952,مركز الاقصر الطبى,Qena,Qena,,,,,,25.688716,32.633498,unspecified_hospital,T3_unspecified_hospital_unverified,,,Luxor Medical Center,private_or_unclassified_hospital,hospital_type_only_unverified,,,qena,qena,1,1
CE01954,مستشفى 175 سرير,Qena,New Qena,New Qena,,,,,26.251579,32.742207,unspecified_hospital,T3_unspecified_hospital_unverified,,,,private_or_unclassified_hospital,hospital_type_only_unverified,,,qena,qena,1,1
CE01955,مستشفي صحة المرأه,Assiut,Assiut,"Assiut, Assiut",,,,,27.184833,31.166287,maternity_hospital,T1_maternity_hospital,,,,maternity_hospital,maternal_terms_in_source,,,registry,registry,1,1
CE01956,اخميم المركزى,Sohag,Akhmim,طريق ناصر الزراعى (اخميم - سوهاج ),932589263,landline,932589264,20932589263,26.5623242,31.7298819,general_hospital,T2_general_hospital_unverified,,,مستشفى اخميم المركزى,public_general_hospital,general_hospital_type_only_unverified,093-2589263,932589263,registry,registry,1,1
CE01957,المستشفى الجامعي - المقر القديم,Sohag,Sohag,"المستشفى الجامعه، قسم ثان سوهاج",934600114,landline,,20934600114,26.567151,31.707387,general_hospital,T2_general_hospital_unverified,,,مستشفي سوهاج الجامعي,university_general_hospital,general_hospital_type_only_unverified,093-4600114,934600114,registry,registry,1,1
CE01958,اولاد حمزه المركزى,Sohag,El Usayrat,اولاد حمزه - العسيرات,934935340,landline,,20934935340,26.3936109,31.8228276,general_hospital,T2_general_hospital_unverified,,,مستشفى اولاد حمزة المركزى | مستشفى العسيرات المركزى,public_general_hospital,general_hospital_type_only_unverified,093-4935340,934935340,registry | scrape,registry,1,2
CE01959,جهينة المركزى,Sohag,Juhayna,ش. الشهداء - جهينة الغربية,934707793,landline,,20934707793,26.6691901,31.5028564,general_hospital,T2_general_hospital_unverified,,,مستشفي جهينة النموذجي,public_general_hospital,general_hospital_type_only_unverified,093-4707793,934707793,registry,registry,1,1
CE01960,مستشفي محي الدين رشوان نساء وتوليد,Sohag,Sohag,"أولاد نصير، قسم ثان سوهاج",,,,,26.5674354,31.6825036,maternity_hospital,T1_maternity_hospital,,,,maternity_hospital,maternal_terms_in_name,,,registry,registry,1,1
CE01961,المراغة المركزى,Sohag,El Maragha,ش. المستشفى,932530763,landline,932535286,20932530763,26.70070926,31.60163939,general_hospital,T2_general_hospital_unverified,,,م المراغة العام,public_general_hospital,general_hospital_type_only_unverified,093-2530763,932530763,registry | scrape,registry,1,2
CE01962,المنشاة المركزى,Sohag,El Mansha,ش. عبد المنعم رياض,932400333,landline,932403597,20932400333,26.4798686,31.7972907,general_hospital,T2_general_hospital_unverified,,,مستشفي المنشاه المركزي,public_general_hospital,general_hospital_type_only_unverified,093-2400333,932400333,registry,registry,1,1
CE01963,ساقلته المركزى,Sohag,Saqulta,ش. التحرير,932510333,landline,932511950,20932510333,26.6585054,31.6663815,general_hospital,T2_general_hospital_unverified,,,مستشفي ساقلتة المركزى,public_general_hospital,general_hospital_type_only_unverified,093-2510333,932510333,registry,registry,1,1
CE01964,سوهاج العام,Sohag,Sohag,ش. محمود فهمى النقراشى - ميدان العارف,932332007,landline,,20932332007,26.546315,31.7008128,general_hospital,T2_general_hospital_unverified,,,مستشفى سوهاج العام(الاميري),public_general_hospital,general_hospital_type_only_unverified,093-2332007,932332007,registry,registry,1,1
CE01965,مستشفي أسيوط الجديدة,Assiut,Assiut,"Assiut, Assiut",,,,,27.184833,31.166287,maternity_hospital,T1_maternity_hospital,,,,university_maternal_hospital,maternal_terms_in_source,,,registry,registry,1,1
CE01966,مستشفي أم القصور,Assiut,Assiut,"Assiut, Assiut",,,,,27.184833,31.166287,maternity_hospital,T1_maternity_hospital,,,,university_maternal_hospital,maternal_terms_in_source,,,registry,registry,1,1
CE01967,المستشفى الجامعي - سوهاج الجديدة,Sohag,Sohag,"Kharga, محافظة الوادي الجديد",,,,,26.445848,31.667054,general_hospital,T2_general_hospital_unverified,,,مستشفي سوهاج الجامعي الجديد,university_general_hospital,general_hospital_type_only_unverified,,,registry,registry,1,1
CE01968,مستشفى سوهاج التعليمى,Sohag,Sohag,مدينة مبارك الطبية - ش. كورنيش النيل,932315144,landline,,20932315144,26.53877,31.706495,general_hospital,T2_general_hospital_unverified,,,مستشفي سوهاج التعليمي,public_general_hospital,general_hospital_type_only_unverified,093-2315144,932315144,registry,registry,1,2
CE01969,المستشفي الرئيسي,Assiut,Assiut,"Assiut, Assiut",,,,,27.184833,31.166287,general_hospital,T2_general_hospital_unverified,generic_name,"CE01955, CE01965, CE01966, CE01982",,university_general_hospital,general_hospital_type_only_unverified,,,registry,registry,1,1
CE01970,ابنوب المركزى,Assiut,Abnub,ش. بور سعيد,882500555,landline,,20882500555,27.267,31.15,general_hospital,T2_general_hospital_unverified,,,,public_general_hospital,general_hospital_type_only_unverified,088-2500555,882500555,registry,registry,1,1
CE01971,القوصية المركزى,Assiut,El Qusiya,ش. الرى,884750777,landline,,20884750777,27.433,30.817,general_hospital,T2_general_hospital_unverified,,,,public_general_hospital,general_hospital_type_only_unverified,088-4750777,884750777,registry,registry,1,1
CE01972,ديروط العام,Assiut,Dairut,ش. بور سعيد,884770777,landline,884770444,20884770777,27.559,30.81,general_hospital,T2_general_hospital_unverified,,,,public_general_hospital,general_hospital_type_only_unverified,088-4770777,884770777,registry,registry,1,1
CE01973,منفلوط المركزى,Assiut,Manfalut,ش. جمال عبد الناصر,884700777,landline,884709805,20884700777,27.317,30.967,general_hospital,T2_general_hospital_unverified,,,,public_general_hospital,general_hospital_type_only_unverified,088-4700777,884700777,registry,registry,1,1
CE01974,جرجا العام,Sohag,Girga,ش. عبدالمجيد مصطفى,934676034,landline,,20934676034,26.338,31.891,general_hospital,T2_general_hospital_unverified,,,,public_general_hospital,general_hospital_type_only_unverified,093-4676034,934676034,registry,registry,1,1
CE01975,البدارى المركزى,Assiut,El Badari,ش. الدواوين,882600555,landline,,20882600555,26.99,31.41,general_hospital,T2_general_hospital_unverified,,,,public_general_hospital,general_hospital_type_only_unverified,088-2600555,882600555,registry,registry,1,1
CE01976,صدفا المركزى,Assiut,Sodfa,ش. الجيش,882670777,landline,,20882670777,27.174,31.388,general_hospital,T2_general_hospital_unverified,,,,public_general_hospital,general_hospital_type_only_unverified,088-2670777,882670777,registry,registry,1,1
CE01977,البلينا المركزى,Sohag,El Balyana,ش. الجمهورية بجوار محطة القطار,934800301,landline,,20934800301,26.234,32,general_hospital,T2_general_hospital_unverified,,,,public_general_hospital,general_hospital_type_only_unverified,093-4800301,934800301,registry,registry,1,1
CE01978,طما المركزى,Sohag,Tima,ش. احمد عرابى,932790713,landline,,20932790713,26.917,31.417,general_hospital,T2_general_hospital_unverified,,,,public_general_hospital,general_hospital_type_only_unverified,093-2790713,932790713,registry,registry,1,1
CE01979,الغنايم المركزى,Assiut,El Ghanayem,ش. الجمهورية - الغنايم بحرى,882650045,landline,882651777,20882650045,27.1,31.21,general_hospital,T2_general_hospital_unverified,,,,public_general_hospital,general_hospital_type_only_unverified,088-2650045,882650045,registry,registry,1,1
CE01980,ساحل سليم المركزى,Assiut,Sahel Selim,ش. 23 يوليو,882630777,landline,882633088,20882630777,26.99,31.47,general_hospital,T2_general_hospital_unverified,,,,public_general_hospital,general_hospital_type_only_unverified,088-2630777,882630777,registry,registry,1,1
CE01981,دار السلام المركزى,Sohag,Dar El Salam,دار السلام,934850333,landline,,20934850333,26.41,31.72,general_hospital,T2_general_hospital_unverified,,,,public_general_hospital,general_hospital_type_only_unverified,093-4850333,934850333,registry,registry,1,1
CE01982,مستشفی جامعة أسيوط,Assiut,Assiut,أسيوط,,,,,27.18483265,31.16628695,general_hospital,T2_general_hospital_unverified,,,,university_general_hospital,general_hospital_type_only_unverified,,,registry,registry,1,1
CE01983,مبنى مستشفى المعلمين الجديد,Sohag,Sohag,"الكبش، قسم ثان سوهاج",1157850374,mobile,,2.01158E+11,26.5661817,31.6933297,unspecified_hospital,T3_unspecified_hospital_unverified,,,,restricted_access_hospital,hospital_type_only_unverified,011-57850374,1157850374,registry,registry,1,1
CE01984,مستشفى أجيال سوهاج,Sohag,Sohag,"التحرير، أولاد نصير، قسم ثان سوهاج",1016700305,mobile,,2.01017E+11,26.5697266,31.6813844,unspecified_hospital,T3_unspecified_hospital_unverified,,,,private_or_unclassified_hospital,hospital_type_only_unverified,010-16700305,1016700305,registry | scrape,registry,1,2
CE01985,مستشفى احمد كامل,Sohag,Sohag,"المحامدة البحرية، مركز سوهاج",1154552118,mobile,,2.01155E+11,26.5492466,31.6848067,unspecified_hospital,T3_unspecified_hospital_unverified,,,,private_or_unclassified_hospital,hospital_type_only_unverified,011-54552118,1154552118,registry,registry,1,1
CE01986,مستشفى الحياة,Sohag,Sohag,"شارع الجلاء امام مسجد الحق، الشريف، قسم أول سوهاج",1028090740,mobile,,2.01028E+11,26.5416566,31.6989969,unspecified_hospital,T3_unspecified_hospital_unverified,,,,private_or_unclassified_hospital,hospital_type_only_unverified,010-28090740,1028090740,registry | scrape,registry,1,2
CE01987,مستشفى الراعى بالمراغة,Sohag,El Maragha,"المراغة، مركز المراغة",1030538720,mobile,,2.01031E+11,26.7037376,31.6054364,unspecified_hospital,T3_unspecified_hospital_unverified,,,,private_or_unclassified_hospital,hospital_type_only_unverified,010-30538720,1030538720,registry | scrape,registry,1,2
CE01988,مستشفى الشروق,Sohag,Sohag,"صالح، قسم أول سوهاج",1092232638,mobile,,2.01092E+11,26.5341346,31.7002914,unspecified_hospital,T3_unspecified_hospital_unverified,,,,private_or_unclassified_hospital,hospital_type_only_unverified,010-92232638,1092232638,registry,registry,1,1
CE01989,مستشفى الشهيد الخيري,Sohag,Sohag,"الشهيد، الخولي، قسم أول سوهاج",932127536,landline,,20932127536,26.5500935,31.6938769,unspecified_hospital,T3_unspecified_hospital_unverified,,,,private_or_unclassified_hospital,hospital_type_only_unverified,093-2127536,932127536,registry,registry,1,1
CE01990,مستشفى الشهيد عبد المنعم رياض الجديدة,Sohag,Girga,"ش الجرجاوية الشرقى، حى غرب، قسم أول سوهاج",932333110,landline,,20932333110,26.5565057,31.6873312,unspecified_hospital,T3_unspecified_hospital_unverified,,,,private_or_unclassified_hospital,hospital_type_only_unverified,093-2333110,932333110,registry | scrape,registry,1,2
CE01991,مستشفى المعلمين,Sohag,Sohag,"el tahrir st.، باجا، مركز سوهاج",932313102,landline,,20932313102,26.5840732,31.6882659,unspecified_hospital,T3_unspecified_hospital_unverified,,,,restricted_access_hospital,hospital_type_only_unverified,093-2313102,932313102,registry,registry,1,1
CE01992,مستشفى المعلمين بسوهاج,Sohag,Sohag,"شارع التحرير، الكبش، قسم ثان سوهاج",932313103,landline,,20932313103,26.5655957,31.6934076,unspecified_hospital,T3_unspecified_hospital_unverified,,,,restricted_access_hospital,hospital_type_only_unverified,093-2313103,932313103,registry | scrape,registry,1,2
CE01993,مستشفى الولايات العربية المتحدة - د. محمد مقبل,Sohag,Sohag,"حى غرب، قسم ثان سوهاج",932316535,landline,,20932316535,26.5512421,31.6999032,unspecified_hospital,T3_unspecified_hospital_unverified,,,,private_or_unclassified_hospital,hospital_type_only_unverified,093-2316535,932316535,registry,registry,1,1
CE01994,مستشفى سان بيشوى,Sohag,Akhmim,مركز أخميم,934601310,landline,,20934601310,26.5613247,31.7123914,unspecified_hospital,T3_unspecified_hospital_unverified,,,,private_or_unclassified_hospital,hospital_type_only_unverified,093-4601310,934601310,registry | scrape,registry,1,2
CE01996,مستشفي الرحاب,Sohag,Akhmim,"امام مركز اصدار البطاقات، 86 تقسيم الغزل، عرب الأطاولة، مركز أخميم",1111553918,mobile,,2.01112E+11,26.5459582,31.7184201,unspecified_hospital,T3_unspecified_hospital_unverified,,,,private_or_unclassified_hospital,hospital_type_only_unverified,011-11553918,1111553918,registry | scrape,registry,1,2
CE01997,مستشفي النور التخصصي - Al Noor Hosptial,Sohag,Sohag,"مكتب إصدار الجوازات, 86 تقسيم الغزل بعد, صالح، قسم أول سوهاج",1064425786,mobile,,2.01064E+11,26.5326839,31.7009279,unspecified_hospital,T3_unspecified_hospital_unverified,,,,private_or_unclassified_hospital,hospital_type_only_unverified,010-64425786,1064425786,registry,registry,1,1
CE01998,مستشفي الهناء التخصصي بسوهاج,Sohag,Sohag,"اسيوط - سوهاج الصحراوى الغربى، الكبش، قسم ثان سوهاج",932116169,landline,,20932116169,26.5605985,31.6909842,unspecified_hospital,T3_unspecified_hospital_unverified,,,,private_or_unclassified_hospital,hospital_type_only_unverified,093-2116169,932116169,registry | scrape,registry,1,2
CE01999,مستشفي بن سينا,Sohag,Sohag,"شارع المحطةا لورشة، الكبش، قسم ثان سوهاج",932323675,landline,,20932323675,26.5471331,31.702477,unspecified_hospital,T3_unspecified_hospital_unverified,,,,private_or_unclassified_hospital,hospital_type_only_unverified,093-2323675,932323675,registry | scrape,registry,1,2
CE02000,مستشفي دار الشفاء,Sohag,Tahta,"الجيش، مركز طهطا، طهطا",1143488542,mobile,,2.01143E+11,26.5745692,31.6950778,unspecified_hospital,T3_unspecified_hospital_unverified,,,,private_or_unclassified_hospital,hospital_type_only_unverified,011-43488542,1143488542,registry,registry,1,1
CE02001,مستشفي دار الطب,Sohag,Sohag,"الخولي، قسم أول سوهاج",1002044557,mobile,,2.01002E+11,26.5542989,31.6890127,unspecified_hospital,T3_unspecified_hospital_unverified,,,,private_or_unclassified_hospital,hospital_type_only_unverified,010-02044557,1002044557,registry | scrape,registry,1,2
CE02002,مستشفى روفان,Assiut,Unknown,Assiut,,,,,27.17742,31.183722,unspecified_hospital,T3_unspecified_hospital_unverified,,,,private_or_unclassified_hospital,hospital_type_only_unverified,,,registry,registry,1,1
CE02003,مستشفى ابار الملك,Sohag,Akhmim,"نيدة، مركز أخميم",,,,,26.5942464,31.7325493,unspecified_hospital,T3_unspecified_hospital_unverified,,,,private_or_unclassified_hospital,hospital_type_only_unverified,,,registry,registry,1,1
CE02004,مستشفى السلامة,Sohag,Akhmim,"الخلوه، أخميم، مركز أخميم",,,,,26.5714111,31.7551299,unspecified_hospital,T3_unspecified_hospital_unverified,,,,private_or_unclassified_hospital,hospital_type_only_unverified,,,registry,registry,1,1
CE02005,مستشفى جنات JANNAT,Sohag,Sohag,"100 تقسيم الشروق - طريق بلصفورة، مركز سوهاج",,,,,26.5317763,31.7018262,unspecified_hospital,T3_unspecified_hospital_unverified,,,,private_or_unclassified_hospital,hospital_type_only_unverified,,,registry,registry,1,1
CE02006,مستشفى سوهاج العسكري,Sohag,Sohag,"كوبري سوهاج، الكبش، قسم أول سوهاج",,,,,26.537307,31.7086464,unspecified_hospital,T3_unspecified_hospital_unverified,,,,restricted_access_hospital,hospital_type_only_unverified,,,registry,registry,1,1
CE02007,مستشفى مصعب بن عمير,Sohag,Sohag,"سوهاج، الخولي، قسم أول سوهاج، قسم ثان سوهاج",,,,,26.5590805,31.7066812,unspecified_hospital,T3_unspecified_hospital_unverified,,,,private_or_unclassified_hospital,hospital_type_only_unverified,,,registry,registry,1,1
CE02008,مستشفي الحياه-كيلوباترا,Sohag,Sohag,"بجوار محطة بنزين التعاون، الجمهورية، أولاد نصير، قسم ثان سوهاج",,,,,26.5618519,31.6889517,unspecified_hospital,T3_unspecified_hospital_unverified,,,مستشفي كيلوباترا- | مستشفي كيلوباترا-الاسم: مستشفى كليوباترا-,private_or_unclassified_hospital,hospital_type_only_unverified,,,registry,registry,1,1
CE02009,مستشفي الزوك الغربية,Sohag,El Mansha,"الزواليك الغربية، مركز المنشأة",,,,,26.4352791,31.7288406,unspecified_hospital,T3_unspecified_hospital_unverified,,,,private_or_unclassified_hospital,hospital_type_only_unverified,,,registry,registry,1,1
CE02010,مستشفي الغوانم,Sohag,Sohag,"الشريفات - الغوانم، أدفا، مركز سوهاج",,,,,26.5670146,31.6213346,unspecified_hospital,T3_unspecified_hospital_unverified,,,,private_or_unclassified_hospital,hospital_type_only_unverified,,,registry,registry,1,1
CE02011,مستشفي القرامطة غرب,Sohag,Sohag,"القرامطة غرب، مركز سوهاج",,,,,26.6200218,31.674158,unspecified_hospital,T3_unspecified_hospital_unverified,,,,private_or_unclassified_hospital,hospital_type_only_unverified,,,registry,registry,1,1
CE02012,مستشفي جزيرة اولاد حمزة,Sohag,El Usayrat,"جزيرة أولاد حمزة، مركز المنشأة، مركز العسيرات",,,,,26.3898839,31.8436836,unspecified_hospital,T3_unspecified_hospital_unverified,,,,private_or_unclassified_hospital,hospital_type_only_unverified,,,registry,registry,1,1
CE02013,مستشفي دار الشفاء,Sohag,Sohag,"إبراهيم فراج، قسم أول سوهاج",,,,,26.5357853,31.6982445,unspecified_hospital,T3_unspecified_hospital_unverified,,,,private_or_unclassified_hospital,hospital_type_only_unverified,,,registry,registry,1,1
CE02014,مستشفي محروس ابو شوشه بادفا,Sohag,Sohag,"أدفا، مركز سوهاج",,,,,26.5734507,31.6389786,unspecified_hospital,T3_unspecified_hospital_unverified,,,,private_or_unclassified_hospital,hospital_type_only_unverified,,,registry,registry,1,1
CE02015,مستشفى,Sohag,El Mansha,"الشواولة، المنشأة",,,,,26.4114752,31.7633294,unspecified_hospital,T3_unspecified_hospital_unverified,generic_name,,,private_or_unclassified_hospital,hospital_type_only_unverified,,,registry,registry,1,1
CE02016,مستشفي,Sohag,Akhmim,مركز أخميم,,,,,26.5618874,31.7117532,unspecified_hospital,T3_unspecified_hospital_unverified,,,,private_or_unclassified_hospital,hospital_type_only_unverified,,,registry,registry,1,1
CE02017,Arc Angle Mikhael Hospital,Assiut,Assiut,"Assiut, Assiut",,,,,27.1838228,31.18623504,unspecified_hospital,T3_unspecified_hospital_unverified,,,,private_or_unclassified_hospital,hospital_type_only_unverified,,,registry,registry,1,1
CE02018,Dar El Shefaa Hospital,Assiut,Assiut,"Assiut, Assiut",,,,,27.18854432,31.18050048,unspecified_hospital,T3_unspecified_hospital_unverified,,,,private_or_unclassified_hospital,hospital_type_only_unverified,,,registry,registry,1,1
CE02019,El Akaad Hospital,Assiut,Assiut,"Assiut, Assiut",,,,,27.18872579,31.17921528,unspecified_hospital,T3_unspecified_hospital_unverified,,,,private_or_unclassified_hospital,hospital_type_only_unverified,,,registry,registry,1,1
CE02020,El Aksaa Hospital,Assiut,Assiut,"Assiut, Assiut",,,,,27.18574787,31.18185172,unspecified_hospital,T3_unspecified_hospital_unverified,,,,private_or_unclassified_hospital,hospital_type_only_unverified,,,registry,registry,1,1
CE02021,El Fayrouz Hospital,Assiut,Assiut,"Assiut, Assiut",,,,,27.19722898,31.17942826,unspecified_hospital,T3_unspecified_hospital_unverified,,,,private_or_unclassified_hospital,hospital_type_only_unverified,,,registry,registry,1,1
CE02022,El Hayah Hospital,Assiut,Assiut,"Assiut, Assiut",,,,,27.19060485,31.17974275,unspecified_hospital,T3_unspecified_hospital_unverified,,,,private_or_unclassified_hospital,hospital_type_only_unverified,,,registry,registry,1,1
CE02023,El Nseem Dr.Trez Mansour Hospital,Assiut,Assiut,"Assiut, Assiut",,,,,27.18076675,31.18741194,unspecified_hospital,T3_unspecified_hospital_unverified,,,,private_or_unclassified_hospital,hospital_type_only_unverified,,,registry,registry,1,1
CE02024,El Sadr Hospital,Assiut,Assiut,"Assiut, Assiut",,,,,27.19543634,31.17657992,unspecified_hospital,T3_unspecified_hospital_unverified,,,,private_or_unclassified_hospital,hospital_type_only_unverified,,,registry,registry,1,1
CE02025,El Safaa Hospital,Assiut,Assiut,"Assiut, Assiut",,,,,27.19076117,31.18021013,unspecified_hospital,T3_unspecified_hospital_unverified,,,,private_or_unclassified_hospital,hospital_type_only_unverified,,,registry,registry,1,1
CE02026,El Salama Hospital,Assiut,Assiut,"Assiut, Assiut",,,,,27.19683159,31.17869862,unspecified_hospital,T3_unspecified_hospital_unverified,,,,private_or_unclassified_hospital,hospital_type_only_unverified,,,registry,registry,1,1
CE02027,El Zerayeen Hospital,Assiut,Assiut,"Assiut, Assiut",,,,,27.18580235,31.18664768,unspecified_hospital,T3_unspecified_hospital_unverified,,,,private_or_unclassified_hospital,hospital_type_only_unverified,,,registry,registry,1,1
CE02028,El Zhraa Hospital,Assiut,Assiut,"Assiut, Assiut",,,,,27.18887264,31.18121352,unspecified_hospital,T3_unspecified_hospital_unverified,,,,private_or_unclassified_hospital,hospital_type_only_unverified,,,registry,registry,1,1
CE02029,Essam El Shrief El Tkasosy Hospital,Assiut,Assiut,"Assiut, Assiut",,,,,27.18176898,31.18607645,unspecified_hospital,T3_unspecified_hospital_unverified,,,,private_or_unclassified_hospital,hospital_type_only_unverified,,,registry,registry,1,1
CE02030,Nekabet El Moalmen Hospital,Assiut,Assiut,"Assiut, Assiut",,,,,27.16693519,31.19401604,unspecified_hospital,T3_unspecified_hospital_unverified,,,,private_or_unclassified_hospital,hospital_type_only_unverified,,,registry,registry,1,1
CE02031,مستشفى الشرطة,Assiut,Assiut,"Assiut, Assiut",,,,,27.19336978,31.18001969,unspecified_hospital,T3_unspecified_hospital_unverified,,,,restricted_access_hospital,hospital_type_only_unverified,,,registry,registry,1,1
CE02032,مستشفى المبرة,Assiut,Assiut,"Assiut, Assiut",,,,,27.19318806,31.18816916,unspecified_hospital,T3_unspecified_hospital_unverified,,,,private_or_unclassified_hospital,hospital_type_only_unverified,,,registry,registry,1,1
CE02054,د. هناء شهدى,Sohag,El Maragha,"El Maragha, Sohag",,,,,26.70014248,31.60161115,unspecified_hospital,T3_unspecified_hospital_unverified,,,,clinic_or_center,hospital_type_only_unverified,,,registry,registry,1,1
CE02055,د.عبد الناصر بدوى,Sohag,Sohag,"Sohag, Sohag",,,,,26.54611813,31.69785727,unspecified_hospital,T3_unspecified_hospital_unverified,,,,clinic_or_center,hospital_type_only_unverified,,,registry,registry,1,1
CE02094,مستشفى بيطريه,Sohag,Sohag,"أدفا، مركز سوهاج",,,,,26.5743161,31.6439069,unspecified_hospital,T3_unspecified_hospital_unverified,,,,veterinary (not human health),hospital_type_only_unverified,,,registry,registry,1,1
CE00166,مركز خير للنساء والتوليد والحضانات والرعاية المركزة,Beni Suef,Beni Suef,"El- Rawdah street, Qism Bani Sweif, Beni Suef, Beni Suef Governorate 2721080, Egypt",1122036702,mobile,,2.01122E+11,29.0667094,31.1070591,maternity_center_or_unit,T4_needs_review,,,,,,011 22036702,1122036702,scrape,scrape,1,1
CE00194,مركز ماما للنساء والتوليد,Beni Suef,Beni Suef,"338Q+574, Qism Bani Sweif, Beni Suef, Beni Suef Governorate 2720102, Egypt",1553979075,mobile,,2.01554E+11,29.0654605,31.088096,maternity_center_or_unit,T4_needs_review,,,,,,015 53979075,1553979075,scrape,scrape,1,1
CE00663,مركز د ماركو نمر ولسن للنسا والتوليد,Minya,أول المنيا,"Infront elsyad, 1 el nokrashy st, قسم المنيا، أول المنيا، محافظة المنيا 2451112, Egypt",1005223002,mobile,,2.01005E+11,28.0959363,30.7581629,maternity_center_or_unit,T4_needs_review,,,,,,010 05223002,1005223002,scrape,scrape,1,1
CE01004,مركز اجنه لأمراض النساء والتوليد لصاحبه د.عمرو مصطفي صالحين,Assiut,Abu Tig,"ميدان الفرغل أمام الاداره الصحيه، برج اسلام الشناوي اعلي فرع وي، Abu Tig, Assiut Governorate 71511, Egypt",1142264727,mobile,,2.01142E+11,27.04158,31.3205359,maternity_center_or_unit,T4_needs_review,,,,,,011 42264727,1142264727,scrape,scrape,1,1
CE01176,مركز د/ ديفيد كمال للنساء و التوليد,Sohag,Sohag 1,"العروبة, El-Khouly, Sohag 1, Sohag Governorate 1674220, Egypt",1203550088,mobile,,2.01204E+11,26.5518813,31.6937898,maternity_center_or_unit,T4_needs_review,,,,,,012 03550088,1203550088,scrape,scrape,1,1
CE01181,د. بيشوي الشايب - استشاري النسا والتوليد,Sohag,Sohag 2,"خلف مستشفي الهلال امام عصائر الخلاط, Al Kabsh, Sohag 2, Sohag Governorate 82522, Egypt",,,,,26.5593978,31.6961589,maternity_center_or_unit,T4_needs_review,,,,,,,,scrape,scrape,1,1
CE01187,مركز كارما لجراحات النساء والتوليد وجراحات المناظير بسزهاج,Sohag,Sohag 2,"شارع بسطا امام محطه القطار بجوار مستشفي جريت توماس أمام شركة الكبش الموتوسيكلات, Al Kabsh, Sohag 2, Sohag Governorate 1680051, Egypt",1205925676,mobile,,2.01206E+11,26.55608,31.695165,maternity_center_or_unit,T4_needs_review,,,,,,012 05925676,1205925676,scrape,scrape,1,1
CE01209,Sara Center For Obs. & Gyna Sohag مركز سارة للنساء والتوليد وجراحات المناظير بسوهاج,Sohag,مركز سوهاج,"Abdalmeniem Street, Beside Alkhalifa Tower, Althaqafa Square, الكبش، مركز سوهاج، محافظة سوهاج 82511, Egypt",1554397095,mobile,,2.01554E+11,26.5551198,31.6971967,maternity_center_or_unit,T4_needs_review,,,,,,015 54397095,1554397095,scrape,scrape,1,1
CE01294,مركز ولي العهد للنساء والتوليد,Sohag,قسم مدينة جرجا,"المحطة،, 8VPQ+3GH، جرجا، قسم مدينة جرجا، محافظة سوهاج 1631110, Egypt",1061621011,mobile,,2.01062E+11,26.3351791,31.8888505,maternity_center_or_unit,T4_needs_review,,,,,,010 61621011,1061621011,scrape,scrape,1,1
CE01303,مركز الإبتسام للنساء والتوليد,Sohag,Asyut 2,"55WG+HC4, Al Ibrahimeya, Al Walideyah Al Westaneyah, Asyut 2, Assiut Governorate 2091001, Egypt",1117009800,mobile,,2.01117E+11,27.1963969,31.1760915,maternity_center_or_unit,T4_needs_review,,,,,,011 17009800,1117009800,scrape,scrape,1,1
CE01381,مركز جنين للتوليد وأمراض النساء بقنا,Sohag,Qena,"امام بنك الاسكندريه، Jul 23, Qism Qena, Qena, Qena Governorate 83511, Egypt",1002131442,mobile,,2.01002E+11,26.1589244,32.7156336,maternity_center_or_unit,T4_needs_review,,,,,,010 02131442,1002131442,scrape,scrape,1,1
CE01398,مركز الاندلس للنساء والتوليد,Sohag,El Balyana,"62P3+55H غرب المرور، Al Balena, El Balyana, Sohag Governorate 1618410, Egypt",1008611512,mobile,,2.01009E+11,26.2354377,32.0029805,maternity_center_or_unit,T4_needs_review,,,,,,010 08611512,1008611512,scrape,scrape,1,1
CE01563,مركز نعم الطبي للنساء والتوليد,Qena,Qena,"شارع الحاكم العسكري، متفرع من مصنع المكرونة، Qism Qena, Qena, Qena Governorate 1462303, Egypt",,,,,26.1686904,32.7199674,maternity_center_or_unit,T4_needs_review,,,,,,,,scrape,scrape,1,1
CE01604,مركز الملكه للنساء والتوليد,Qena,Nag Hammadi,"El-Tahrir, Madinet Najaa Hammadi, Nag Hammadi, Qena Governorate 1554310, Egypt",1001611327,mobile,,2.01002E+11,26.0533926,32.2401616,maternity_center_or_unit,T4_needs_review,,,,,,010 01611327,1001611327,scrape,scrape,1,1
CE01666,مركز د. حسام عيسى للنساء و التوليد و جراحة المناظير,Qena,أبو تشت,"Unnamed Road, قصير بخانس، أبو طشت،،, 44G2+MP7، قصير بخانس، أبو تشت، محافظة قنا 1584662, Egypt",962710767,landline,,20962710767,26.1266506,32.101804,maternity_center_or_unit,T4_needs_review,,,,,,096 2710767,962710767,scrape,scrape,1,1
CE01729,لايف سنتر للنساء و التوليد,Luxor,مركز الأقصر,"شارع نادي المعلمين, مدينة الأقصر، مركز الأقصر، محافظة الأقصر 1362412, Egypt",1013841342,mobile,,2.01014E+11,25.6968376,32.6413739,maternity_center_or_unit,T4_needs_review,,,,,,010 13841342,1013841342,scrape,scrape,1,1
CE01764,مركز الآمال الطبي للنسا والتوليد,Luxor,Esna,"Ahmed Oraby, Esna City, Esna, Luxor Governorate 1315578, Egypt",1117607608,mobile,,2.01118E+11,25.3001594,32.5541416,maternity_center_or_unit,T4_needs_review,,,,,,011 17607608,1117607608,scrape,scrape,1,1
