hospital_id,hospital_name,normalized_name,alternate_names,name_language,name_is_generic,governorate,district,latitude,longitude,coordinate_status,coordinate_source,coord_uncertainty_km,entity_type,facility_category,maternal_relevance,existence_status,confidence_level,confidence_rank,has_official_source,n_distinct_sources,primary_source,sources,address_clean,address_inferred,phone_primary,phone_all,phone_type,has_phone,review_flag,quality_flags
NEW0001,Benisuef University Hospital,benisuef university hospital,,en,FALSE,Beni Suef,Beni Suef,29.079824000000002,31.105926600000004,native_google,Google Maps,0.05,hospital,,unknown,map_only_unverified,low,1,FALSE,1,Google Maps,Google Maps,"Mohamed Hassan St El Shamla St AL SHAMLAH، 34J4+58F, Qism Bani Sweif, Beni Suef, Beni Suef Governorate 2721562, Egypt",FALSE,082 2351561,082 2351561,landline,TRUE,TRUE,scraped_unverified
NEW0002,Benisuef General Hospital,benisuef general hospital,,en,FALSE,Beni Suef,شرق النيل,29.0641904,31.102959600000002,native_google,Google Maps,0.05,general_hospital,,unknown,map_only_unverified,low,1,FALSE,1,Google Maps,Google Maps,"3473+Q66، كورنيش النيل، الكورنيش، شرق النيل، Beni Suef Governorate 2721011, Egypt",FALSE,082 2323105,082 2323105,landline,TRUE,TRUE,scraped_unverified
NEW0003,St. Therese Hospital,st. therese hospital,,en,FALSE,Beni Suef,Beni Suef,29.0759897,31.100612199999997,native_google,Google Maps,0.05,hospital,,unknown,map_only_unverified,low,1,FALSE,1,Google Maps,Google Maps,"34G2+96X, Qism Bani Sweif, Beni Suef, Beni Suef Governorate 2721533, Egypt",FALSE,082 2323311,082 2323311,landline,TRUE,TRUE,scraped_unverified
NEW0004,Crescent Hospital,crescent hospital,,en,FALSE,Beni Suef,Beni Suef,29.0715379,31.096882299999997,native_google,Google Maps,0.05,hospital,,unknown,map_only_unverified,low,1,FALSE,1,Google Maps,Google Maps,"33CW+JQ6, Qism Bani Sweif, Beni Suef, Beni Suef Governorate 2720404, Egypt",FALSE,,,,FALSE,TRUE,scraped_unverified
NEW0005,Armed Forces Hospital - Beni Suef,armed forces hospital - beni suef,,en,FALSE,Beni Suef,New Bani Suef,29.084453399999994,31.1464853,native_google,Google Maps,0.05,hospital,,unknown,map_only_unverified,low,1,FALSE,1,Google Maps,Google Maps,"34MW+QHQ, New Bani Suef City, New Bani Suef, Beni Suef Governorate 2731401, Egypt",FALSE,,,,FALSE,TRUE,scraped_unverified
NEW0006,م بنى سويف التخصصى,م بني سويف التخصصي,,ar,FALSE,Beni Suef,Beni Suef,29.0638245,31.1036769,native_google,Google Maps,0.05,hospital,,unknown,map_only_unverified,low,1,FALSE,1,Google Maps,Google Maps,"Qism Bani Sweif, Beni Suef, Beni Suef Governorate 2721011, Egypt",FALSE,,,,FALSE,TRUE,scraped_unverified
NEW0007,Borg El Zahraa Hospital,borg el zahraa hospital,,en,FALSE,Beni Suef,Beni Suef,29.071822499999996,31.097759,native_google,Google Maps,0.05,hospital,,unknown,map_only_unverified,low,1,FALSE,1,Google Maps,Google Maps,"اسلام، Qism Bani Sweif, Beni Suef, Beni Suef Governorate 2720405, Egypt",FALSE,082 2353507,082 2353507,landline,TRUE,TRUE,scraped_unverified
NEW0008,مستشفي الدعوة الإسلامية,مستشفي الدعوة الاسلامية,,ar,FALSE,Beni Suef,Beni Suef,29.069842299999998,31.085640099999996,native_google,Google Maps,0.05,hospital,,unknown,map_only_unverified,low,1,FALSE,1,Google Maps,Google Maps,"339P+W7J, Qism Bani Sweif, Beni Suef, Beni Suef Governorate 2720201, Egypt",FALSE,082 2222454,082 2222454,landline,TRUE,TRUE,scraped_unverified
NEW0009,El Salam Hospital,el salam hospital,,en,FALSE,Beni Suef,Beni Suef,29.0725591,31.0968985,native_google,Google Maps,0.05,hospital,,unknown,map_only_unverified,low,1,FALSE,1,Google Maps,Google Maps,"Qism Bani Sweif, Beni Suef, Beni Suef Governorate 2720433, Egypt",FALSE,082 2129858,082 2129858,landline,TRUE,TRUE,scraped_unverified
NEW0010,Benisuef Mental Health Hospital,benisuef mental health hospital,,en,FALSE,Beni Suef,Beni Suef,29.0645536,31.105332399999998,native_google,Google Maps,0.05,medical_clinic,,unknown,map_only_unverified,low,1,FALSE,1,Google Maps,Google Maps,"طريق الكورنيش، Qism Bani Sweif, Beni Suef, Beni Suef Governorate 2721002, Egypt",FALSE,082 2133640,082 2133640,landline,TRUE,TRUE,scraped_unverified
NEW0011,مركز الحياة الطبى المتكامل,مركز الحياة الطبي المتكامل,,ar,FALSE,Beni Suef,مركز بنى سويف,29.0704353,31.098204199999998,native_google,Google Maps,0.05,hospital,,unknown,map_only_unverified,low,1,FALSE,1,Google Maps,Google Maps,"برج الشيمي الطبي ش احمد عرابي, ميدان الزراعيين, قسم بني سويف، مركز بنى سويف، محافظة بني سويف 2721101, Egypt",FALSE,010 30955535,010 30955535,mobile,TRUE,TRUE,scraped_unverified
NEW0012,Pearl Hospital,pearl hospital,,en,FALSE,Beni Suef,Beni Suef,29.0419124,31.1152889,native_google,Google Maps,0.05,hospital,,unknown,map_only_unverified,low,1,FALSE,1,Google Maps,Google Maps,"24R8+Q47, Qism Bani Sweif, Beni Suef, Beni Suef Governorate 2731005, Egypt",FALSE,010 12212396,010 12212396,mobile,TRUE,TRUE,scraped_unverified
NEW0013,InShape Clinic Beni Suef,inshape clinic beni suef,,en,FALSE,Beni Suef,Beni Suef,29.0716684,31.1137298,native_google,Google Maps,0.05,medical_center,,unknown,map_only_unverified,low,1,FALSE,1,Google Maps,Google Maps,"فوق مطعم كافيلوااا فوق صيدليه الكورنيش بن العميد ع اول الشارع، 53 شارع كورنيش النيل، Qism Bani Sweif, Beni Suef, Beni Suef Governorate 2721128, Egypt",FALSE,02 21266800,02 21266800,landline,TRUE,TRUE,scraped_unverified
NEW0014,Banisuef Comprehensive Clinic,banisuef comprehensive clinic,,en,FALSE,Beni Suef,Beni Suef,29.0768864,31.088952199999998,native_google,Google Maps,0.05,medical_clinic,,unknown,map_only_unverified,low,1,FALSE,1,Google Maps,Google Maps,"33GQ+QH4, Qism Bani Sweif, Beni Suef, Beni Suef Governorate 2722101, Egypt",FALSE,082 2313628,082 2313628,landline,TRUE,TRUE,scraped_unverified
NEW0015,Burg Al-Gazeera Hospital,burg al-gazeera hospital,,en,FALSE,Beni Suef,Beni Suef,29.0755856,31.1050707,native_google,Google Maps,0.05,hospital,,unknown,map_only_unverified,low,1,FALSE,1,Google Maps,Google Maps,"Ghoneim, Qism Bani Sweif, Beni Suef, Beni Suef Governorate 2721525, Egypt",FALSE,082 2123004,082 2123004,landline,TRUE,TRUE,scraped_unverified
NEW0016,مركز الندى لأطفال الأنابيب و الحقن المجهري ببني سويف,مركز الندي لاطفال الانابيب و الحقن المجهري ببني سويف,,ar,FALSE,Beni Suef,Beni Suef,29.0771451,31.095953899999994,native_google,Google Maps,0.05,hospital,,unknown,map_only_unverified,low,1,FALSE,1,Google Maps,Google Maps,"33GW+V94, Qism Bani Sweif, Beni Suef, Beni Suef Governorate 2722140, Egypt",FALSE,010 22126122,010 22126122,mobile,TRUE,TRUE,scraped_unverified
NEW0017,عيادات مستشفي ادم الدولي,عيادات مستشفي ادم الدولي,,ar,FALSE,Beni Suef,Beni Suef,29.0764793,31.096831499999997,native_google,Google Maps,0.05,hospital,,unknown,map_only_unverified,low,1,FALSE,1,Google Maps,Google Maps,"شارع صفية زغلول، قسم بني سويف، بني سويف، محافظة بني سويف،، 33GW+HPW, Qism Bani Sweif, Beni Suef, Beni Suef Governorate 2720485, Egypt",FALSE,,,,FALSE,TRUE,scraped_unverified
NEW0018,مستوصف روح الحياة فرع الجزيرة,مستوصف روح الحياة فرع الجزيرة,,ar,FALSE,Beni Suef,Beni Suef,29.074797900000004,31.1047069,native_google,Google Maps,0.05,medical_center,,unknown,map_only_unverified,low,1,FALSE,1,Google Maps,Google Maps,"34F3+WV8, Qism Bani Sweif, Beni Suef, Beni Suef Governorate 2721245, Egypt",FALSE,011 19004048,011 19004048,mobile,TRUE,TRUE,scraped_unverified
NEW0019,Armed Alcolt Hospital in Beni Suef,armed alcolt hospital in beni suef,,en,FALSE,Beni Suef,Beni Suef,29.088884800000002,31.1053359,native_google,Google Maps,0.05,hospital,,unknown,map_only_unverified,low,1,FALSE,1,Google Maps,Google Maps,"34Q4+H44, Bani Sweif - Markaz Naser, Qism Bani Sweif, Beni Suef, Beni Suef Governorate 2722590, Egypt",FALSE,,,,FALSE,TRUE,scraped_unverified
NEW0020,المستشفي الجامعي التخصصي,المستشفي الجامعي التخصصي,,ar,FALSE,Beni Suef,Beni Suef,29.0804375,31.101437500000003,native_google,Google Maps,0.05,hospital,,unknown,map_only_unverified,low,1,FALSE,1,Google Maps,Google Maps,"34J2+5HG, Qism Bani Sweif, Beni Suef, Beni Suef Governorate 2722165, Egypt",FALSE,011 10757723,011 10757723,mobile,TRUE,TRUE,scraped_unverified
NEW0021,Nasser Central Hospital,nasser central hospital,,en,FALSE,Beni Suef,Beni Suef,29.1449997,31.132911999999997,native_google,Google Maps,0.05,hospital,,unknown,map_only_unverified,low,1,FALSE,1,Google Maps,Google Maps,"44VM+X5V، ش جمال عبد الناصر، ناصر، Beni Suef, Beni Suef Governorate 2745530, Egypt",FALSE,082 5820401,082 5820401,landline,TRUE,TRUE,scraped_unverified
NEW0022,Aman El Hayah Medical Center,aman el hayah medical center,,en,FALSE,Beni Suef,Beni Suef,29.0772237,31.096196900000002,native_google,Google Maps,0.05,hospital,,unknown,map_only_unverified,low,1,FALSE,1,Google Maps,Google Maps,"33GW+VFP, El-Shaheed Mohammed Shakir Hussein, Qism Bani Sweif, Beni Suef, Beni Suef Governorate 2722140, Egypt",FALSE,011 01533999,011 01533999,mobile,TRUE,TRUE,scraped_unverified
NEW0023,Egyptian International Fertility & IVF Hospital,egyptian international fertility & ivf hospital,,en,FALSE,Beni Suef,Beni Suef,29.0770301,31.090198,native_google,Google Maps,0.05,hospital,,unknown,map_only_unverified,low,1,FALSE,1,Google Maps,Google Maps,"7 ميدان الزراعيين، الكورنيش، Beni Suef, Beni Suef Governorate 2722102, Egypt",FALSE,082 2355300,082 2355300,landline,TRUE,TRUE,scraped_unverified
NEW0024,مركز البنا التخصصي,مركز البنا التخصصي,,ar,FALSE,Beni Suef,Beni Suef,29.077724999999997,31.090412,native_google,Google Maps,0.05,hospital,,unknown,map_only_unverified,low,1,FALSE,1,Google Maps,Google Maps,"7 Salah Salem, Qism Bani Sweif, Beni Suef, Beni Suef Governorate 2722102, Egypt",FALSE,082 2131666,082 2131666,landline,TRUE,TRUE,scraped_unverified
NEW0025,As-Salam International Specialized Clinics Bani Suef - عيادات السلام الدولي التخصصية بني سويف - Alameda Healthcare Group,As-Salam International Specialized Clinics Bani Suef - عيادات السلام الدولي التخصصية بني سويف - Alameda Healthcare Group,,ar,FALSE,Beni Suef,مركز بنى سويف,29.0729375,31.097312499999997,native_google,Google Maps,0.05,medical_center,,unknown,map_only_unverified,low,1,FALSE,1,Google Maps,Google Maps,"33FW+5W5, Qism Bani Sweif, قسم بني سويف، مركز بنى سويف، محافظة بني سويف 2720434, Egypt",FALSE,010 00937871,010 00937871,mobile,TRUE,TRUE,scraped_unverified
NEW0026,الكمسيون الطبي,الكمسيون الطبي,,ar,FALSE,Beni Suef,Beni Suef,29.064674499999995,31.1018742,native_google,Google Maps,0.05,hospital,,unknown,map_only_unverified,low,1,FALSE,1,Google Maps,Google Maps,"3472+VP9, Qism Bani Sweif, Beni Suef, Beni Suef Governorate 2721011, Egypt",FALSE,,,,FALSE,TRUE,scraped_unverified
NEW0027,مستشفي زكي عابدين سابقا,مستشفي زكي عابدين سابقا,,ar,FALSE,Beni Suef,Beni Suef,29.0737937,31.098810499999995,native_google,Google Maps,0.05,hospital,,unknown,map_only_unverified,low,1,FALSE,1,Google Maps,Google Maps,"داوود، قسم بني سويف، بني سويف، محافظة بني سويف،، 33FX+GG7, Qism Bani Sweif, Beni Suef, Beni Suef Governorate 2721505, Egypt",FALSE,,,,FALSE,TRUE,scraped_unverified
NEW0028,وحدة المرأة الآمنة مستشفيات جامعة بنى سويف,وحدة المراة الامنة مستشفيات جامعة بني سويف,,ar,FALSE,Beni Suef,Beni Suef,29.0805463,31.1014047,native_google,Google Maps,0.05,medical_center,,unknown,map_only_unverified,low,1,FALSE,1,Google Maps,Google Maps,"34J2+6H6 المركز الطبى التخصصى التابع لمستشفيات جامعة, Qism Bani Sweif, Beni Suef, Beni Suef Governorate 2722165, Egypt",FALSE,,,,FALSE,TRUE,scraped_unverified
NEW0029,مركز خير للنساء والتوليد والحضانات والرعاية المركزة,مركز خير للنساء والتوليد والحضانات والرعاية المركزة,,ar,FALSE,Beni Suef,Beni Suef,29.066709399999997,31.107059099999997,native_google,Google Maps,0.05,medical_center,,likely,map_only_unverified,low,1,FALSE,1,Google Maps,Google Maps,"El- Rawdah street, Qism Bani Sweif, Beni Suef, Beni Suef Governorate 2721080, Egypt",FALSE,011 22036702,011 22036702,mobile,TRUE,TRUE,scraped_unverified
NEW0030,جمعية الكلى ببني سويف,جمعية الكلي ببني سويف,,ar,FALSE,Beni Suef,Beni Suef,29.0718814,31.1097255,native_google,Google Maps,0.05,hospital,,unknown,map_only_unverified,low,1,FALSE,1,Google Maps,Google Maps,"عبد السلام عارف، قسم بني سويف، بني سويف، محافظة بني سويف،، 34C5+QV5, Qism Bani Sweif, Beni Suef, Beni Suef Governorate 2721119, Egypt",FALSE,,,,FALSE,TRUE,scraped_unverified
NEW0031,مستشفي الصحة النفسية,مستشفي الصحة النفسية,,ar,FALSE,Beni Suef,Beni Suef,29.0650118,31.1034317,native_google,Google Maps,0.05,hospital,,unknown,map_only_unverified,low,1,FALSE,1,Google Maps,Google Maps,"شارع عبد المنعم حافظ, Qism Bani Sweif, Beni Suef, Beni Suef Governorate 2721011, Egypt",FALSE,,,,FALSE,TRUE,scraped_unverified
NEW0032,دار الطب - فرع بني سويف,دار الطب - فرع بني سويف,,ar,FALSE,Beni Suef,مركز بنى سويف,29.069788199999994,31.085914199999998,native_google,Google Maps,0.05,hospital,,unknown,map_only_unverified,low,1,FALSE,1,Google Maps,Google Maps,"3 Abd El-Salam Aref, Qism Bani Sweif, قسم بني سويف، مركز بنى سويف، محافظة بني سويف 2720201, Egypt",FALSE,010 00778702,010 00778702,mobile,TRUE,TRUE,scraped_unverified
NEW0033,Tower Children's Hospital,tower children's hospital,,en,FALSE,Beni Suef,Beni Suef,29.0798602,31.102741299999998,native_google,Google Maps,0.05,hospital,,unknown,map_only_unverified,low,1,FALSE,1,Google Maps,Google Maps,"34H3+W3X, Saad Zaghloul, Qism Bani Sweif, Beni Suef, Beni Suef Governorate 2721560, Egypt",FALSE,011 52000417,011 52000417,mobile,TRUE,TRUE,scraped_unverified
NEW0034,مركز اجيال الطبى,مركز اجيال الطبي,,ar,FALSE,Beni Suef,Beni Suef,29.064016300000002,31.097781700000002,native_google,Google Maps,0.05,hospital,,unknown,map_only_unverified,low,1,FALSE,1,Google Maps,Google Maps,"شارع فوزى امام صيدلية قرطبة خلف المستشفى العام،، قسم بني سويف، بنى سويف، محافظة بني سويف،، Qism Bani Sweif, Beni Suef, Beni Suef Governorate 2720062, Egypt",FALSE,011 13099260,011 13099260,mobile,TRUE,TRUE,scraped_unverified
NEW0035,مستشفى حميات بنى سويف,مستشفي حميات بني سويف,,ar,FALSE,Beni Suef,Beni Suef,29.0683216,31.0954801,native_google,Google Maps,0.05,general_hospital,,unknown,map_only_unverified,low,1,FALSE,1,Google Maps,Google Maps,"339W+85H, Qism Bani Sweif, Beni Suef, Beni Suef Governorate 2720124, Egypt",FALSE,,,,FALSE,TRUE,scraped_unverified
NEW0036,مستشفي الإيمان للأطفال,مستشفي الايمان للاطفال,,ar,FALSE,Beni Suef,Beni Suef,29.0798961,31.102587200000002,native_google,Google Maps,0.05,doctor,,unknown,map_only_unverified,low,1,FALSE,1,Google Maps,Google Maps,"34H3+X24, Qism Bani Sweif, Beni Suef, Beni Suef Governorate 2721560, Egypt",FALSE,,,,FALSE,TRUE,scraped_unverified
NEW0037,عيادة الدكتور كمال رياض,عيادة الدكتور كمال رياض,,ar,FALSE,Beni Suef,Beni Suef,29.0755724,31.0951234,native_google,Google Maps,0.05,hospital,,unknown,map_only_unverified,low,1,FALSE,1,Google Maps,Google Maps,"Qism Bani Sweif, Beni Suef, Beni Suef Governorate 2720480, Egypt",FALSE,082 2208245,082 2208245,landline,TRUE,TRUE,scraped_unverified
NEW0038,ريحانة طبي عيادات طبية تخصصية,ريحانة طبي عيادات طبية تخصصية,,ar,FALSE,Beni Suef,قسم بنى سويف,29.084037999999996,31.0983952,native_google,Google Maps,0.05,medical_center,,unknown,map_only_unverified,low,1,FALSE,1,Google Maps,Google Maps,"١ ش الشهيد احمد حجازي الطويل ش كلية الصيدله من ش الشبان مبني جمعية, الشبان المسلمين، قسم بني سويف، قسم بنى سويف، محافظة بني سويف 62111, Egypt",FALSE,010 00985759,010 00985759,mobile,TRUE,TRUE,scraped_unverified
NEW0039,مركز جاما للأشعة,مركز جاما للاشعة,,ar,FALSE,Beni Suef,Beni Suef,29.0703398,31.098272400000003,native_google,Google Maps,0.05,medical_clinic,,unknown,map_only_unverified,low,1,FALSE,1,Google Maps,Google Maps,"Qism Bani Sweif, Beni Suef, Beni Suef Governorate 2721101, Egypt",FALSE,010 23001755,010 23001755,mobile,TRUE,TRUE,scraped_unverified
NEW0040,Agial Hospital - مستشفي اجيال للاطفال,Agial Hospital - مستشفي اجيال للاطفال,,ar,FALSE,Beni Suef,Beni Suef,29.065189999999998,31.101527800000003,native_google,Google Maps,0.05,hospital,,unknown,map_only_unverified,low,1,FALSE,1,Google Maps,Google Maps,"3482+3JC, Qism Bani Sweif, Beni Suef, Beni Suef Governorate 2721031, Egypt",FALSE,,,,FALSE,TRUE,scraped_unverified
NEW0041,مركز الدكتور عبدالهادى ياسين لطب وجراحة العيون,مركز الدكتور عبدالهادي ياسين لطب وجراحة العيون,,ar,FALSE,Beni Suef,Beni Suef,29.070592599999998,31.0907758,native_google,Google Maps,0.05,medical_center,,unknown,map_only_unverified,low,1,FALSE,1,Google Maps,Google Maps,"أمام مديرية التموين, Abd El-Salam Aref, Qism Bani Sweif, Beni Suef, Beni Suef Governorate 2720182, Egypt",FALSE,011 24404488,011 24404488,mobile,TRUE,TRUE,scraped_unverified
NEW0042,ZIGZAG,zigzag,,en,FALSE,Beni Suef,Beni Suef,29.0667534,31.096362199999998,native_google,Google Maps,0.05,point_of_interest,,unknown,map_only_unverified,low,1,FALSE,1,Google Maps,Google Maps,"شارع شاهين بعد مستشفى الحميات قبل المصليه، 338W+PG5, Qism Bani Sweif, Beni Suef, Beni Suef Governorate 56115, Egypt",FALSE,011 10423571,011 10423571,mobile,TRUE,TRUE,scraped_unverified
NEW0043,عيادات الحياة التخصصية,عيادات الحياة التخصصية,,ar,FALSE,Beni Suef,قسم بنى سويف,29.077793800000002,31.1037192,native_google,Google Maps,0.05,hospital,,unknown,map_only_unverified,low,1,FALSE,1,Google Maps,Google Maps,"فريد، قسم بني سويف، بني سويف،، محافظة بني سويف،،, 34H3+4F9، قسم بني سويف، قسم بنى سويف، محافظة بني سويف 2721551, Egypt",FALSE,012 83622246,012 83622246,mobile,TRUE,TRUE,scraped_unverified
NEW0044,Clinic spirit of life branch Alhishory,clinic spirit of life branch alhishory,,en,FALSE,Beni Suef,Beni Suef,29.0712221,31.0919179,native_google,Google Maps,0.05,doctor,,unknown,map_only_unverified,low,1,FALSE,1,Google Maps,Google Maps,"33CR+FQM, Qism Bani Sweif, Beni Suef, Beni Suef Governorate 2720304, Egypt",FALSE,,,,FALSE,TRUE,scraped_unverified
NEW0045,مستشفى رفا,مستشفي رفا,,ar,FALSE,Beni Suef,Beni Suef,29.0897333,31.147043600000003,native_google,Google Maps,0.05,hospital,,unknown,map_only_unverified,low,1,FALSE,1,Google Maps,Google Maps,"34QW+WR, New Bani Suef City, Beni Suef, Beni Suef Governorate 2717042, Egypt",FALSE,,,,FALSE,TRUE,scraped_unverified
NEW0046,عيادة الصحة المدرسية 2,عيادة الصحة المدرسية 2,,ar,FALSE,Beni Suef,Beni Suef,29.074416099999997,31.097996600000002,native_google,Google Maps,0.05,hospital,,unknown,map_only_unverified,low,1,FALSE,1,Google Maps,Google Maps,"33FX+Q59, Qism Bani Sweif, Beni Suef, Beni Suef Governorate 2721510, Egypt",FALSE,,,,FALSE,TRUE,scraped_unverified
NEW0047,مبني الهلال للتأمين الصحي,مبني الهلال للتامين الصحي,,ar,FALSE,Beni Suef,Beni Suef,29.071543700000003,31.096871,native_google,Google Maps,0.05,hospital,,unknown,map_only_unverified,low,1,FALSE,1,Google Maps,Google Maps,"33CW+JQ6, Qism Bani Sweif, Beni Suef, Beni Suef Governorate 2720404, Egypt",FALSE,,,,FALSE,TRUE,scraped_unverified
NEW0048,مركز كيان للمسالك البولية وتفتيت الحصوات,مركز كيان للمسالك البولية وتفتيت الحصوات,,ar,FALSE,Beni Suef,قسم بنى سويف,29.077048299999998,31.095919799999997,native_google,Google Maps,0.05,medical_center,,unknown,map_only_unverified,low,1,FALSE,1,Google Maps,Google Maps,"بنى سويف - ش بورسعيد - برج الندي, قسم بني سويف، قسم بنى سويف، محافظة بني سويف 62519, Egypt",FALSE,015 54559557,015 54559557,mobile,TRUE,TRUE,scraped_unverified
NEW0049,عيادات الأمراء التخصصية,عيادات الامراء التخصصية,,ar,FALSE,Beni Suef,Beni seuf,29.0762709,31.104313399999995,native_google,Google Maps,0.05,medical_center,,unknown,map_only_unverified,low,1,FALSE,1,Google Maps,Google Maps,"تقاطع شارع ٢٣ يوليو مع, امام منتزه بدر, مدحت، قسم بني سويف، Beni seuf, محافظة بني سويف 62511, Egypt",FALSE,010 44994556,010 44994556,mobile,TRUE,TRUE,scraped_unverified
NEW0050,المركز المصري لأطفال الأنابيب,المركز المصري لاطفال الانابيب,,ar,FALSE,Beni Suef,Beni Suef,29.0725213,31.097502600000002,native_google,Google Maps,0.05,medical_center,,unknown,map_only_unverified,low,1,FALSE,1,Google Maps,Google Maps,"33FX+222، شارع أحمد عرابي، Qism Bani Sweif, Beni Suef, Beni Suef Governorate 2720434, Egypt",FALSE,082 2340290,082 2340290,landline,TRUE,TRUE,scraped_unverified
NEW0051,Zyada 1 Tower برج زياده ١,Zyada 1 Tower برج زياده ١,,ar,FALSE,Beni Suef,Beni Suef,29.070446800000003,31.094675499999994,native_google,Google Maps,0.05,medical_center,,unknown,map_only_unverified,low,1,FALSE,1,Google Maps,Google Maps,"33CV+5VF, Abd El-Salam Aref, Qism Bani Sweif, Beni Suef, Beni Suef Governorate 2720195, Egypt",FALSE,010 03419889,010 03419889,mobile,TRUE,TRUE,scraped_unverified
NEW0052,مركز النيل للطب الرياضي,مركز النيل للطب الرياضي,,ar,FALSE,Beni Suef,Beni Suef,29.0625704,31.096693600000002,native_google,Google Maps,0.05,medical_center,,unknown,map_only_unverified,low,1,FALSE,1,Google Maps,Google Maps,"337W+2MG, Abd El-Moneim Hafez, Qism Bani Sweif, Beni Suef, Beni Suef Governorate 62511, Egypt",FALSE,015 56745598,015 56745598,mobile,TRUE,TRUE,scraped_unverified
NEW0053,مبني العيادات الخارجية,مبني العيادات الخارجية,,ar,FALSE,Beni Suef,قسم بنى سويف,29.064270800000003,31.1040481,native_google,Google Maps,0.05,hospital,,unknown,map_only_unverified,low,1,FALSE,1,Google Maps,Google Maps,"طريق الكورنيش،, 3473+PJ3، قسم بني سويف، قسم بنى سويف، محافظة بني سويف 2721011, Egypt",FALSE,,,,FALSE,TRUE,scraped_unverified
NEW0054,عيادة دار الطب,عيادة دار الطب,,ar,FALSE,Beni Suef,Beni Suef,29.0799433,31.101070800000002,native_google,Google Maps,0.05,hospital,,unknown,map_only_unverified,low,1,FALSE,1,Google Maps,Google Maps,"34H2+XCG, Qism Bani Sweif, Beni Suef, Beni Suef Governorate 2722163, Egypt",FALSE,010 15070523,010 15070523,mobile,TRUE,TRUE,scraped_unverified
NEW0055,مركز المشرق للعيون فرع بني سويف,مركز المشرق للعيون فرع بني سويف,,ar,FALSE,Beni Suef,Beni Suef,29.072613800000003,31.099897100000003,native_google,Google Maps,0.05,medical_clinic,,unknown,map_only_unverified,low,1,FALSE,1,Google Maps,Google Maps,"شارع اسلام - متفرع من شارع احمد عرابي بجوار، توكيل فريش، Qism Bani Sweif, Beni Suef, Beni Suef Governorate 62511, Egypt",FALSE,012 74724250,012 74724250,mobile,TRUE,TRUE,scraped_unverified
NEW0056,عياده ا.د/ رجائي يوسف محمد,عياده ا.د/ رجائي يوسف محمد,,ar,FALSE,Beni Suef,قسم بنى سويف,29.0740859,31.098118699999997,native_google,Google Maps,0.05,medical_center,,unknown,map_only_unverified,low,1,FALSE,1,Google Maps,Google Maps,"٣ شارع د.علي شافعي خلف عمر افندي, ميدان المديريه, قسم بني سويف، قسم بنى سويف، محافظة بني سويف 62511, Egypt",FALSE,010 00573889,010 00573889,mobile,TRUE,TRUE,scraped_unverified
NEW0057,مركز ماما للنساء والتوليد,مركز ماما للنساء والتوليد,,ar,FALSE,Beni Suef,Beni Suef,29.0654605,31.088096000000004,native_google,Google Maps,0.05,medical_center,,likely,map_only_unverified,low,1,FALSE,1,Google Maps,Google Maps,"338Q+574, Qism Bani Sweif, Beni Suef, Beni Suef Governorate 2720102, Egypt",FALSE,015 53979075,015 53979075,mobile,TRUE,TRUE,scraped_unverified
NEW0058,أمان للطب النفسي وعلاج الإدمان,امان للطب النفسي وعلاج الادمان,,ar,FALSE,Beni Suef,Beni Suef,29.0574375,31.129687500000003,native_google,Google Maps,0.05,medical_clinic,,unknown,map_only_unverified,low,1,FALSE,1,Google Maps,Google Maps,"بياض العرب ، مركز بنى سويف،، Bayad Al Arab, Beni Suef, Beni Suef Governorate 62816, Egypt",FALSE,082 2073997,082 2073997,landline,TRUE,TRUE,scraped_unverified
NEW0059,معمل جاما كير,معمل جاما كير,,ar,FALSE,Beni Suef,Beni Suef,29.077374799999998,31.096433100000002,native_google,Google Maps,0.05,hospital,,unknown,map_only_unverified,low,1,FALSE,1,Google Maps,Google Maps,"شريف، قسم بني سويف، بني سويف،، 33GW+WHV, Qism Bani Sweif, Beni Suef, Beni Suef Governorate 2722143, Egypt",FALSE,012 26463617,012 26463617,mobile,TRUE,TRUE,scraped_unverified
NEW0060,وحدة غسيل كلوي,وحدة غسيل كلوي,,ar,FALSE,Beni Suef,Beni Suef,29.066112800000003,31.099319100000002,native_google,Google Maps,0.05,medical_center,,unknown,map_only_unverified,low,1,FALSE,1,Google Maps,Google Maps,"338X+CPW حميات, Qism Bani Sweif, Beni Suef, Beni Suef Governorate 2720068, Egypt",FALSE,,,,FALSE,TRUE,scraped_unverified
NEW0061,Health Insurance Hospital,health insurance hospital,,en,FALSE,Beni Suef,Beni Suef,29.0742596,31.115105500000002,native_google,Google Maps,0.05,hospital,,unknown,map_only_unverified,low,1,FALSE,1,Google Maps,Google Maps,"34F8+P25, Abd El-Salam Aref, Qism Bani Sweif, Beni Suef, Beni Suef Governorate 2721305, Egypt",FALSE,082 2334702,082 2334702,landline,TRUE,TRUE,scraped_unverified
NEW0062,مستشفى الرمد,مستشفي الرمد,,ar,FALSE,Beni Suef,Beni Suef,29.0814591,31.090731899999994,native_google,Google Maps,0.05,general_hospital,,unknown,map_only_unverified,low,1,FALSE,1,Google Maps,Google Maps,"شارع El-Imam Malik, Qism Bani Sweif, Beni Suef, Beni Suef Governorate 2722293, Egypt",FALSE,082 2322032,082 2322032,landline,TRUE,TRUE,scraped_unverified
NEW0063,مستشفى حمدى معاذ,مستشفي حمدي معاذ,,ar,FALSE,Beni Suef,Biba,28.9219741,30.978947100000003,native_google,Google Maps,0.05,hospital,,unknown,map_only_unverified,low,1,FALSE,1,Google Maps,Google Maps,"WXCH+QHP, Madinet Beba, Biba, Beni Suef Governorate 2653762, Egypt",FALSE,,,,FALSE,TRUE,scraped_unverified
NEW0064,مركز بداية للخصوبة زأطفال الأنابيب,مركز بداية للخصوبة زاطفال الانابيب,,ar,FALSE,Beni Suef,New Bani Suef,29.0424204,31.111742699999994,native_google,Google Maps,0.05,hospital,,unknown,map_only_unverified,low,1,FALSE,1,Google Maps,Google Maps,"Unnamed Road, بني سليمان الشرقية، بني سويف، محافظة بني سويف،، 24R6+XM9, New Bani Suef City, New Bani Suef, Beni Suef Governorate 2731002, Egypt",FALSE,011 19799795,011 19799795,mobile,TRUE,TRUE,scraped_unverified
NEW0065,مركز الدكتور جاب الله للولاده والمناظير والحضانات,مركز الدكتور جاب الله للولاده والمناظير والحضانات,,ar,FALSE,Beni Suef,Nasser,29.144182899999997,31.1365879,native_google,Google Maps,0.05,hospital,,likely,map_only_unverified,low,1,FALSE,1,Google Maps,Google Maps,"44VP+MJG, Nasir City, Nasser, Beni Suef Governorate 2745532, Egypt",FALSE,011 51489771,011 51489771,mobile,TRUE,TRUE,scraped_unverified
NEW0066,دكتورة نهله عباس حلمي نسا وتوليد,دكتورة نهله عباس حلمي نسا وتوليد,,ar,FALSE,Beni Suef,Beni Suef,29.0809087,31.0944142,native_google,Google Maps,0.05,doctor,,likely,map_only_unverified,low,1,FALSE,1,Google Maps,Google Maps,"33JV+9Q7, Shafeai, Qism Bani Sweif, Beni Suef, Beni Suef Governorate 2722440, Egypt",FALSE,012 74852743,012 74852743,mobile,TRUE,TRUE,scraped_unverified
NEW0067,مركز كيور الطبي - بني سويف,مركز كيور الطبي - بني سويف,,ar,FALSE,Beni Suef,حي الزهور,29.0832852,31.106381199999998,native_google,Google Maps,0.05,hospital,,unknown,map_only_unverified,low,1,FALSE,1,Google Maps,Google Maps,"34M4+PM2, Ben Khaldoun, Nazlet Abou Selim, حي الزهور, Beni Suef Governorate 2721622, Egypt",FALSE,,,,FALSE,TRUE,scraped_unverified
NEW0068,مركز الزهور,مركز الزهور,,ar,FALSE,Beni Suef,قسم,29.085877,31.107179300000002,native_google,Google Maps,0.05,doctor,,unknown,map_only_unverified,low,1,FALSE,1,Google Maps,Google Maps,"34P4+9V3, Qism Bani Sweif, قسم، Beni Suef Governorate 2721610, Egypt",FALSE,010 26281971,010 26281971,mobile,TRUE,TRUE,scraped_unverified
NEW0069,دكتوره أمل مصطفى,دكتوره امل مصطفي,,ar,FALSE,Beni Suef,Beni Suef,29.0791789,31.1004167,native_google,Google Maps,0.05,university,,unknown,map_only_unverified,low,1,FALSE,1,Google Maps,Google Maps,"34H2+M5F, Qism Bani Sweif, Beni Suef, Beni Suef Governorate 2722163, Egypt",FALSE,,,,FALSE,TRUE,scraped_unverified
NEW0070,مستشفي الرحمة,مستشفي الرحمة,,ar,FALSE,Beni Suef,Nasser,29.1485653,31.129574700000003,native_google,Google Maps,0.05,hospital,,unknown,map_only_unverified,low,1,FALSE,1,Google Maps,Google Maps,"44XH+CRG, El-Souk, Nasir City, Nasser, Beni Suef Governorate 2745513, Egypt",FALSE,,,,FALSE,TRUE,scraped_unverified
NEW0071,مستشفي عام بني سويف ٢٤ سرير,مستشفي عام بني سويف ٢٤ سرير,,ar,FALSE,Beni Suef,Beni Suef,29.0258725,31.0991011,native_google,Google Maps,0.05,hospital,,unknown,map_only_unverified,low,1,FALSE,1,Google Maps,Google Maps,"23GX+5GC, Bayad Al Arab, Beni Suef, Beni Suef Governorate 2730371, Egypt",FALSE,,,,FALSE,TRUE,scraped_unverified
NEW0072,مستشفى الواسطى المركزي,مستشفي الواسطي المركزي,,ar,FALSE,Beni Suef,El Wasta,29.3506607,31.2031498,native_google,Google Maps,0.05,hospital,,unknown,map_only_unverified,low,1,FALSE,1,Google Maps,Google Maps,"9623+776, Afwah, El Wasta, Beni Suef Governorate 2758010, Egypt",FALSE,082 2511767,082 2511767,landline,TRUE,TRUE,scraped_unverified
NEW0073,Somosta Central Hospital,somosta central hospital,,en,FALSE,Beni Suef,Sumusta El Waqf,28.91347,30.853762500000002,native_google,Google Maps,0.05,hospital,,unknown,map_only_unverified,low,1,FALSE,1,Google Maps,Google Maps,"WV73+9GJ، شارع المستشفي، Madinet Samasta, Sumusta El Waqf, Beni Suef Governorate 2634502, Egypt",FALSE,082 7600309,082 7600309,landline,TRUE,TRUE,scraped_unverified
NEW0074,Al-Rahma Specialist Hospital,al-rahma specialist hospital,,en,FALSE,Beni Suef,Sumusta El Waqf,28.9229998,30.8481499,native_google,Google Maps,0.05,hospital,,unknown,map_only_unverified,low,1,FALSE,1,Google Maps,Google Maps,"شارع 26 يوليو، مدينة سمسطا، سمسطا، مركز، Madinet Samasta, Sumusta El Waqf, Beni Suef Governorate 2634310, Egypt",FALSE,,,,FALSE,TRUE,scraped_unverified
NEW0075,Faculty Of Medicine - Beni-Suef University,faculty of medicine - beni-suef university,,en,FALSE,Beni Suef,Beni Suef,29.080101300000003,31.105338399999997,native_google,Google Maps,0.05,educational_institution,,unknown,map_only_unverified,low,1,FALSE,1,Google Maps,Google Maps,"34J4+24W, Qism Bani Sweif, Beni Suef, Beni Suef Governorate 2721562, Egypt",FALSE,082 2318605,082 2318605,landline,TRUE,TRUE,scraped_unverified
NEW0076,الوحدة الصحية بالزيتون,الوحدة الصحية بالزيتون,,ar,FALSE,Beni Suef,Nasser,29.175536,31.155115,native_google,Google Maps,0.05,general_hospital,,unknown,map_only_unverified,low,1,FALSE,1,Google Maps,Google Maps,"55G4+629, Aswan Western Agricultural Rd, El-Zaytoun, Nasser, Beni Suef Governorate 2745801, Egypt",FALSE,,,,FALSE,TRUE,scraped_unverified
NEW0077,مستشفي البهسمون العام,مستشفي البهسمون العام,,ar,FALSE,Beni Suef,،,29.0382992,30.867921700000004,native_google,Google Maps,0.05,hospital,,unknown,map_only_unverified,low,1,FALSE,1,Google Maps,Google Maps,"2VQ9+857, Al Bahsamoun, ،، Beni Suef Governorate 2640174, Egypt",FALSE,,,,FALSE,TRUE,scraped_unverified
NEW0078,Beni-Suef University,beni-suef university,,en,FALSE,Beni Suef,Beni Suef,29.0828848,31.102474299999997,native_google,Google Maps,0.05,university,,unknown,map_only_unverified,low,1,FALSE,1,Google Maps,Google Maps,"34M2+5X5, Qism Bani Sweif, Beni Suef, Beni Suef Governorate 2722165, Egypt",FALSE,082 2356845,082 2356845,landline,TRUE,TRUE,scraped_unverified
NEW0079,المستشفى العام بالشنطور,المستشفي العام بالشنطور,,ar,FALSE,Beni Suef,Sumusta El Waqf,28.957055099999998,30.855894099999997,native_google,Google Maps,0.05,hospital,,unknown,map_only_unverified,low,1,FALSE,1,Google Maps,Google Maps,"XV44+R9C, Ash Shantour, Sumusta El Waqf, Beni Suef Governorate 2633689, Egypt",FALSE,,,,FALSE,TRUE,scraped_unverified
NEW0080,وحدة طب الأسرة بدنديل,وحدة طب الاسرة بدنديل,,ar,FALSE,Beni Suef,Nasser,29.160988999999997,31.0379631,native_google,Google Maps,0.05,general_hospital,,unknown,map_only_unverified,low,1,FALSE,1,Google Maps,Google Maps,"526Q+95W, Dandil, Nasser, Beni Suef Governorate 2740901, Egypt",FALSE,,,,FALSE,TRUE,scraped_unverified
NEW0081,Ihnasya Central Hospital,ihnasya central hospital,,en,FALSE,Beni Suef,Herakleopolis Magna,29.0945348,30.9432209,native_google,Google Maps,0.05,hospital,,unknown,map_only_unverified,low,1,FALSE,1,Google Maps,Google Maps,"شارع ترعة السلطان, Madinet Ahnasia, Herakleopolis Magna, Beni Suef Governorate 2643914, Egypt",FALSE,,,,FALSE,TRUE,scraped_unverified
NEW0082,Zahir Physiotherapy Center,zahir physiotherapy center,,en,FALSE,Beni Suef,Beni Suef,29.079939399999997,31.100178999999994,native_google,Google Maps,0.05,physiotherapist,,unknown,map_only_unverified,low,1,FALSE,1,Google Maps,Google Maps,"Qism Bani Sweif, Beni Suef, Beni Suef Governorate 2722163, Egypt",FALSE,082 2130666,082 2130666,landline,TRUE,TRUE,scraped_unverified
NEW0083,مستشفى الفشن المركزي,مستشفي الفشن المركزي,,ar,FALSE,Beni Suef,Al Fashn,28.832028599999997,30.9008909,native_google,Google Maps,0.05,hospital,,unknown,map_only_unverified,low,1,FALSE,1,Google Maps,Google Maps,"RWJ2+R96, Madinet Al Fashn, Al Fashn, Beni Suef Governorate 2624940, Egypt",FALSE,,,,FALSE,TRUE,scraped_unverified
NEW0084,مستشفى البرج,مستشفي البرج,,ar,FALSE,Beni Suef,El Wasta,29.3438292,31.204318800000003,native_google,Google Maps,0.05,hospital,,unknown,map_only_unverified,low,1,FALSE,1,Google Maps,Google Maps,"Saad Zaghloul, Afwah, El Wasta, Beni Suef Governorate 2757425, Egypt",FALSE,011 00102228,011 00102228,mobile,TRUE,TRUE,scraped_unverified
NEW0085,َمستشفي الفجر التخصصي,مستشفي الفجر التخصصي,,ar,FALSE,Beni Suef,El Wasta,29.345491600000003,31.208918799999996,native_google,Google Maps,0.05,hospital,,unknown,map_only_unverified,low,1,FALSE,1,Google Maps,Google Maps,"امام الساحة الشعبية, ش طراد النيل، Gazirat Al Mesaadah, El Wasta, Beni Suef Governorate 2757496, Egypt",FALSE,,,,FALSE,TRUE,scraped_unverified
NEW0086,مستوصف دار الشفاء بأطواب,مستوصف دار الشفاء باطواب,,ar,FALSE,Beni Suef,El Wasta,29.3905809,31.2023132,native_google,Google Maps,0.05,hospital,,unknown,map_only_unverified,low,1,FALSE,1,Google Maps,Google Maps,"96R2+6WP, Atwab, El Wasta, Beni Suef Governorate 2758373, Egypt",FALSE,010 27066669,010 27066669,mobile,TRUE,TRUE,scraped_unverified
NEW0087,Hayatna medical center,hayatna medical center,,en,FALSE,Beni Suef,El Wasta,29.3467311,31.209803599999997,native_google,Google Maps,0.05,medical_center,,unknown,map_only_unverified,low,1,FALSE,1,Google Maps,Google Maps,"بجوار حديقه الطفل، Ahmed Oraby, Gazirat Al Mesaadah, El Wasta, Beni Suef Governorate 2757497, Egypt",FALSE,010 99932630,010 99932630,mobile,TRUE,TRUE,scraped_unverified
NEW0088,مستشفى المدينة المنورة,مستشفي المدينة المنورة,,ar,FALSE,Beni Suef,El Wahat El Bahariya,29.4078992,31.2430762,native_google,Google Maps,0.05,hospital,,unknown,map_only_unverified,low,1,FALSE,1,Google Maps,Google Maps,"C65V+755، الكريمات - كفر الدسمى، AR Raqa Al Qebleyah, El Wahat El Bahariya, Giza Governorate 3415008, Egypt",FALSE,,,,FALSE,TRUE,scraped_unverified
NEW0089,El Wasta Comprehensive Clinic,el wasta comprehensive clinic,,en,FALSE,Beni Suef,El Wasta,29.334067200000003,31.2049453,native_google,Google Maps,0.05,hospital,,unknown,map_only_unverified,low,1,FALSE,1,Google Maps,Google Maps,"86M3+JXG, Madinet Al Wasta, El Wasta, Beni Suef Governorate 2757237, Egypt",FALSE,082 2510360,082 2510360,landline,TRUE,TRUE,scraped_unverified
NEW0090,المستشفي العام,المستشفي العام,,ar,FALSE,Beni Suef,El Wasta,29.345205000000004,31.208489399999994,native_google,Google Maps,0.05,government_office,,unknown,map_only_unverified,low,1,FALSE,1,Google Maps,Google Maps,"86W5+39Q, Madinet Al Wasta, El Wasta, Beni Suef Governorate 2757484, Egypt",FALSE,,,,FALSE,TRUE,scraped_unverified
NEW0091,مستشفى قرية صول,مستشفي قرية صول,,ar,FALSE,Beni Suef,El Wahat El Bahariya,29.352556099999997,31.2464088,native_google,Google Maps,0.05,hospital,,unknown,map_only_unverified,low,1,FALSE,1,Google Maps,Google Maps,"963W+2HF, Al Karimat - Kafr Al Dasmi, El Wahat El Bahariya, Giza Governorate 3405753, Egypt",FALSE,,,,FALSE,TRUE,scraped_unverified
NEW0092,مركز النيل الطبى طواريء 24 ساعه,مركز النيل الطبي طواريء 24 ساعه,,ar,FALSE,Beni Suef,El Wasta,29.342506500000002,31.2086455,native_google,Google Maps,0.05,medical_center,,unknown,map_only_unverified,low,1,FALSE,1,Google Maps,Google Maps,"فوق كشري البكري، طراد النيل، Gazirat Al Mesaadah, El Wasta, Beni Suef Governorate 2757493, Egypt",FALSE,,,,FALSE,TRUE,scraped_unverified
NEW0093,مستشفى ابويط العامة,مستشفي ابويط العامة,,ar,FALSE,Beni Suef,El Wasta,29.3198219,31.1270479,native_google,Google Maps,0.05,hospital,,unknown,map_only_unverified,low,1,FALSE,1,Google Maps,Google Maps,"849G+WRF, Abwit, El Wasta, Beni Suef Governorate 2750274, Egypt",FALSE,,,,FALSE,TRUE,scraped_unverified
NEW0094,المركز الطبي للجمعيه الشرعيه بصول,المركز الطبي للجمعيه الشرعيه بصول,,ar,FALSE,Beni Suef,El Wahat El Bahariya,29.354960199999997,31.248182900000003,native_google,Google Maps,0.05,hospital,,unknown,map_only_unverified,low,1,FALSE,1,Google Maps,Google Maps,"963X+X7M, Cairo - Aswan Eastern Desert Rd, El Wahat El Bahariya, البحر الأحمر 3405766, Egypt",FALSE,,,,FALSE,TRUE,scraped_unverified
NEW0095,مستشفى الصوفي,مستشفي الصوفي,,ar,FALSE,Beni Suef,First 6th of October,29.966169299999997,30.9446058,native_google,Google Maps,0.05,general_hospital,,unknown,map_only_unverified,low,1,FALSE,1,Google Maps,Google Maps,"First 6th of October, Giza Governorate 3232531, Egypt",FALSE,,,,FALSE,TRUE,scraped_unverified
NEW0096,Atfeeh General Hospital,atfeeh general hospital,,en,FALSE,Beni Suef,El Wahat El Bahariya,29.402562699999997,31.247214699999997,native_google,Google Maps,0.05,hospital,,unknown,map_only_unverified,low,1,FALSE,1,Google Maps,Google Maps,"C63W+2VG، الكريمات - كفر الدسمى، Al Helf Al Gharbi, El Wahat El Bahariya, Giza Governorate 3415122, Egypt",FALSE,02 38412301,02 38412301,landline,TRUE,TRUE,scraped_unverified
NEW0097,Al Waha Hospital,al waha hospital,,en,FALSE,Beni Suef,Al Haram,29.9485858,31.096893700000003,native_google,Google Maps,0.05,hospital,,unknown,map_only_unverified,low,1,FALSE,1,Google Maps,Google Maps,"Street 9, Al Haram, Giza Governorate 3510120, Egypt",FALSE,02 33797092,02 33797092,landline,TRUE,TRUE,scraped_unverified
NEW0098,عيادات روح الحياة,عيادات روح الحياة,,ar,FALSE,Beni Suef,El Wasta,29.340425300000003,31.204767099999998,native_google,Google Maps,0.05,hospital,,unknown,map_only_unverified,low,1,FALSE,1,Google Maps,Google Maps,"Al Markaz, Afwah, El Wasta, Beni Suef Governorate 2757412, Egypt",FALSE,010 25888390,010 25888390,mobile,TRUE,TRUE,scraped_unverified
NEW0099,مستشفي اطواب,مستشفي اطواب,,ar,FALSE,Beni Suef,El Wasta,29.390431099999994,31.201384800000003,native_google,Google Maps,0.05,hospital,,unknown,map_only_unverified,low,1,FALSE,1,Google Maps,Google Maps,"96R2+5HC, Saft Sharkeya, El Wasta, Beni Suef Governorate 2758356, Egypt",FALSE,,,,FALSE,TRUE,scraped_unverified
NEW0100,Al Safwa Hospital,al safwa hospital,,en,FALSE,Beni Suef,First 6th of October,29.966062500000003,30.9514375,native_google,Google Maps,0.05,hospital,,unknown,map_only_unverified,low,1,FALSE,1,Google Maps,Google Maps,"الحي الأول- شارع عمر بن الخطاب- السادس من أكتوبر، First 6th of October, Giza Governorate 12566, Egypt",FALSE,02 38372266,02 38372266,landline,TRUE,TRUE,scraped_unverified
NEW0101,مركز النيل الطبى طواريء 24 ساعه,مركز النيل الطبي طواريء 24 ساعه,,ar,FALSE,Beni Suef,El Wasta,29.342556,31.208649,native_google,Google Maps,0.05,medical_center,,unknown,map_only_unverified,low,1,FALSE,1,Google Maps,Google Maps,"86V5+2F, Gazirat Al Mesaadah, El Wasta, Beni Suef Governorate 2757493, Egypt",FALSE,,,,FALSE,TRUE,scraped_unverified
NEW0102,مركز النيل الطبى طواريء 24 ساعه,مركز النيل الطبي طواريء 24 ساعه,,ar,FALSE,Beni Suef,El Wasta,29.342556,31.208649,native_google,Google Maps,0.05,medical_center,,unknown,map_only_unverified,low,1,FALSE,1,Google Maps,Google Maps,"86V5+2F, Gazirat Al Mesaadah, El Wasta, Beni Suef Governorate 2757493, Egypt",FALSE,,,,FALSE,TRUE,scraped_unverified
NEW0103,مستشفى قروى الميمون,مستشفي قروي الميمون,,ar,FALSE,Beni Suef,El Wasta,29.237478000000003,31.202557600000002,native_google,Google Maps,0.05,hospital,,unknown,map_only_unverified,low,1,FALSE,1,Google Maps,Google Maps,"66P3+X2V, Al Meimoun, El Wasta, Beni Suef Governorate 2756415, Egypt",FALSE,,,,FALSE,TRUE,scraped_unverified
NEW0104,وحدة الاسعاف بصول,وحدة الاسعاف بصول,,ar,FALSE,Beni Suef,El Wahat El Bahariya,29.3534807,31.248047900000003,native_google,Google Maps,0.05,hospital,,unknown,map_only_unverified,low,1,FALSE,1,Google Maps,Google Maps,"963X+96V, El Wahat El Bahariya, البحر الأحمر 3405753, Egypt",FALSE,,,,FALSE,TRUE,scraped_unverified
NEW0105,مركز طبي الصفاء و المروه,مركز طبي الصفاء و المروه,,ar,FALSE,Beni Suef,El Wahat El Bahariya,29.459824700000002,31.2830604,native_google,Google Maps,0.05,hospital,,unknown,map_only_unverified,low,1,FALSE,1,Google Maps,Google Maps,"F75M+W6, Kafr Al Waslin, El Wahat El Bahariya, Giza Governorate 3423303, Egypt",FALSE,,,,FALSE,TRUE,scraped_unverified
NEW0106,مستشفى و عيادات الوسام التخصصية,مستشفي و عيادات الوسام التخصصية,,ar,FALSE,Beni Suef,October Gardens,29.8896685,30.892583799999997,native_google,Google Maps,0.05,medical_center,,unknown,map_only_unverified,low,1,FALSE,1,Google Maps,Google Maps,"قطاع ب, بجوار البريد, زهراء, October Gardens, Giza Governorate 3250640, Egypt",FALSE,015 07650444,015 07650444,mobile,TRUE,TRUE,scraped_unverified
NEW0107,مستشفى كليوباترا أكتوبر,مستشفي كليوباترا اكتوبر,,ar,FALSE,Beni Suef,6th of October City (2),29.9567989,30.919913100000002,native_google,Google Maps,0.05,hospital,,unknown,map_only_unverified,low,1,FALSE,1,Google Maps,Google Maps,"قطعه 50 - المحور المركزي - بجانب مول شيرنكو XW49+CG First 6th of October السادس من أكتوبر، First 6th of October, 6th of October City (2), Giza Governorate 3225015, Egypt",FALSE,219668,219668,landline,TRUE,TRUE,scraped_unverified
NEW0108,ALMehwar Hospital - مستشفى المحور,ALMehwar Hospital - مستشفي المحور,,ar,FALSE,Beni Suef,قسم أول 6 أكتوبر,30.009165699999993,30.996003599999995,native_google,Google Maps,0.05,hospital,,unknown,map_only_unverified,low,1,FALSE,1,Google Maps,Google Maps,"Block 1, Eastern Expansions Area - East of the Tourist Area, Central Axis, قسم أول 6 أكتوبر، محافظة الجيزة 3225312, Egypt",FALSE,0215626,0215626,landline,TRUE,TRUE,scraped_unverified
NEW0109,6th Of October University Hospital,6th of october university hospital,,en,FALSE,Beni Suef,First 6th of October,29.978752699999998,30.950256900000003,native_google,Google Maps,0.05,hospital,,unknown,map_only_unverified,low,1,FALSE,1,Google Maps,Google Maps,"قطعة ١، ١ Al Mehwar Al Markazi Al Nassr St, First 6th of October, Giza Governorate 3233006, Egypt",FALSE,012 12662227,012 12662227,mobile,TRUE,TRUE,scraped_unverified
NEW0110,Andalusia Hospitals North Coast,andalusia hospitals north coast,,en,FALSE,Beni Suef,El Alamein,30.973718,28.7401713,native_google,Google Maps,0.05,hospital,,unknown,map_only_unverified,low,1,FALSE,1,Google Maps,Google Maps,"XPFR+F3M, El Alamein, Marsa Matrouh Governorate 5065501, Egypt",FALSE,012 25116611,012 25116611,mobile,TRUE,TRUE,scraped_unverified
NEW0111,Al Assema Hospital,al assema hospital,,en,FALSE,Beni Suef,Dokki,30.049165499999997,31.207071000000003,native_google,Google Maps,0.05,hospital,,unknown,map_only_unverified,low,1,FALSE,1,Google Maps,Google Maps,"26X4+W6W, 15 Ahmed Samy El-Sayed, Ad Doqi, Dokki, Giza Governorate 12311, Egypt",FALSE,,,,FALSE,TRUE,scraped_unverified
NEW0112,American Hospital,american hospital,,en,FALSE,Beni Suef,القاهرة,30.1032603,31.3778268,native_google,Google Maps,0.05,hospital,,unknown,map_only_unverified,low,1,FALSE,1,Google Maps,Google Maps,"15 Khaled Ibn Al Walid, مساكن شيراتون، القاهرة، Cairo Governorate 11653, Egypt",FALSE,02 22670702,02 22670702,landline,TRUE,TRUE,scraped_unverified
NEW0113,مستشفى وادي النيل,مستشفي وادي النيل,,ar,FALSE,Beni Suef,Amreya,30.099112400000003,31.2957622,native_google,Google Maps,0.05,hospital,,unknown,map_only_unverified,low,1,FALSE,1,Google Maps,Google Maps,"شارع وادي النيل، Omarat Al Saudeya, AZ Zaytoun Al Qebleyah, Amreya, Cairo Governorate 4511014, Egypt",FALSE,02 24562700,02 24562700,landline,TRUE,TRUE,scraped_unverified
NEW0114,مستشفي المودة التخصصي,مستشفي المودة التخصصي,,ar,FALSE,Beni Suef,Biba,28.928827,30.9867055,native_google,Google Maps,0.05,hospital,,unknown,map_only_unverified,low,1,FALSE,1,Google Maps,Google Maps,"شرق كوبرى فابريقة ببا - بداية طريق كفر ناصر، ببا، محافظة بني سويف،، WXHP+GMP, Kafr Nasir, Biba, Beni Suef Governorate 2655611, Egypt",FALSE,082 4405851,082 4405851,landline,TRUE,TRUE,scraped_unverified
NEW0115,Sinai Clinic Hospital,sinai clinic hospital,,en,FALSE,Beni Suef,أول شرم الشيخ,27.861017,34.304459699999995,native_google,Google Maps,0.05,hospital,,unknown,map_only_unverified,low,1,FALSE,1,Google Maps,Google Maps,"El Bonouk Street UMM EL SID HILL EG, أول شرم الشيخ، محافظة جنوب سيناء 8762510, Egypt",FALSE,012 81999947,012 81999947,mobile,TRUE,TRUE,scraped_unverified
NEW0116,Arab Contractors Medical Centre,arab contractors medical centre,,en,FALSE,Beni Suef,Nasr City,30.0541947,31.2965303,native_google,Google Maps,0.05,medical_center,,unknown,map_only_unverified,low,1,FALSE,1,Google Maps,Google Maps,"Al Gabal Al Akhdar, Al Abageyah, Nasr City, Cairo Governorate 4433013, Egypt",FALSE,02 23426000,02 23426000,landline,TRUE,TRUE,scraped_unverified
NEW0117,El Safa Hospital,el safa hospital,,en,FALSE,Beni Suef,Agouza,30.0518749,31.197320800000004,native_google,Google Maps,0.05,hospital,,unknown,map_only_unverified,low,1,FALSE,1,Google Maps,Google Maps,"40 Iraq, Gazirat Mit Oqbah, Agouza, Giza Governorate 3752231, Egypt",FALSE,02 33361010,02 33361010,landline,TRUE,TRUE,scraped_unverified
NEW0118,مستشفى الضبعه العام,مستشفي الضبعه العام,,ar,FALSE,Beni Suef,الساحل الشمالى,31.0306715,28.4454569,native_google,Google Maps,0.05,hospital,,unknown,map_only_unverified,low,1,FALSE,1,Google Maps,Google Maps,"2CJW+66M, Ghazal, الساحل الشمالى، Marsa Matrouh Governorate 5004440, Egypt",FALSE,,,,FALSE,TRUE,scraped_unverified
NEW0119,Aslaan Ras El Hekma Medical Center,aslaan ras el hekma medical center,,en,FALSE,Beni Suef,قسم مرسى مطروح,31.2526827,27.383042,native_google,Google Maps,0.05,hospital,,unknown,map_only_unverified,low,1,FALSE,1,Google Maps,Google Maps,"Kilo 270, North Coast (El Sahel, Ras El Hekma, قسم مرسى مطروح، محافظة مطروح 51714, Egypt",FALSE,010 34427027,010 34427027,mobile,TRUE,TRUE,scraped_unverified
NEW0120,El Warraq Central Hospital,el warraq central hospital,,en,FALSE,Beni Suef,Al Warak,30.0933483,31.2137186,native_google,Google Maps,0.05,general_hospital,,unknown,map_only_unverified,low,1,FALSE,1,Google Maps,Google Maps,"36V7+CF5, Warraq Al Arab, Al Warak, Giza Governorate 3860255, Egypt",FALSE,02 35405624,02 35405624,landline,TRUE,TRUE,scraped_unverified
NEW0121,Marina Central Hospital,marina central hospital,,en,FALSE,Beni Suef,North Coast,30.8226343,29.0277901,native_google,Google Maps,0.05,hospital,,unknown,map_only_unverified,low,1,FALSE,1,Google Maps,Google Maps,"R2FH+343، ش شانزليزيه، North Coast, Marsa Matrouh Governorate 5081001, Egypt",FALSE,046 4060833,046 4060833,landline,TRUE,TRUE,scraped_unverified
NEW0122,Helwan General Hospital,helwan general hospital,,en,FALSE,Beni Suef,Helwan,29.847156799999997,31.3419845,native_google,Google Maps,0.05,general_hospital,,unknown,map_only_unverified,low,1,FALSE,1,Google Maps,Google Maps,"R8WR+VQ9, Intersection Of Faidy St, Helwan Sharkeya, Helwan, Cairo Governorate 4037001, Egypt",FALSE,02 25564364,02 25564364,landline,TRUE,TRUE,scraped_unverified
NEW0123,Tiba Specialized Hospital,tiba specialized hospital,,en,FALSE,Beni Suef,Esna,25.3354005,32.5512874,native_google,Google Maps,0.05,hospital,,unknown,map_only_unverified,low,1,FALSE,1,Google Maps,Google Maps,"مستشفى طيبه التخصصي، Ad Deir, Esna, Luxor Governorate 1316330, Egypt",FALSE,095 2560134,095 2560134,landline,TRUE,TRUE,scraped_unverified
NEW0124,Elgouna hospital,elgouna hospital,,en,FALSE,Beni Suef,Hurghada 2,27.395557999999998,33.669868799999996,native_google,Google Maps,0.05,hospital,,unknown,map_only_unverified,low,1,FALSE,1,Google Maps,Google Maps,"،, Hurghada 2, Red Sea Governorate 1982710, Egypt",FALSE,065 3580011,065 3580011,landline,TRUE,TRUE,scraped_unverified
NEW0125,AAST-MT ALAMEIN HOSPITAL,aast-mt alamein hospital,,en,FALSE,Beni Suef,El Alamein,30.828330100000002,28.880264099999994,native_google,Google Maps,0.05,hospital,,unknown,map_only_unverified,low,1,FALSE,1,Google Maps,Google Maps,"RVHJ+FQ4, Al Alameen City, El Alamein, Marsa Matrouh Governorate 5060305, Egypt",FALSE,,,,FALSE,TRUE,scraped_unverified
NEW0126,الوحدة الصحية بقرية جلال,الوحدة الصحية بقرية جلال,,ar,FALSE,Beni Suef,Al Dabaa,31.0365415,28.181271,native_google,Google Maps,0.05,hospital,,unknown,map_only_unverified,low,1,FALSE,1,Google Maps,Google Maps,"25PJ+JG6, Al Dabaa, Marsa Matrouh Governorate 5002532, Egypt",FALSE,,,,FALSE,TRUE,scraped_unverified
NEW0127,Anglo American Hospital,anglo american hospital,,en,FALSE,Beni Suef,Zamalek,30.046353,31.2216344,native_google,Google Maps,0.05,hospital,,unknown,map_only_unverified,low,1,FALSE,1,Google Maps,Google Maps,"Zamalek, Cairo Governorate 4270023, Egypt",FALSE,02 27356164,02 27356164,landline,TRUE,TRUE,scraped_unverified
NEW0128,El Nozha International Hospital,el nozha international hospital,,en,FALSE,Beni Suef,El Nozha,30.100263,31.3726564,native_google,Google Maps,0.05,hospital,,unknown,map_only_unverified,low,1,FALSE,1,Google Maps,Google Maps,"9 El رشيد، Sheraton Al Matar, El Nozha, Cairo Governorate 4471141, Egypt",FALSE,02 22660555,02 22660555,landline,TRUE,TRUE,scraped_unverified
NEW0129,الوحدة الصحية بقرية الرقة الغربية,الوحدة الصحية بقرية الرقة الغربية,,ar,FALSE,Beni Suef,El Ayyat,29.415789999999998,31.1900136,native_google,Google Maps,0.05,general_hospital,,unknown,map_only_unverified,low,1,FALSE,1,Google Maps,Google Maps,"C58R+6F5, AR Raqa Al Gharbeyah, El Ayyat, Giza Governorate 3310111, Egypt",FALSE,,,,FALSE,TRUE,scraped_unverified
NEW0130,الوحدة الصحية قفطان الغربية,الوحدة الصحية قفطان الغربية,,ar,FALSE,Beni Suef,Sumusta El Waqf,28.9413773,30.822413299999997,native_google,Google Maps,0.05,hospital,,unknown,map_only_unverified,low,1,FALSE,1,Google Maps,Google Maps,"WRRC+HX3, Izbat Qaftan, Sumusta El Waqf, Beni Suef Governorate 2630740, Egypt",FALSE,,,,FALSE,TRUE,scraped_unverified
NEW0131,Al Safwa Hospital,al safwa hospital,,en,FALSE,Beni Suef,El Sahel,30.092771900000002,31.245928199999998,native_google,Google Maps,0.05,hospital,,unknown,map_only_unverified,low,1,FALSE,1,Google Maps,Google Maps,"3 Monit Al Serag, Sherif, El Sahel, Cairo Governorate 4354030, Egypt",FALSE,02 24302001,02 24302001,landline,TRUE,TRUE,scraped_unverified
NEW0132,Town Hospital,town hospital,,en,FALSE,Beni Suef,New Cairo 1,30.009978399999998,31.436777499999998,native_google,Google Maps,0.05,general_hospital,,unknown,map_only_unverified,low,1,FALSE,1,Google Maps,Google Maps,"رقم 14 – 15 شارع 53, الحي الثاني, New Cairo 1, Cairo Governorate 4723315, Egypt",FALSE,02 25650297,02 25650297,landline,TRUE,TRUE,scraped_unverified
NEW0133,Mostafa Mahmoud Specialized Hospital,mostafa mahmoud specialized hospital,,en,FALSE,Beni Suef,Agouza,30.0626027,31.195104100000002,native_google,Google Maps,0.05,general_hospital,,unknown,map_only_unverified,low,1,FALSE,1,Google Maps,Google Maps,"357W+336، 24 شارع النيل، Mit Akaba, Agouza, Giza Governorate 3754240, Egypt",FALSE,02 33027352,02 33027352,landline,TRUE,TRUE,scraped_unverified
NEW0134,مستشفى النيل بدرواي - كليوباترا - المعادى,مستشفي النيل بدرواي - كليوباترا - المعادي,,ar,FALSE,Beni Suef,Maadi,29.9825766,31.231193500000003,native_google,Google Maps,0.05,hospital,,unknown,map_only_unverified,low,1,FALSE,1,Google Maps,Google Maps,"Nile Corniche, المعادى, Maadi, Cairo Governorate 4220501, Egypt",FALSE,219668,219668,landline,TRUE,TRUE,scraped_unverified
NEW0135,مستشفى كليوباترا - مصر الجديدة,مستشفي كليوباترا - مصر الجديدة,,ar,FALSE,Beni Suef,Heliopolis,30.0930721,31.329815899999996,native_google,Google Maps,0.05,hospital,,unknown,map_only_unverified,low,1,FALSE,1,Google Maps,Google Maps,"39 Cleopatra، Salah Eldin Square St، Almazah, Heliopolis, Cairo Governorate 4460292, Egypt",FALSE,02 24143931,02 24143931,landline,TRUE,TRUE,scraped_unverified
NEW0136,Andalusia Smouha Hospital,andalusia smouha hospital,,en,FALSE,Beni Suef,Sidi Gaber,31.2164379,29.942040000000002,native_google,Google Maps,0.05,hospital,,unknown,map_only_unverified,low,1,FALSE,1,Google Maps,Google Maps,"35 Mohamed Bahaa Eldin Al Ghatwary Smouha، Ezbet Saad, Sidi Gaber, Alexandria Governorate 5432065, Egypt",FALSE,03 4880901,03 4880901,landline,TRUE,TRUE,scraped_unverified
NEW0137,Capital Hospital,capital hospital,,en,FALSE,Beni Suef,Cairo Governorate Desert,29.9948913,31.6846573,native_google,Google Maps,0.05,hospital,,unknown,map_only_unverified,low,1,FALSE,1,Google Maps,Google Maps,"المدينة الطبية R6 - العاصمة الادارية، العاصمة الادارية، Cairo Governorate Desert, Cairo Governorate 4818101, Egypt",FALSE,012 26356763,012 26356763,mobile,TRUE,TRUE,scraped_unverified
NEW0138,مستشفي راس الحكمة المركزى مطروح,مستشفي راس الحكمة المركزي مطروح,,ar,FALSE,Beni Suef,قسم مرسى مطروح,31.1124955,27.823155999999997,native_google,Google Maps,0.05,hospital,,unknown,map_only_unverified,low,1,FALSE,1,Google Maps,Google Maps,"Al Mustashfa Al Itali, قسم مرسى مطروح، محافظة مطروح 5058640, Egypt",FALSE,046 4500059,046 4500059,landline,TRUE,TRUE,scraped_unverified
NEW0139,El Karnak International Hospital,el karnak international hospital,,en,FALSE,Beni Suef,Luxor,25.7083896,32.645274,native_google,Google Maps,0.05,hospital,,unknown,map_only_unverified,low,1,FALSE,1,Google Maps,Google Maps,"PJ5W+942, Kornish Al Nile, Karnak, Luxor, Luxor Governorate 1362601, Egypt",FALSE,095 2372025,095 2372025,landline,TRUE,TRUE,scraped_unverified
NEW0140,Luxor Medical Complex,luxor medical complex,,en,FALSE,Beni Suef,Luxor,25.687245899999997,32.6395152,native_google,Google Maps,0.05,hospital,,unknown,map_only_unverified,low,1,FALSE,1,Google Maps,Google Maps,"Television St، Gazirat Al Awameyah, Luxor, Luxor Governorate 1351201, Egypt",FALSE,095 2277194,095 2277194,landline,TRUE,TRUE,scraped_unverified
NEW0141,Huwaidi Hospital,huwaidi hospital,,en,FALSE,Beni Suef,Second Tanta,30.8014601,31.000776000000002,native_google,Google Maps,0.05,hospital,,unknown,map_only_unverified,low,1,FALSE,1,Google Maps,Google Maps,"R222+H8J, AMRO Ibn Al Aas, Tanta Qism 2, Second Tanta, Gharbia Governorate 6632133, Egypt",FALSE,040 3306622,040 3306622,landline,TRUE,TRUE,scraped_unverified
NEW0142,Assafwa Hospital,assafwa hospital,,en,FALSE,Beni Suef,Misrata,32.3556399,15.1128535,native_google,Google Maps,0.05,hospital,,unknown,map_only_unverified,low,1,FALSE,1,Google Maps,Google Maps,"9447+745, Misrata, Libya",FALSE,091-2509067,091-2509067,landline,TRUE,TRUE,scraped_unverified
NEW0143,NORTH COAST MEDICAL CENTER,north coast medical center,,en,FALSE,Beni Suef,العلمين,30.968033799999997,28.748797499999995,native_google,Google Maps,0.05,medical_center,,unknown,map_only_unverified,low,1,FALSE,1,Google Maps,Google Maps,"North Coast- New, NORTH COAST - NEW, العلمين، محافظة مطروح 22621, Egypt",FALSE,015 59899947,015 59899947,mobile,TRUE,TRUE,scraped_unverified
NEW0144,مستشفى كارما٢,مستشفي كارما٢,,ar,FALSE,Beni Suef,Cairo Governorate Desert,29.9325555,31.614328500000003,native_google,Google Maps,0.05,general_hospital,,unknown,map_only_unverified,low,1,FALSE,1,Google Maps,Google Maps,"WJJ7+XP, Cairo Governorate Desert, Cairo Governorate 4802202, Egypt",FALSE,,,,FALSE,TRUE,scraped_unverified
NEW0145,الوحدة الصحية بالجفيرة,الوحدة الصحية بالجفيرة,,ar,FALSE,Beni Suef,Al Dabaa,31.067767199999995,28.1250006,native_google,Google Maps,0.05,hospital,,unknown,map_only_unverified,low,1,FALSE,1,Google Maps,Google Maps,"349G+422, Al Dabaa, Marsa Matrouh Governorate 5002513, Egypt",FALSE,,,,FALSE,TRUE,scraped_unverified
NEW0146,مركز فجر الاسلام الطبي,مركز فجر الاسلام الطبي,,ar,FALSE,Beni Suef,قسم مرسى مطروح,31.4062974,26.586518899999998,native_google,Google Maps,0.05,hospital,,unknown,map_only_unverified,low,1,FALSE,1,Google Maps,Google Maps,"قسم مرسى مطروح، محافظة مطروح 5042125, Egypt",FALSE,010 06121518,010 06121518,mobile,TRUE,TRUE,scraped_unverified
NEW0147,safa medley hub,safa medley hub,,en,FALSE,Beni Suef,Mersa Matruh,31.3543445,27.2373159,native_google,Google Maps,0.05,hospital,,unknown,map_only_unverified,low,1,FALSE,1,Google Maps,Google Maps,"963P+PWP, Mersa Matruh, Marsa Matrouh Governorate 5057005, Egypt",FALSE,010 15576666,010 15576666,mobile,TRUE,TRUE,scraped_unverified
NEW0148,Taiba Hospital,taiba hospital,,en,FALSE,Beni Suef,Second Tanta,30.794495,31.002478999999997,native_google,Google Maps,0.05,hospital,,unknown,map_only_unverified,low,1,FALSE,1,Google Maps,Google Maps,"Tout Aankh Amoun, Tanta Qism 2, Second Tanta, Gharbia Governorate 6632362, Egypt",FALSE,040 3270273,040 3270273,landline,TRUE,TRUE,scraped_unverified
NEW0149,مستشفى الصرف الصحى,مستشفي الصرف الصحي,,ar,FALSE,Beni Suef,Imbaba,30.0849491,31.2196951,native_google,Google Maps,0.05,general_hospital,,unknown,map_only_unverified,low,1,FALSE,1,Google Maps,Google Maps,"36M9+XVG, El-Tahrir City, Imbaba, Giza Governorate 3854632, Egypt",FALSE,,,,FALSE,TRUE,scraped_unverified
NEW0150,مستشفي الحمام العسكري,مستشفي الحمام العسكري,,ar,FALSE,Beni Suef,مركز الحمام,30.7212158,29.322367099999994,native_google,Google Maps,0.05,hospital,,unknown,map_only_unverified,low,1,FALSE,1,Google Maps,Google Maps,"Unnamed Road, P8CC+FWQ، مركز الحمام، محافظة مطروح 5070210, Egypt",FALSE,,,,FALSE,TRUE,scraped_unverified
NEW0151,مركز امان للولاده والاطفال,مركز امان للولاده والاطفال,,ar,FALSE,Beni Suef,First 6th of October,29.969251300000003,30.938954499999998,native_google,Google Maps,0.05,medical_clinic,,likely,map_only_unverified,low,1,FALSE,1,Google Maps,Google Maps,"التوحيد والنور (الحصري)، قسم أول 6 أكتوبر، اول 6 أكتوبر، الجيزة، مصر فراج سنتر، First 6th of October, Giza Governorate 3232021, Egypt",FALSE,011 11907015,011 11907015,mobile,TRUE,TRUE,scraped_unverified
NEW0152,Dr. Aisha Mahmoud Hospital,dr. aisha mahmoud hospital,,en,FALSE,Beni Suef,First 6th of October,29.984998599999997,30.9803574,native_google,Google Maps,0.05,medical_clinic,,unknown,map_only_unverified,low,1,FALSE,1,Google Maps,Google Maps,"19-، Street 20, First 6th of October, Giza Governorate 3237217, Egypt",FALSE,03 8832848,03 8832848,landline,TRUE,TRUE,scraped_unverified
NEW0153,الشفا للنساء والولادة,الشفا للنساء والولادة,,ar,FALSE,Beni Suef,Al Haram,29.951292600000002,31.089842999999995,native_google,Google Maps,0.05,hospital,,likely,map_only_unverified,low,1,FALSE,1,Google Maps,Google Maps,"رقم 9، Al Haram, Giza Governorate 3510101, Egypt",FALSE,010 00730019,010 00730019,mobile,TRUE,TRUE,scraped_unverified
NEW0154,مركز الشرق للنساء والولادة,مركز الشرق للنساء والولادة,,ar,FALSE,Beni Suef,Imbaba,30.046025300000004,31.1342282,native_google,Google Maps,0.05,health,,likely,map_only_unverified,low,1,FALSE,1,Google Maps,Google Maps,"Nahia, Imbaba, Giza Governorate 3647022, Egypt",FALSE,,,,FALSE,TRUE,scraped_unverified
NEW0155,مركز الفؤاد الطبي التخصصي,مركز الفؤاد الطبي التخصصي,,ar,FALSE,Beni Suef,El Wasta,29.3446271,31.202820400000004,native_google,Google Maps,0.05,medical_clinic,,unknown,map_only_unverified,low,1,FALSE,1,Google Maps,Google Maps,"86V3+V44, Afwah, El Wasta, Beni Suef Governorate 2754229, Egypt",FALSE,011 50227966,011 50227966,mobile,TRUE,TRUE,scraped_unverified
NEW0156,مركز الشفاء التخصصي للنساء والتوليد,مركز الشفاء التخصصي للنساء والتوليد,,ar,FALSE,Beni Suef,El Wahat El Bahariya,29.4103743,31.242878599999997,native_google,Google Maps,0.05,hospital,,likely,map_only_unverified,low,1,FALSE,1,Google Maps,Google Maps,"أمام البنك الزراعي، الرقة القبلية، قسم الواحات البحرية،، AR Raqa Al Qebleyah, El Wahat El Bahariya, Giza Governorate 12957, Egypt",FALSE,02 38411618,02 38411618,landline,TRUE,TRUE,scraped_unverified
NEW0157,Life Women's Hospital and birth,life women's hospital and birth,,en,FALSE,Beni Suef,El Hawamdeya,29.8970992,31.2711622,native_google,Google Maps,0.05,medical_clinic,,likely,map_only_unverified,low,1,FALSE,1,Google Maps,Google Maps,"V7WC+RFM, Madinet Al Hawamdeyah, El Hawamdeya, Giza Governorate 3395014, Egypt",FALSE,123195422,123195422,mobile,TRUE,TRUE,scraped_unverified
NEW0158,مستوصف الدعوة الإسلامية بالواسطى بنى سويف,مستوصف الدعوة الاسلامية بالواسطي بني سويف,,ar,FALSE,Beni Suef,El Wasta,29.345205000000004,31.208489399999994,native_google,Google Maps,0.05,medical_center,,unknown,map_only_unverified,low,1,FALSE,1,Google Maps,Google Maps,"جمال عبد الناصر، مركز الواسطى،، Gazirat Al Mesaadah, El Wasta, Beni Suef Governorate 2757484, Egypt",FALSE,010 68189689,010 68189689,mobile,TRUE,TRUE,scraped_unverified
NEW0159,وحـدة صحة الأسرة بقرية أدريجة,وحـدة صحة الاسرة بقرية ادريجة,,ar,FALSE,Beni Suef,El Wasta,29.269822200000004,31.1851359,native_google,Google Maps,0.05,hospital,,unknown,map_only_unverified,low,1,FALSE,1,Google Maps,Google Maps,"759P+W3C, Zawyet Al Masloub, El Wasta, Beni Suef Governorate 2752352, Egypt",FALSE,,,,FALSE,TRUE,scraped_unverified
NEW0160,Rofayda Maternity,rofayda maternity,,en,FALSE,Beni Suef,First Al Sheikh Zayed,30.021979899999998,31.006616799999996,native_google,Google Maps,0.05,hospital,,likely,map_only_unverified,low,1,FALSE,1,Google Maps,Google Maps,"27 محور كريزي واتر مدخل ٢، First Al Sheikh Zayed, Giza Governorate 3245501, Egypt",FALSE,0219166,0219166,landline,TRUE,TRUE,scraped_unverified
NEW0161,El Nada Hospital Manial,el nada hospital manial,,en,FALSE,Beni Suef,Old Cairo,30.018432699999995,31.224840999999998,native_google,Google Maps,0.05,hospital,,unknown,map_only_unverified,low,1,FALSE,1,Google Maps,Google Maps,"54 Al Manial, Al Manyal Al Gharbi, Old Cairo, Cairo Governorate 11553, Egypt",FALSE,02 25311616,02 25311616,landline,TRUE,TRUE,scraped_unverified
NEW0162,El Nada Hospital Sheikh Zayed - مستشفى الندى الشيخ زايد,El Nada Hospital Sheikh Zayed - مستشفي الندي الشيخ زايد,,ar,FALSE,Beni Suef,Second Al Sheikh Zayed,30.0674914,30.933877199999998,native_google,Google Maps,0.05,hospital,,unknown,map_only_unverified,low,1,FALSE,1,Google Maps,Google Maps,"Westown, Sodic، Second Al Sheikh Zayed, Giza Governorate 3240001, Egypt",FALSE,010 33376450,010 33376450,mobile,TRUE,TRUE,scraped_unverified
NEW0163,مركز كوينز لأمراض النساء والتوليد د- محمد النحاس,مركز كوينز لامراض النساء والتوليد د- محمد النحاس,,ar,FALSE,Beni Suef,مركز أشمون,30.296354899999997,30.975879899999995,native_google,Google Maps,0.05,hospital,,likely,map_only_unverified,low,1,FALSE,1,Google Maps,Google Maps,"شارع محمد محسن حمد،, مدينة أشمون، أشمون، المنوفية،, مدينة أشمون، أشمون، المنوفية،, مدينة أشمون، مركز أشمون، محافظة المنوفية 6022638, Egypt",FALSE,012 82501999,012 82501999,mobile,TRUE,TRUE,scraped_unverified
NEW0164,Rofayda Hospital,rofayda hospital,,en,FALSE,Beni Suef,First Al Sheikh Zayed,30.022152900000002,31.006706200000004,native_google,Google Maps,0.05,hospital,,unknown,map_only_unverified,low,1,FALSE,1,Google Maps,Google Maps,"27, Crazy Water Axis، Entrance 2، First Al Sheikh Zayed, Giza Governorate 3245501, Egypt",FALSE,219166,219166,landline,TRUE,TRUE,scraped_unverified
NEW0165,مستشفى الدكتور عباس بكفر جرزا,مستشفي الدكتور عباس بكفر جرزا,,ar,FALSE,Beni Suef,El Ayyat,29.4462577,31.2064071,native_google,Google Maps,0.05,hospital,,unknown,map_only_unverified,low,1,FALSE,1,Google Maps,Google Maps,"C6W4+GH3, Aswan Western Agricultural Rd, Kafr Garzah, El Ayyat, Giza Governorate 3314601, Egypt",FALSE,,,,FALSE,TRUE,scraped_unverified
NEW0166,6th Of October Central Hospital,6th of october central hospital,,en,FALSE,Beni Suef,6th of October City (2),29.949235899999998,30.912505399999997,native_google,Google Maps,0.05,hospital,,unknown,map_only_unverified,low,1,FALSE,1,Google Maps,Google Maps,"6th of October City (2), Giza Governorate 3225118, Egypt",FALSE,,,,FALSE,TRUE,scraped_unverified
NEW0167,Al Wadi Qudurat Hospital,al wadi qudurat hospital,,en,FALSE,Beni Suef,Al Giza,29.967930900000002,30.9492293,native_google,Google Maps,0.05,hospital,,unknown,map_only_unverified,low,1,FALSE,1,Google Maps,Google Maps,"El-Tahrir Rd, First 6th of October, Al Giza, Giza Governorate 3232701, Egypt",FALSE,012 12240010,012 12240010,mobile,TRUE,TRUE,scraped_unverified
NEW0168,Cairo Medical Center October - كايرو ميديكال سنتر اكتوبر,Cairo Medical Center October - كايرو ميديكال سنتر اكتوبر,,ar,FALSE,Beni Suef,6th of October City (2),29.9553917,30.918199800000004,native_google,Google Maps,0.05,hospital,,unknown,map_only_unverified,low,1,FALSE,1,Google Maps,Google Maps,"Al Mehwar Al Markazi, First 6th of October, 6th of October City (2), Giza Governorate 12563, Egypt",FALSE,02 38244446,02 38244446,landline,TRUE,TRUE,scraped_unverified
NEW0169,The Memorial Souad Kafafi University Hospital,the memorial souad kafafi university hospital,,en,FALSE,Beni Suef,First 6th of October,29.997411900000003,30.9659736,native_google,Google Maps,0.05,hospital,,unknown,map_only_unverified,low,1,FALSE,1,Google Maps,Google Maps,"26th of July Corridor, First 6th of October, Giza Governorate 12568, Egypt",FALSE,,,,FALSE,TRUE,scraped_unverified
NEW0170,Neuro Spine Hospital,neuro spine hospital,,en,FALSE,Beni Suef,قسم ثان 6 أكتوبر,29.9720397,30.93951,native_google,Google Maps,0.05,hospital,,unknown,map_only_unverified,low,1,FALSE,1,Google Maps,Google Maps,"خلف مسجد الحصري, المحور المركزي، مول لاسيتيه, قسم ثان 6 أكتوبر، محافظة الجيزة 3232023, Egypt",FALSE,010 23470201,010 23470201,mobile,TRUE,TRUE,scraped_unverified
NEW0171,El Gabry Hospital,el gabry hospital,,en,FALSE,Beni Suef,First 6th of October,29.9577862,30.9326244,native_google,Google Maps,0.05,hospital,,unknown,map_only_unverified,low,1,FALSE,1,Google Maps,Google Maps,"First 6th of October, Giza Governorate 3232201, Egypt",FALSE,010 12496388,010 12496388,mobile,TRUE,TRUE,scraped_unverified
NEW0172,El Zohour Hospital,el zohour hospital,,en,FALSE,Beni Suef,المنوفى 6 اكتوبر,29.9831577,30.9362665,native_google,Google Maps,0.05,hospital,,unknown,map_only_unverified,low,1,FALSE,1,Google Maps,Google Maps,"المجاورة الثالثه، الحي السابع، المنوفى 6 اكتوبر، Giza Governorate 3231402, Egypt",FALSE,02 38362462,02 38362462,landline,TRUE,TRUE,scraped_unverified
NEW0173,Infinity scan,infinity scan,,en,FALSE,Beni Suef,قسم ثان 6 أكتوبر,29.9478899,30.9136733,native_google,Google Maps,0.05,hospital,,unknown,map_only_unverified,low,1,FALSE,1,Google Maps,Google Maps,"16 محور الكفراوي بجوار مستشفى, بجوار مستشفى أكتوبر المركزي, المدخل الخلفي لمول إنفينيتي, قسم ثان 6 أكتوبر، محافظة الجيزة 12563, Egypt",FALSE,010 08306995,010 08306995,mobile,TRUE,TRUE,scraped_unverified
NEW0174,Dar Al Fouad Hospital,dar al fouad hospital,,en,FALSE,Beni Suef,First 6th of October,29.998647899999998,30.967432799999994,native_google,Google Maps,0.05,hospital,,unknown,map_only_unverified,low,1,FALSE,1,Google Maps,Google Maps,"26th of July Corridor, المنطقة السياحية،، First 6th of October, Giza Governorate 12568, Egypt",FALSE,0216370,0216370,landline,TRUE,TRUE,scraped_unverified
NEW0175,اجبان بالميزان الحي السادس,اجبان بالميزان الحي السادس,,ar,FALSE,Beni Suef,6th of October City (2),29.9474281,30.9119094,native_google,Google Maps,0.05,food_store,,unknown,map_only_unverified,low,1,FALSE,1,Google Maps,Google Maps,"خلف المستشفى العام السوق الحضاري، ب, 6th of October City (2), Giza Governorate 12345, Egypt",FALSE,011 30097036,011 30097036,mobile,TRUE,TRUE,scraped_unverified
NEW0176,Al sheikh zayed central hospital,al sheikh zayed central hospital,,en,FALSE,Beni Suef,First Al Sheikh Zayed,30.0400986,31.0092176,native_google,Google Maps,0.05,hospital,,unknown,map_only_unverified,low,1,FALSE,1,Google Maps,Google Maps,"Street 30, First Al Sheikh Zayed, Giza Governorate 3245410, Egypt",FALSE,,,,FALSE,TRUE,scraped_unverified
NEW0177,مستشفى نيورو اسبيتاليا,مستشفي نيورو اسبيتاليا,,ar,FALSE,Beni Suef,First 6th of October,29.9843929,30.9838128,native_google,Google Maps,0.05,hospital,,unknown,map_only_unverified,low,1,FALSE,1,Google Maps,Google Maps,"٥٢ Abd El-Aziz Basha Fahmy, First 6th of October, Giza Governorate 3237242, Egypt",FALSE,02 25869777,02 25869777,landline,TRUE,TRUE,scraped_unverified
NEW0178,"El Nouran Center for Physical Therapy, Obesity and Thinness and Skin and Hair Problems","el nouran center for physical therapy, obesity and thinness and skin and hair problems",,en,FALSE,Beni Suef,6th of October City (2),29.9348266,30.921170699999998,native_google,Google Maps,0.05,medical_center,,unknown,map_only_unverified,low,1,FALSE,1,Google Maps,Google Maps,"مدينة 6 أكتوبر-الحي السادس-المجاورة الخامسه -شارع الأسعاف October 6, Al Jizah, Egypt، الأسعاف Ibrahim Abd Al Kader Al Mazni - Al Issaaf, 6th of October City (2), Giza Governorate 3225233, Egypt",FALSE,010 24746931,010 24746931,mobile,TRUE,TRUE,scraped_unverified
NEW0179,عيادة التأمين الصحي للعاملين بمدينة 6 اكتوبر,عيادة التامين الصحي للعاملين بمدينة 6 اكتوبر,,ar,FALSE,Beni Suef,6th of October City (2),29.9390467,30.9111218,native_google,Google Maps,0.05,hospital,,unknown,map_only_unverified,low,1,FALSE,1,Google Maps,Google Maps,"8, 9 Industrial Zone St - Al Sentral, 6th of October City (2), Giza Governorate 3225131, Egypt",FALSE,,,,FALSE,TRUE,scraped_unverified
NEW0180,6 October Office Health Library-Health Office,6 october office health library-health office,,en,FALSE,Beni Suef,6th of October City (2),29.9342909,30.917594800000003,native_google,Google Maps,0.05,hospital,,unknown,map_only_unverified,low,1,FALSE,1,Google Maps,Google Maps,"41 Al Mahad Al Azhari, 6th of October City (2), Giza Governorate 3225216, Egypt",FALSE,,,,FALSE,TRUE,scraped_unverified
NEW0181,Sheikh Zayed Specialized Hospital,sheikh zayed specialized hospital,,en,FALSE,Beni Suef,First Al Sheikh Zayed,30.032205500000003,31.0030482,native_google,Google Maps,0.05,hospital,,unknown,map_only_unverified,low,1,FALSE,1,Google Maps,Google Maps,"First Al Sheikh Zayed, Giza Governorate 3244420, Egypt",FALSE,,,,FALSE,TRUE,scraped_unverified
NEW0182,I H U N,i h u n,,en,FALSE,Beni Suef,First 6th of October,29.983396400000004,30.984112799999995,native_google,Google Maps,0.05,hospital,,unknown,map_only_unverified,low,1,FALSE,1,Google Maps,Google Maps,"٥ Abd El-Moneim Riad Abd El-Khalik Tharwat, First 6th of October, Giza Governorate 3237303, Egypt",FALSE,02 38837500,02 38837500,landline,TRUE,TRUE,scraped_unverified
NEW0183,Cairo Medical Center Nabil A Maksoud,cairo medical center nabil a maksoud,,en,FALSE,Beni Suef,Second Al Sheikh Zayed,30.057298499999998,30.9395055,native_google,Google Maps,0.05,hospital,,unknown,map_only_unverified,low,1,FALSE,1,Google Maps,Google Maps,"3W4Q+WR6, Waslet Dahshur Rd, First 6th of October, Second Al Sheikh Zayed, Giza Governorate 3200101, Egypt",FALSE,02 38050741,02 38050741,landline,TRUE,TRUE,scraped_unverified
NEW0184,Ta'afee Specialized Clinics - عيادات تعافي التخصصية,Ta'afee Specialized Clinics - عيادات تعافي التخصصية,,ar,FALSE,Beni Suef,First 6th of October,29.9719581,30.9430892,native_google,Google Maps,0.05,medical_center,,unknown,map_only_unverified,low,1,FALSE,1,Google Maps,Google Maps,"3rd Floor, El Hosary Square, 2 Boraie Plaza Towers, First 6th of October, Giza Governorate 12573, Egypt",FALSE,011 19007403,011 19007403,mobile,TRUE,TRUE,scraped_unverified
NEW0185,عيادات النخبة التخصصية | Al-Nokhba Medical center,عيادات النخبة التخصصية | Al-Nokhba Medical center,,ar,FALSE,Beni Suef,First 6th of October,29.958581999999996,30.943002900000003,native_google,Google Maps,0.05,medical_center,,unknown,map_only_unverified,low,1,FALSE,1,Google Maps,Google Maps,"6 أكتوبر الحي الثالث، شارع 17، First 6th of October, Giza Governorate 3232350, Egypt",FALSE,010 20287707,010 20287707,mobile,TRUE,TRUE,scraped_unverified
NEW0186,Global Care Hospital,global care hospital,,en,FALSE,Beni Suef,First Al Sheikh Zayed,30.0308952,30.9989903,native_google,Google Maps,0.05,hospital,,unknown,map_only_unverified,low,1,FALSE,1,Google Maps,Google Maps,"خلف Al Shabab Rd, First Al Sheikh Zayed, Giza Governorate 12588, Egypt",FALSE,,,,FALSE,TRUE,scraped_unverified
NEW0187,الوحده الصحيه للرعاية الاوليه بصفوة اكتوبر,الوحده الصحيه للرعاية الاوليه بصفوة اكتوبر,,ar,FALSE,Beni Suef,October Gardens,29.9263161,31.0624145,native_google,Google Maps,0.05,hospital,,unknown,map_only_unverified,low,1,FALSE,1,Google Maps,Google Maps,"W3G6+GXV, First 6th of October, October Gardens, Giza Governorate 3282482, Egypt",FALSE,,,,FALSE,TRUE,scraped_unverified
NEW0188,Basmet Shefaa clinics,basmet shefaa clinics,,en,FALSE,Beni Suef,First 6th of October,30.007881899999997,30.969608700000002,native_google,Google Maps,0.05,medical_center,,unknown,map_only_unverified,low,1,FALSE,1,Google Maps,Google Maps,"Gamal Abd El-Nasir, First 6th of October, Giza Governorate 3236103, Egypt",FALSE,010 14647278,010 14647278,mobile,TRUE,TRUE,scraped_unverified
NEW0189,Dar El Oyoun Hospital,dar el oyoun hospital,,en,FALSE,Beni Suef,First Al Sheikh Zayed,30.021888699999998,31.006788499999995,native_google,Google Maps,0.05,hospital,,unknown,map_only_unverified,low,1,FALSE,1,Google Maps,Google Maps,"First Al Sheikh Zayed, Giza Governorate 3245501, Egypt",FALSE,0219978,0219978,landline,TRUE,TRUE,scraped_unverified
NEW0190,الوحدة الصحية بمشروع ١١٨٥,الوحدة الصحية بمشروع ١١٨٥,,ar,FALSE,Beni Suef,First 6th of October,29.887572499999997,31.047571599999998,native_google,Google Maps,0.05,hospital,,unknown,map_only_unverified,low,1,FALSE,1,Google Maps,Google Maps,"الظهير الصحراوى لمحافظة الجيزة،، V2QX+22G, First 6th of October, Giza Governorate 3270801, Egypt",FALSE,,,,FALSE,TRUE,scraped_unverified
NEW0191,مستشفي البرمبل العام,مستشفي البرمبل العام,,ar,FALSE,Beni Suef,El Wahat El Bahariya,29.3126111,31.2343375,native_google,Google Maps,0.05,hospital,,unknown,map_only_unverified,low,1,FALSE,1,Google Maps,Google Maps,"867M+2PW, Al Borombol, El Wahat El Bahariya, Giza Governorate 3403611, Egypt",FALSE,,,,FALSE,TRUE,scraped_unverified
NEW0192,الوحدة الصحية بكوم الصعايدة,الوحدة الصحية بكوم الصعايدة,,ar,FALSE,Beni Suef,Biba,28.889880899999998,30.9144166,native_google,Google Maps,0.05,hospital,,unknown,map_only_unverified,low,1,FALSE,1,Google Maps,Google Maps,"VWQ7+XQ3, Kom El-Saaidah, Biba, Beni Suef Governorate 2653354, Egypt",FALSE,,,,FALSE,TRUE,scraped_unverified
NEW0193,El Safwa Hospital,el safwa hospital,,en,FALSE,Beni Suef,Amreya 1,31.0165625,29.797187500000003,native_google,Google Maps,0.05,hospital,,unknown,map_only_unverified,low,1,FALSE,1,Google Maps,Google Maps,"Al Amrereyah Gharb, Amreya 1, Alexandria Governorate 5253352, Egypt",FALSE,03 4499994,03 4499994,landline,TRUE,TRUE,scraped_unverified
NEW0194,المجمع الطبي,المجمع الطبي,,ar,FALSE,Beni Suef,First 6th of October,29.8875579,31.0662448,native_google,Google Maps,0.05,hospital,,unknown,map_only_unverified,low,1,FALSE,1,Google Maps,Google Maps,"V3Q8+2FH, First 6th of October, Giza Governorate 3274122, Egypt",FALSE,,,,FALSE,TRUE,scraped_unverified
NEW0195,مستشفي الصفوة الملكي,مستشفي الصفوة الملكي,,ar,FALSE,Beni Suef,Montaza 1,31.268297900000004,29.999117899999998,native_google,Google Maps,0.05,hospital,,unknown,map_only_unverified,low,1,FALSE,1,Google Maps,Google Maps,"24 Mohamed Anwar El Sadat Street, Sidi Beshr Bahri, Montaza 1, Alexandria Governorate 21624, Egypt",FALSE,03 5511255,03 5511255,landline,TRUE,TRUE,scraped_unverified
NEW0196,عيادات البر التخصصية,عيادات البر التخصصية,,ar,FALSE,Beni Suef,قسم أول 6 أكتوبر,29.974414,30.943731899999996,native_google,Google Maps,0.05,medical_clinic,,unknown,map_only_unverified,low,1,FALSE,1,Google Maps,Google Maps,"ميدان الحصري / مقابل جمعية الحصري مول زمزم / برج 6 / الدور الرابع, قسم أول 6 أكتوبر، محافظة الجيزة 3232030, Egypt",FALSE,010 32866453,010 32866453,mobile,TRUE,TRUE,scraped_unverified
NEW0197,Almighty mosque,almighty mosque,,en,FALSE,Beni Suef,First 6th of October,29.9790939,30.941730999999997,native_google,Google Maps,0.05,mosque,,unknown,map_only_unverified,low,1,FALSE,1,Google Maps,Google Maps,"XWHR+JMQ, First 6th of October, Giza Governorate 3231421, Egypt",FALSE,010 92410337,010 92410337,mobile,TRUE,TRUE,scraped_unverified
NEW0198,عيادات الخمائل التخصصية Khamayl Clinics,عيادات الخمائل التخصصية Khamayl Clinics,,ar,FALSE,Beni Suef,Second Al Sheikh Zayed,30.0215804,31.0196246,native_google,Google Maps,0.05,medical_center,,unknown,map_only_unverified,low,1,FALSE,1,Google Maps,Google Maps,"Gates Developments، El khamayel، AlShiekh Zaid، Second Al Sheikh Zayed, Giza Governorate 12588, Egypt",FALSE,010 17486666,010 17486666,mobile,TRUE,TRUE,scraped_unverified
NEW0199,مستشفى بهية للكشف المبكر وعلاج سرطان الثدي - الشيخ زايد | Baheya Hospital for Early Detection and Treatment of Breast Cancer,مستشفي بهية للكشف المبكر وعلاج سرطان الثدي - الشيخ زايد | Baheya Hospital for Early Detection and Treatment of Breast Cancer,,ar,FALSE,Beni Suef,First Al Sheikh Zayed,30.036135699999996,31.010543499999997,native_google,Google Maps,0.05,medical_clinic,,unknown,map_only_unverified,low,1,FALSE,1,Google Maps,Google Maps,"First Al Sheikh Zayed, Giza Governorate 12588, Egypt",FALSE,02 21203500,02 21203500,landline,TRUE,TRUE,scraped_unverified
NEW0200,Middle East Hospital,middle east hospital,,en,FALSE,Beni Suef,Qesm,31.2124943,29.9415089,native_google,Google Maps,0.05,hospital,,unknown,map_only_unverified,low,1,FALSE,1,Google Maps,Google Maps,"25 Mohammed Fawzi Moaz, Smouha, Ezbet Saad، Sidi Gabir, Qesm, Alexandria Governorate 5432050, Egypt",FALSE,03 4299505,03 4299505,landline,TRUE,TRUE,scraped_unverified
NEW0201,المستشفي المركزي للجمعيه الطبيه الاسلامية,المستشفي المركزي للجمعيه الطبيه الاسلامية,,ar,FALSE,Beni Suef,Nasr City,30.077337000000004,31.3470905,native_google,Google Maps,0.05,hospital,,unknown,map_only_unverified,low,1,FALSE,1,Google Maps,Google Maps,"تقاطع شارع عمر بن الخطاب مع حسن افلاطون - ارض الجولف - بجوار سيتي ستارز القاهرة، Hassan Aflaton, Masaken Al Mohandesin, Nasr City, Cairo Governorate 4451718, Egypt",FALSE,010 66696486,010 66696486,mobile,TRUE,TRUE,scraped_unverified
NEW0202,مستشفي حدائق اكتوبر المركزي ( تحت الانشاء),مستشفي حدائق اكتوبر المركزي ( تحت الانشاء),,ar,FALSE,Beni Suef,قسم ثالث 6 أكتوبر,29.920865,31.017047,native_google,Google Maps,0.05,hospital,,unknown,map_only_unverified,low,1,FALSE,1,Google Maps,Google Maps,"مدينة السادس من أكتوبر، قسم أول 6 أكتوبر،، قسم أول 6 أكتوبر, قسم أول 6 أكتوبر، قسم ثالث 6 أكتوبر، محافظة الجيزة 3264504, Egypt",FALSE,011 19622013,011 19622013,mobile,TRUE,TRUE,scraped_unverified
NEW0203,Hospital,hospital,,en,FALSE,Beni Suef,6th of October City (2),29.9565849,30.918277099999994,native_google,Google Maps,0.05,hospital,,unknown,map_only_unverified,low,1,FALSE,1,Google Maps,Google Maps,"XW49+J8J, Al Mehwar Al Markazi, First 6th of October, 6th of October City (2), Giza Governorate 3225015, Egypt",FALSE,02 38244756,02 38244756,landline,TRUE,TRUE,scraped_unverified
NEW0204,مركز رعاية القلب والحالات الحرجة التخصصي,مركز رعاية القلب والحالات الحرجة التخصصي,,ar,FALSE,Beni Suef,6th of October City (2),29.9559574,30.9178116,native_google,Google Maps,0.05,medical_center,,unknown,map_only_unverified,low,1,FALSE,1,Google Maps,Google Maps,"المحور المركزي، قسم أول 6 أكتوبر، اول 6 أكتوبر، الجيزة،، First 6th of October, 6th of October City (2), Giza Governorate 3225013, Egypt",FALSE,,,,FALSE,TRUE,scraped_unverified
NEW0205,المستشفى الإسلامى العام لدعاه التوحيد والسنه بالزيتون,المستشفي الاسلامي العام لدعاه التوحيد والسنه بالزيتون,,ar,FALSE,Beni Suef,Zeitoun,30.1021015,31.3114653,native_google,Google Maps,0.05,hospital,,unknown,map_only_unverified,low,1,FALSE,1,Google Maps,Google Maps,"20 العزيز بالله، الزيتون الشرقية، الزيتون،، El-Zaytoun Sharkeya, Zeitoun, Cairo Governorate 4521152, Egypt",FALSE,010 22393071,010 22393071,mobile,TRUE,TRUE,scraped_unverified
NEW0206,المركز السويسري للعلاج الطبيعي لأمراض واصابات العظام والعمود الفقري,المركز السويسري للعلاج الطبيعي لامراض واصابات العظام والعمود الفقري,,ar,FALSE,Beni Suef,قسم أول 6 أكتوبر,29.968427600000002,30.939251799999994,native_google,Google Maps,0.05,medical_center,,unknown,map_only_unverified,low,1,FALSE,1,Google Maps,Google Maps,"El Hosary Square, امام التوحيد والنور أعلي المنوفي الكبابجي, 355 المحور المركزي(طريق النصر)، قسم أول 6 أكتوبر، محافظة الجيزة 3232410, Egypt",FALSE,010 66881913,010 66881913,mobile,TRUE,TRUE,scraped_unverified
NEW0207,TechCare,techcare,,en,FALSE,Beni Suef,First 6th of October,29.968632799999998,30.939374499999996,native_google,Google Maps,0.05,medical_center,,unknown,map_only_unverified,low,1,FALSE,1,Google Maps,Google Maps,"First 6th of Of, 349 Al Mehwar Al Markazi Al Nassr St, First 6th of October, Giza Governorate 3232410, Egypt",FALSE,011 10388561,011 10388561,mobile,TRUE,TRUE,scraped_unverified
NEW0208,Kids Clinics 6th of October,kids clinics 6th of october,,en,FALSE,Beni Suef,قسم أول 6 أكتوبر,29.9611879,30.9229498,native_google,Google Maps,0.05,medical_clinic,,unknown,map_only_unverified,low,1,FALSE,1,Google Maps,Google Maps,"Silver Mall, Al mehwar Al Markazi، 6th of October، الجيزة، Egypt سيلفر مول, المحور المركزي، قسم أول 6 أكتوبر، محافظة الجيزة 12596, Egypt",FALSE,010 99773737,010 99773737,mobile,TRUE,TRUE,scraped_unverified
NEW0209,عيادات بسمة شفاء الحديثة التخصصية,عيادات بسمة شفاء الحديثة التخصصية,,ar,FALSE,Beni Suef,First 6th of October,29.9704182,30.940921999999997,native_google,Google Maps,0.05,medical_center,,unknown,map_only_unverified,low,1,FALSE,1,Google Maps,Google Maps,"Al Mehwar Al Markazi, First 6th of October, Giza Governorate 11223, Egypt",FALSE,010 64138223,010 64138223,mobile,TRUE,TRUE,scraped_unverified
NEW0210,دكتور احمد صلاح سليمان دكتوراه واستشاري امراض القلب و الاوعية الدموية والقسطره التداخليه,دكتور احمد صلاح سليمان دكتوراه واستشاري امراض القلب و الاوعية الدموية والقسطره التداخليه,,ar,FALSE,Beni Suef,قسم ثان 6 أكتوبر,29.955648800000002,30.918031400000004,native_google,Google Maps,0.05,doctor,,unknown,map_only_unverified,low,1,FALSE,1,Google Maps,Google Maps,"المحور المركزي, كايرو ميديكال سنتر الدور الارضي وحده, رقم 12، قسم أول 6 أكتوبر، قسم ثان 6 أكتوبر، محافظة الجيزة 12563, Egypt",FALSE,011 56611342,011 56611342,mobile,TRUE,TRUE,scraped_unverified
NEW0211,Masr Scope - October Branch,masr scope - october branch,,en,FALSE,Beni Suef,6 october,29.965858899999997,30.9335326,native_google,Google Maps,0.05,medical_center,,unknown,map_only_unverified,low,1,FALSE,1,Google Maps,Google Maps,"6 عمارات الفتح المحور المركزي اعلي بنك عوده، First 6th of October, 6 october، القاهرة 3232007, Egypt",FALSE,011 16262202,011 16262202,mobile,TRUE,TRUE,scraped_unverified
NEW0212,Promedical Egypt,promedical egypt,,en,FALSE,Beni Suef,First 6th of October,29.9679923,30.938582500000003,native_google,Google Maps,0.05,hospital,,unknown,map_only_unverified,low,1,FALSE,1,Google Maps,Google Maps,"367 Al Mehwar Al Markazi Al Nassr St, First 6th of October, Giza Governorate 3232401, Egypt",FALSE,010 14000033,010 14000033,mobile,TRUE,TRUE,scraped_unverified
NEW0213,مستشفي الجامعي,مستشفي الجامعي,,ar,FALSE,Beni Suef,6th of October City (2),29.9284826,30.9188372,native_google,Google Maps,0.05,hospital,,unknown,map_only_unverified,low,1,FALSE,1,Google Maps,Google Maps,"WWH9+9GW, 6th of October City (2), Giza Governorate 3226010, Egypt",FALSE,,,,FALSE,TRUE,scraped_unverified
NEW0214,Al-Zahraa Hospital - Abdou Pasha,al-zahraa hospital - abdou pasha,,en,FALSE,Beni Suef,El Weili,30.0649319,31.2818678,native_google,Google Maps,0.05,hospital,,unknown,map_only_unverified,low,1,FALSE,1,Google Maps,Google Maps,"377J+XPH, Greek Hospital St, As Sarayat, El Weili, Cairo Governorate 4391050, Egypt",FALSE,,,,FALSE,TRUE,scraped_unverified
NEW0215,Cairo University Hospitals,cairo university hospitals,,en,FALSE,Beni Suef,Old Cairo,30.0315733,31.2270606,native_google,Google Maps,0.05,hospital,,unknown,map_only_unverified,low,1,FALSE,1,Google Maps,Google Maps,"26JG+JRF, Old Cairo, Cairo Governorate 4240310, Egypt",FALSE,02 23643988,02 23643988,landline,TRUE,TRUE,scraped_unverified
NEW0216,Al Hussein University Hospital,al hussein university hospital,,en,FALSE,Beni Suef,Al-Darb Al-Ahmar,30.044919,31.265749099999997,native_google,Google Maps,0.05,hospital,,unknown,map_only_unverified,low,1,FALSE,1,Google Maps,Google Maps,"27V8+X79، جوهر القائد، Ad، Al-Darb Al-Ahmar, Cairo Governorate 4293076, Egypt",FALSE,010 20186351,010 20186351,mobile,TRUE,TRUE,scraped_unverified
NEW0217,Fayoum University Hospital,fayoum university hospital,,en,FALSE,Beni Suef,First Al Faiyum,29.3213102,30.8340012,native_google,Google Maps,0.05,hospital,,unknown,map_only_unverified,low,1,FALSE,1,Google Maps,Google Maps,"8RCM+GJC, Qesm Al Fayoum, First Al Faiyum, Faiyum Governorate 2933110, Egypt",FALSE,084 2154761,084 2154761,landline,TRUE,TRUE,scraped_unverified
NEW0218,Cairo University student Hospital,cairo university student hospital,,en,FALSE,Beni Suef,Al Giza,30.0151064,31.209200799999998,native_google,Google Maps,0.05,hospital,,unknown,map_only_unverified,low,1,FALSE,1,Google Maps,Google Maps,"Giza Bridge، 2685+2MW، Road، Oula, Al Giza, El Beheira Governorate 3725001, Egypt",FALSE,02 35721088,02 35721088,landline,TRUE,TRUE,scraped_unverified
NEW0219,Sayed Galal Hospital,sayed galal hospital,,en,FALSE,Beni Suef,"باب الشعرية, العدوي",30.0600134,31.2600001,native_google,Google Maps,0.05,hospital,,unknown,map_only_unverified,low,1,FALSE,1,Google Maps,Google Maps,"3766+222، Al Shareaa Al Gadid، El-Adawy, باب الشعرية, العدوي، Cairo Governorate 4330360, Egypt",FALSE,02 25893754,02 25893754,landline,TRUE,TRUE,scraped_unverified
NEW0220,Alexandria University Main Hospital - Al Miri,alexandria university main hospital - al miri,,en,FALSE,Beni Suef,Bab Shar',31.2021669,29.906351599999997,native_google,Google Maps,0.05,hospital,,unknown,map_only_unverified,low,1,FALSE,1,Google Maps,Google Maps,"9 Al Bastmi, Bab Sharqi WA Wabour Al Meyah, Bab Shar', Alexandria Governorate 5372066, Egypt",FALSE,03 4862920,03 4862920,landline,TRUE,TRUE,scraped_unverified
NEW0221,Sahel Teaching Hospital,sahel teaching hospital,,en,FALSE,Beni Suef,El Sahel,30.083934199999998,31.242247900000002,native_google,Google Maps,0.05,general_hospital,,unknown,map_only_unverified,low,1,FALSE,1,Google Maps,Google Maps,"2 Youssef Karam, Borham, El Sahel, Cairo Governorate 11697, Egypt",FALSE,010 20186351,010 20186351,mobile,TRUE,TRUE,scraped_unverified
NEW0222,Assiut University Hospitals,assiut university hospitals,,en,FALSE,Beni Suef,Asyut 1,27.1848697,31.1661489,native_google,Google Maps,0.05,hospital,,unknown,map_only_unverified,low,1,FALSE,1,Google Maps,Google Maps,"Al Walideyah Al Qebleyah, Asyut 1, Assiut Governorate 2074020, Egypt",FALSE,088 2335905,088 2335905,landline,TRUE,TRUE,scraped_unverified
NEW0223,Ahmed Maher Teaching Hospital مستشفى أحمد ماهر التعليمى,Ahmed Maher Teaching Hospital مستشفي احمد ماهر التعليمي,,ar,FALSE,Beni Suef,Cairo,30.039862900000003,31.2511921,native_google,Google Maps,0.05,hospital,,unknown,map_only_unverified,low,1,FALSE,1,Google Maps,Google Maps,"341, Port Said St., Bab El Khalq, 341 بور سعيد، الدرب الأحمر، Cairo, محافظة القاهرة‬ 4290210, Egypt",FALSE,02 23911838,02 23911838,landline,TRUE,TRUE,scraped_unverified
NEW0224,Al-Galaa Educational Hospital,al-galaa educational hospital,,en,FALSE,Beni Suef,Bulaq,30.054727000000003,31.2381739,native_google,Google Maps,0.05,hospital,,unknown,map_only_unverified,low,1,FALSE,1,Google Maps,Google Maps,"363Q+V7V, El-Galaa St, Al Qalayah, Bulaq, Cairo Governorate 11432, Egypt",FALSE,02 25756245,02 25756245,landline,TRUE,TRUE,scraped_unverified
NEW0225,مستشفى الأطفال الجامعى التخصصى,مستشفي الاطفال الجامعي التخصصي,,ar,FALSE,Beni Suef,El Sayeda Zeinab,30.0276581,31.232588900000003,native_google,Google Maps,0.05,hospital,,unknown,map_only_unverified,low,1,FALSE,1,Google Maps,Google Maps,"Al Eini, El Sayeda Zeinab, Cairo Governorate 4260018, Egypt",FALSE,,,,FALSE,TRUE,scraped_unverified
NEW0226,Ain Shams University Specialized Hospital (ASUSH),ain shams university specialized hospital (asush),,en,FALSE,Beni Suef,El Weili,30.076816099999995,31.289142299999998,native_google,Google Maps,0.05,hospital,,unknown,map_only_unverified,low,1,FALSE,1,Google Maps,Google Maps,"شارع الخليفة المأمون, بجوار كلية التجارة, El-Abaseya, El-Qobba Bridge, El Weili, Cairo Governorate 4393002, Egypt",FALSE,02 24039012,02 24039012,landline,TRUE,TRUE,scraped_unverified
NEW0227,Ain Shams University Hospital,ain shams university hospital,,en,FALSE,Beni Suef,El Weili,30.0727358,31.276763499999994,native_google,Google Maps,0.05,hospital,,unknown,map_only_unverified,low,1,FALSE,1,Google Maps,Google Maps,"37FG+3PR، ممر خاص مستشفى الدمرداش، El-Demerdash, El Weili, Cairo Governorate 4390043, Egypt",FALSE,,,,FALSE,TRUE,scraped_unverified
NEW0228,Kasr Al-Aini Hospital,kasr al-aini hospital,,en,FALSE,Beni Suef,Old Cairo,30.0323593,31.226888199999998,native_google,Google Maps,0.05,educational_institution,,unknown,map_only_unverified,low,1,FALSE,1,Google Maps,Google Maps,"‎ EG, Al Manial, Old Cairo, Cairo Governorate 11956, Egypt",FALSE,02 23643524,02 23643524,landline,TRUE,TRUE,scraped_unverified
NEW0229,Cairo University Children Hospital Aboulrish,cairo university children hospital aboulrish,,en,FALSE,Beni Suef,El Sayeda Zeinab,30.028654699999997,31.2331256,native_google,Google Maps,0.05,hospital_unspecified,,unknown,map_only_unverified,low,1,FALSE,1,Google Maps,Google Maps,"Cairo University Children Hospital Aboulrish, Al Kasr Al Aini, Al Eini, El Sayeda Zeinab, Cairo Governorate 4260018, Egypt",FALSE,,,,FALSE,TRUE,scraped_unverified
NEW0230,Al-Manial Specialized University Hospital,al-manial specialized university hospital,,en,FALSE,Beni Suef,Old Cairo,30.030741,31.225692700000003,native_google,Google Maps,0.05,hospital,,unknown,map_only_unverified,low,1,FALSE,1,Google Maps,Google Maps,"26JG+77W، abdel aziz Al Saoud st.، MANIAL EL RODA، Old Cairo, Cairo Governorate 4240310, Egypt",FALSE,02 23634260,02 23634260,landline,TRUE,TRUE,scraped_unverified
NEW0231,مستشفى القصر العيني التعليمي الجديد,مستشفي القصر العيني التعليمي الجديد,,ar,FALSE,Beni Suef,El Sayeda Zeinab,30.0302053,31.231563,native_google,Google Maps,0.05,hospital,,unknown,map_only_unverified,low,1,FALSE,1,Google Maps,Google Maps,"Nile Corniche, Al Eini, El Sayeda Zeinab, Cairo Governorate 4262001, Egypt",FALSE,02 23654061,02 23654061,landline,TRUE,TRUE,scraped_unverified
NEW0232,Faculty Of Dentistry New Giza University,faculty of dentistry new giza university,,en,FALSE,Beni Suef,First 6th of October,30.0170961,31.066787500000004,native_google,Google Maps,0.05,hospital,,unknown,map_only_unverified,low,1,FALSE,1,Google Maps,Google Maps,"2388+RPM, First 6th of October, Giza Governorate 3294701, Egypt",FALSE,,,,FALSE,TRUE,scraped_unverified
NEW0233,Nasser Institute Hospital for Research and Treatment,nasser institute hospital for research and treatment,,en,FALSE,Beni Suef,El Sahel,30.0964008,31.239649900000003,native_google,Google Maps,0.05,hospital,,unknown,map_only_unverified,low,1,FALSE,1,Google Maps,Google Maps,"1351 Nile Corniche, As Sahel, El Sahel, Cairo Governorate 4350210, Egypt",FALSE,02 24328066,02 24328066,landline,TRUE,TRUE,scraped_unverified
NEW0234,Nasser Specialized Hospital,nasser specialized hospital,,en,FALSE,Beni Suef,Shubra El Kheima 1,30.124435000000002,31.258291999999997,native_google,Google Maps,0.05,hospital,,unknown,map_only_unverified,low,1,FALSE,1,Google Maps,Google Maps,"المنطقة الصناعية، Shubra Al Kheimah, Shubra El Kheima 1, Al-Qalyubia Governorate 6216413, Egypt",FALSE,02 42201554,02 42201554,landline,TRUE,TRUE,scraped_unverified
NEW0235,Obstetrics and gynecology hospital - Kasr Alainy,obstetrics and gynecology hospital - kasr alainy,,en,FALSE,Beni Suef,قسم مصر القديمة,30.0335409,31.228204499999997,native_google,Google Maps,0.05,hospital,,likely,map_only_unverified,low,1,FALSE,1,Google Maps,Google Maps,"26MH+C78, Nile, قسم مصر القديمة، محافظة القاهرة‬ 4240310, Egypt",FALSE,,,,FALSE,TRUE,scraped_unverified
NEW0236,عيادة الدكتورة/ إنتصار للنساء والتوليد,عيادة الدكتورة/ انتصار للنساء والتوليد,,ar,FALSE,Beni Suef,Kerdasa,30.0252123,31.110934300000004,native_google,Google Maps,0.05,hospital,,likely,map_only_unverified,low,1,FALSE,1,Google Maps,Google Maps,"شارع مصطفي الجابري، كرداسة، امبابة،، 24G6+39M, Kerdasah, Kerdasa, Giza Governorate 3642040, Egypt",FALSE,,,,FALSE,TRUE,scraped_unverified
NEW0237,Gynecology and Obstetrics,gynecology and obstetrics,,en,FALSE,Beni Suef,El Khalifa,30.054333300000003,31.296833300000003,native_google,Google Maps,0.05,health,,likely,map_only_unverified,low,1,FALSE,1,Google Maps,Google Maps,"373W+PPP, El-Nasr Rd, Al Abageyah, El Khalifa, Cairo Governorate 4433013, Egypt",FALSE,,,,FALSE,TRUE,scraped_unverified
NEW0238,مركزالوفاء للنساء والأطفال,مركزالوفاء للنساء والاطفال,,ar,FALSE,Beni Suef,Al Giza,29.994973899999998,31.155773800000002,native_google,Google Maps,0.05,hospital,,likely,map_only_unverified,low,1,FALSE,1,Google Maps,Google Maps,"4 ش عبد اللطيف عبد الفتاح، Oula Al Haram, Al Giza, Giza Governorate 3531240, Egypt",FALSE,02 33886207,02 33886207,landline,TRUE,TRUE,scraped_unverified
NEW0239,مستشفي دكتور اسعد الشيمي لامراض النساء والولادة,مستشفي دكتور اسعد الشيمي لامراض النساء والولادة,,ar,FALSE,Beni Suef,El Omraniya,30.0044691,31.199345299999997,native_google,Google Maps,0.05,hospital,,likely,map_only_unverified,low,1,FALSE,1,Google Maps,Google Maps,"253X+QPQ, Dr Mahmoud Al Zame, Al Omraneyah Al Gharbeyah, El Omraniya, Giza Governorate 3546104, Egypt",FALSE,,,,FALSE,TRUE,scraped_unverified
NEW0240,Gynecology and Obstetrics Hospital - Ain Shams University مستشفى أمراض النساء والتوليد - جامعة عين شمس,Gynecology and Obstetrics Hospital - Ain Shams University مستشفي امراض النساء والتوليد - جامعة عين شمس,,ar,FALSE,Beni Suef,El Weili,30.075312500000003,31.2804375,native_google,Google Maps,0.05,hospital,,likely,map_only_unverified,low,1,FALSE,1,Google Maps,Google Maps,"37GJ+453، Al Muhammadi، الوايلى،، El-Mohamady, El Weili, Cairo Governorate 4390042, Egypt",FALSE,02 24346001,02 24346001,landline,TRUE,TRUE,scraped_unverified
NEW0241,مستشفى غريب التخصصى للنساء والتوليد,مستشفي غريب التخصصي للنساء والتوليد,,ar,FALSE,Beni Suef,Imbaba,30.071332699999996,31.208237099999998,native_google,Google Maps,0.05,hospital,,likely,map_only_unverified,low,1,FALSE,1,Google Maps,Google Maps,"١ شارع عسران، عبدالنعيم،، Imbaba, Giza Governorate 3840062, Egypt",FALSE,012 22131171,012 22131171,mobile,TRUE,TRUE,scraped_unverified
NEW0242,Abrar Medical Center,abrar medical center,,en,FALSE,Beni Suef,First 6th of October,29.956468400000002,30.9393466,native_google,Google Maps,0.05,medical_center,,unknown,map_only_unverified,low,1,FALSE,1,Google Maps,Google Maps,"XW4Q+HPQ, First 6th of October, Giza Governorate 3232252, Egypt",FALSE,011 44700800,011 44700800,mobile,TRUE,TRUE,scraped_unverified
NEW0243,El - Judi Clinic,el - judi clinic,,en,FALSE,Beni Suef,Nasr City,30.058512999999998,31.3391032,native_google,Google Maps,0.05,medical_clinic,,unknown,map_only_unverified,low,1,FALSE,1,Google Maps,Google Maps,"385Q+CJ5, Abbas El-Akkad, Al Manteqah Al Oula, Nasr City, Cairo Governorate 4450310, Egypt",FALSE,010 26983906,010 26983906,mobile,TRUE,TRUE,scraped_unverified
NEW0244,Nasaaem Clinics,nasaaem clinics,,en,FALSE,Beni Suef,New Cairo 1,30.0054613,31.427670300000003,native_google,Google Maps,0.05,medical_center,,unknown,map_only_unverified,low,1,FALSE,1,Google Maps,Google Maps,"2C4H+569 Medical Park 2, Beside New Cairo Court، New Cairo 1, Cairo Governorate 11835, Egypt",FALSE,010 10004044,010 10004044,mobile,TRUE,TRUE,scraped_unverified
NEW0245,عيادات إل كير التخصصية,عيادات ال كير التخصصية,,ar,FALSE,Beni Suef,First 6th of October,29.973339300000003,30.9444642,native_google,Google Maps,0.05,medical_center,,unknown,map_only_unverified,low,1,FALSE,1,Google Maps,Google Maps,"برج 5 الامريكي اعلى بن عبد المعبود اعلى صيدلية المجاهد، محل بلبن، مدخل أ أمام، اعلى قطونيل، First 6th of October, Giza Governorate 12566, Egypt",FALSE,010 98074343,010 98074343,mobile,TRUE,TRUE,scraped_unverified
NEW0246,عيادة د علي عبد المحسن نساء وتوليد,عيادة د علي عبد المحسن نساء وتوليد,,ar,FALSE,Beni Suef,Nasr City,30.046102,31.325920900000003,native_google,Google Maps,0.05,hospital,,likely,map_only_unverified,low,1,FALSE,1,Google Maps,Google Maps,"28WG+C9V, Abbas Zazoa, Al Hay as Sabea, Nasr City, Cairo Governorate 4434071, Egypt",FALSE,02 23852686,02 23852686,landline,TRUE,TRUE,scraped_unverified
NEW0247,مركز أوركيد الطبى للنساء والتوليد,مركز اوركيد الطبي للنساء والتوليد,,ar,FALSE,Beni Suef,El Omraniya,30.006822099999997,31.204789299999998,native_google,Google Maps,0.05,hospital,,likely,map_only_unverified,low,1,FALSE,1,Google Maps,Google Maps,"فوق مطعم الشبراوى، Tereat Elzomor, Al Omraneyah Al Gharbeyah, El Omraniya, Giza Governorate 3547110, Egypt",FALSE,010 00337174,010 00337174,mobile,TRUE,TRUE,scraped_unverified
NEW0248,مركز الدكتور مجدي شفيق للولادة و الجراحة - فرع الطالبية,مركز الدكتور مجدي شفيق للولادة و الجراحة - فرع الطالبية,,ar,FALSE,Beni Suef,El Talbia,29.9984795,31.182973800000003,native_google,Google Maps,0.05,hospital,,likely,map_only_unverified,low,1,FALSE,1,Google Maps,Google Maps,"47, شارع Othman Moharram, At Talbeyah Al Qebleyah, El Talbia, Giza Governorate 12553, Egypt",FALSE,011 50808637,011 50808637,mobile,TRUE,TRUE,scraped_unverified
NEW0249,Jabri hospital for children Nsawoladh surgery,jabri hospital for children nsawoladh surgery,,en,FALSE,Beni Suef,Al Haram,29.9955158,31.1510977,native_google,Google Maps,0.05,hospital,,unknown,map_only_unverified,low,1,FALSE,1,Google Maps,Google Maps,"X5W2+6C5, Atati, Al Haram, Giza Governorate 3553011, Egypt",FALSE,010 99626690,010 99626690,mobile,TRUE,TRUE,scraped_unverified
NEW0250,مركز الدكتور محمد حسن للولادة والجراحة,مركز الدكتور محمد حسن للولادة والجراحة,,ar,FALSE,Beni Suef,حدائق حلوان,29.891472999999994,31.298587400000002,native_google,Google Maps,0.05,hospital,,likely,map_only_unverified,low,1,FALSE,1,Google Maps,Google Maps,"شارع Gamal Abd El-Nasir, قسم المعصرة، حدائق حلوان، Cairo Governorate 4042326, Egypt",FALSE,02 23671071,02 23671071,landline,TRUE,TRUE,scraped_unverified
NEW0251,مركز د.ايمان الشيخ للولادة,مركز د.ايمان الشيخ للولادة,,ar,FALSE,Beni Suef,Kerdasa,30.0254877,31.114102599999995,native_google,Google Maps,0.05,hospital,,likely,map_only_unverified,low,1,FALSE,1,Google Maps,Google Maps,"Unnamed Road, كرداسة، إمبابة، الجيزة،، 24G7+5JX, Kerdasah, Kerdasa, Giza Governorate 3642053, Egypt",FALSE,02 37989822,02 37989822,landline,TRUE,TRUE,scraped_unverified
NEW0252,جنة اكتوبر للحقن المجهرى والذكورة,جنة اكتوبر للحقن المجهري والذكورة,,ar,FALSE,Beni Suef,First 6th of October,29.974765399999995,30.942300499999995,native_google,Google Maps,0.05,hospital,,unknown,map_only_unverified,low,1,FALSE,1,Google Maps,Google Maps,"XWFR+WW3, Magda Square, First 6th of October, Giza Governorate 3232026, Egypt",FALSE,012 12727170,012 12727170,mobile,TRUE,TRUE,scraped_unverified
NEW0253,Medical Safety Center,medical safety center,,en,FALSE,Beni Suef,First 6th of October,29.9850769,30.979520999999995,native_google,Google Maps,0.05,hospital,,unknown,map_only_unverified,low,1,FALSE,1,Google Maps,Google Maps,"26محمد فريد، First 6th of October, Giza Governorate 12568, Egypt",FALSE,010 05145710,010 05145710,mobile,TRUE,TRUE,scraped_unverified
NEW0254,مركز الزهور للجراحة والولادة,مركز الزهور للجراحة والولادة,,ar,FALSE,Beni Suef,Al Haram,29.976895,31.149157000000002,native_google,Google Maps,0.05,medical_center,,likely,map_only_unverified,low,1,FALSE,1,Google Maps,Google Maps,"X4GX+QM3, El-Seesy Canal, Kafr Al Gabal, Al Haram, Giza Governorate 3522230, Egypt",FALSE,02 33830752,02 33830752,landline,TRUE,TRUE,scraped_unverified
NEW0255,مركز تبارك للحقن المجهري والتجميل النسائي,مركز تبارك للحقن المجهري والتجميل النسائي,,ar,FALSE,Beni Suef,Nasr City,30.0520692,31.364476899999996,native_google,Google Maps,0.05,medical_center,,unknown,map_only_unverified,low,1,FALSE,1,Google Maps,Google Maps,"ميديكال سنتر 2 عيادة 302 الدور الثالث شارع د محمود فتحي بجوار التامينات الاجتماعيه و الاتحاد المصري المقاولين مدينة نصر المنطقة، Al Asherah, Nasr City, Cairo Governorate 11759, Egypt",FALSE,012 23359334,012 23359334,mobile,TRUE,TRUE,scraped_unverified
NEW0256,دكتورة عفاف الزيني Dr Afaf Elzainy,دكتورة عفاف الزيني Dr Afaf Elzainy,,ar,FALSE,Beni Suef,قسم ثان 6 أكتوبر,29.948875299999997,30.920277,native_google,Google Maps,0.05,doctor,,unknown,map_only_unverified,low,1,FALSE,1,Google Maps,Google Maps,"٦ أكتوبر الحى الخامس العقد الثانى المجاورة الرابعة شارع ١٩ أمام مسجد ناصر بن حمد, قسم أول 6 أكتوبر، قسم ثان 6 أكتوبر، محافظة الجيزة 3225420, Egypt",FALSE,010 05685154,010 05685154,mobile,TRUE,TRUE,scraped_unverified
NEW0257,مستشفى ناصر التخصصى,مستشفي ناصر التخصصي,,ar,FALSE,Beni Suef,Al Haram,29.991687199999998,31.1341545,native_google,Google Maps,0.05,hospital,,unknown,map_only_unverified,low,1,FALSE,1,Google Maps,Google Maps,"X4RM+MMC, Abou El-Mohsen, Kafr Nassar, Al Haram, Giza Governorate 3550260, Egypt",FALSE,,,,FALSE,TRUE,scraped_unverified
NEW0258,عيادات أسوان التخصصية,عيادات اسوان التخصصية,,ar,FALSE,Beni Suef,Al Haram,30.000311,31.1529948,native_google,Google Maps,0.05,medical_center,,unknown,map_only_unverified,low,1,FALSE,1,Google Maps,Google Maps,"1 شارع هاشم الوفائى, عمارة هاشم الوفائى، بجوار خير زمان، Kabeish Rd, Atati, Al Haram, Giza Governorate 3554002, Egypt",FALSE,010 30929182,010 30929182,mobile,TRUE,TRUE,scraped_unverified
NEW0259,Tabarak Children's Hospital,tabarak children's hospital,,en,FALSE,Beni Suef,Nasr City,30.066762499999996,31.333902799999997,native_google,Google Maps,0.05,hospital,,unknown,map_only_unverified,low,1,FALSE,1,Google Maps,Google Maps,"9 Anwar El Mofty St، Al Manteqah Al Oula, Nasr City, Cairo Governorate 4450226, Egypt",FALSE,012 79366660,012 79366660,mobile,TRUE,TRUE,scraped_unverified
NEW0260,AL HARAM Specialized hospital/ Dr. Azza Al shamaa,al haram specialized hospital/ dr. azza al shamaa,,en,FALSE,Beni Suef,El Omraniya,29.9989781,31.1779154,native_google,Google Maps,0.05,hospital,,unknown,map_only_unverified,low,1,FALSE,1,Google Maps,Google Maps,"Shafeek Ghaly, At Talbeyah Al Qebleyah, El Omraniya, Giza Governorate 3537161, Egypt",FALSE,010 66847931,010 66847931,mobile,TRUE,TRUE,scraped_unverified
NEW0261,Dr. Nadia Abou Zeid,dr. nadia abou zeid,,en,FALSE,Beni Suef,قسم ثان 6 أكتوبر,29.967019099999998,30.9116641,native_google,Google Maps,0.05,hospital,,unknown,map_only_unverified,low,1,FALSE,1,Google Maps,Google Maps,"XW86+RM3, Gamal Abd El-Nasir, قسم ثان 6 أكتوبر، محافظة الجيزة 3224258, Egypt",FALSE,010 03297494,010 03297494,mobile,TRUE,TRUE,scraped_unverified
NEW0262,مركز د/ جيهان ياسين للولاده,مركز د/ جيهان ياسين للولاده,,ar,FALSE,Beni Suef,El Omraniya,29.9894012,31.160045399999998,native_google,Google Maps,0.05,hospital,,likely,map_only_unverified,low,1,FALSE,1,Google Maps,Google Maps,"X5Q6+Q27, Tersa, Al Kom Al Akhdar, El Omraniya, Giza Governorate 3531060, Egypt",FALSE,012 23408803,012 23408803,mobile,TRUE,TRUE,scraped_unverified
NEW0263,Dr. Yosri Gohar Hospital,dr. yosri gohar hospital,,en,FALSE,Beni Suef,Old Cairo,30.012727100000003,31.2227468,native_google,Google Maps,0.05,hospital,,unknown,map_only_unverified,low,1,FALSE,1,Google Maps,Google Maps,"25 Abd Al Aziz Aal Saud, AR Rawdah WA Al Meqyas, Old Cairo, Cairo Governorate 4240112, Egypt",FALSE,02 23648268,02 23648268,landline,TRUE,TRUE,scraped_unverified
NEW0264,عيادة د.عبدالناصر للنساء والولادة,عيادة د.عبدالناصر للنساء والولادة,,ar,FALSE,Beni Suef,الهرم,29.9772677,31.162426300000003,native_google,Google Maps,0.05,medical_clinic,,likely,map_only_unverified,low,1,FALSE,1,Google Maps,Google Maps,"أمام اولاد رجب, هرم فوق فرع فودافون, محور اللبيني، الحرانية، الهرم، محافظة الجيزة 12511, Egypt",FALSE,011 55222159,011 55222159,mobile,TRUE,TRUE,scraped_unverified
NEW0265,El Nahar Hospital,el nahar hospital,,en,FALSE,Beni Suef,Nasr City,30.0457131,31.3519908,native_google,Google Maps,0.05,hospital,,unknown,map_only_unverified,low,1,FALSE,1,Google Maps,Google Maps,"29W2+7QQ, Ahmed El-Zomor, Al Manteqah Ath Thamenah, Nasr City, Cairo Governorate 4441320, Egypt",FALSE,02 22740317,02 22740317,landline,TRUE,TRUE,scraped_unverified
NEW0266,دكتورة يمني إسلام زغلول,دكتورة يمني اسلام زغلول,,ar,FALSE,Beni Suef,6th of October City (2),29.955612,30.918228300000003,native_google,Google Maps,0.05,doctor,,unknown,map_only_unverified,low,1,FALSE,1,Google Maps,Google Maps,"كايرو ميديكال سنتر- كايرو ميديكال سنتر المحور المركزى الحى الخامس - الدور الارضي EG, First 6th of October, 6th of October City (2), Giza Governorate 3225013, Egypt",FALSE,02 25983900,02 25983900,landline,TRUE,TRUE,scraped_unverified
NEW0267,Dr. Abdel Kader Fahmy Hospital,dr. abdel kader fahmy hospital,,en,FALSE,Beni Suef,Nasr City,30.0784602,31.3444686,native_google,Google Maps,0.05,hospital,,unknown,map_only_unverified,low,1,FALSE,1,Google Maps,Google Maps,"23 Hassan Aflatone، Street - Cairo، Masaken Al Mohandesin, Nasr City, Cairo Governorate 11341, Egypt",FALSE,02 22918700,02 22918700,landline,TRUE,TRUE,scraped_unverified
NEW0268,مستشفى تبارك للنساء والولادة,مستشفي تبارك للنساء والولادة,,ar,FALSE,Beni Suef,Al Haram,30.0022365,31.169300699999997,native_google,Google Maps,0.05,hospital,,likely,map_only_unverified,low,1,FALSE,1,Google Maps,Google Maps,"King Faisal St, Kafr Tohormos /B, Al Haram, Giza Governorate 3556014, Egypt",FALSE,02 37712260,02 37712260,landline,TRUE,TRUE,scraped_unverified
NEW0269,Ganna hospital,ganna hospital,,en,FALSE,Beni Suef,Agouza,30.0554731,31.195755499999997,native_google,Google Maps,0.05,hospital,,unknown,map_only_unverified,low,1,FALSE,1,Google Maps,Google Maps,"33-35 Shehab, Gazirat Mit Oqbah, Agouza, Giza Governorate 3752502, Egypt",FALSE,011 17775082,011 17775082,mobile,TRUE,TRUE,scraped_unverified
NEW0270,Gyne Care Clinic,gyne care clinic,,en,FALSE,Beni Suef,First Al Sheikh Zayed,30.030145100000002,31.0011256,native_google,Google Maps,0.05,hospital,,unknown,map_only_unverified,low,1,FALSE,1,Google Maps,Google Maps,"مول داون تاون - بجوار مستشفى الشيخ - زايد التخصصى - الدور الثالث, First Al Sheikh Zayed, Giza Governorate 3244401, Egypt",FALSE,02 25983900,02 25983900,landline,TRUE,TRUE,scraped_unverified
NEW0271,دكتورة أمل ابو بكر,دكتورة امل ابو بكر,,ar,FALSE,Beni Suef,6th of October City (2),29.9381829,30.9133537,native_google,Google Maps,0.05,doctor,,unknown,map_only_unverified,low,1,FALSE,1,Google Maps,Google Maps,"109 إبراهيم المازني - الاخبار، ثان 6 اكتوبر،، 6th of October City (2), Giza Governorate 3225210, Egypt",FALSE,011 42378195,011 42378195,mobile,TRUE,TRUE,scraped_unverified
NEW0272,One Day Surgeries Hospital,one day surgeries hospital,,en,FALSE,Beni Suef,Nasr City,30.048903199999998,31.317942499999997,native_google,Google Maps,0.05,hospital,,unknown,map_only_unverified,low,1,FALSE,1,Google Maps,Google Maps,"28X9+H58، El Sehha St.، Al Hay as Sades, Nasr City, Cairo Governorate 4434040, Egypt",FALSE,02 24052402,02 24052402,landline,TRUE,TRUE,scraped_unverified
NEW0273,مستشفى بدايات,مستشفي بدايات,,ar,FALSE,Beni Suef,Nasr City,30.061117300000003,31.3577334,native_google,Google Maps,0.05,hospital,,unknown,map_only_unverified,low,1,FALSE,1,Google Maps,Google Maps,"42 ش Hassan Ma'moon, Al Mintaqah as Sādisah, Nasr City, Cairo Governorate 4450457, Egypt",FALSE,010 00551675,010 00551675,mobile,TRUE,TRUE,scraped_unverified
NEW0274,عيادات جميرا – الشيخ زايد | مزار مول,عيادات جميرا – الشيخ زايد | مزار مول,,ar,FALSE,Beni Suef,Second Al Sheikh Zayed,30.0529236,30.9616464,native_google,Google Maps,0.05,medical_center,,unknown,map_only_unverified,low,1,FALSE,1,Google Maps,Google Maps,"Second Al Sheikh Zayed, Giza Governorate 3240484, Egypt",FALSE,012 88881354,012 88881354,mobile,TRUE,TRUE,scraped_unverified
NEW0275,Queens Royal Hospital,queens royal hospital,,en,FALSE,Beni Suef,New Cairo 1,30.019561099999994,31.4356291,native_google,Google Maps,0.05,hospital,,unknown,map_only_unverified,low,1,FALSE,1,Google Maps,Google Maps,"HCC bldg., Tesaeen St, (behind Air Force Hospital، 90 N Teseen St, New Cairo 1, Cairo Governorate 4730131, Egypt",FALSE,012 76003094,012 76003094,mobile,TRUE,TRUE,scraped_unverified
NEW0276,Prof. Dr. Amira Yehia -د/ أميرة يحيي شعيب ( أستاذ وأستشاري امراض النساء والتوليد),Prof. Dr. Amira Yehia -د/ اميرة يحيي شعيب ( استاذ واستشاري امراض النساء والتوليد),,ar,FALSE,Beni Suef,6th of October City (2),29.9683871,30.939167599999998,native_google,Google Maps,0.05,doctor,,likely,map_only_unverified,low,1,FALSE,1,Google Maps,Google Maps,"355 central axis, First 6th of October, 6th of October City (2), Giza Governorate 12345, Egypt",FALSE,010 23390395,010 23390395,mobile,TRUE,TRUE,scraped_unverified
NEW0277,El Nasr Hospital in Helwan,el nasr hospital in helwan,,en,FALSE,Beni Suef,Helwan,29.840059,31.323185899999995,native_google,Google Maps,0.05,hospital,,unknown,map_only_unverified,low,1,FALSE,1,Google Maps,Google Maps,"Al Masaken Al Iqtisadeyah, Helwan, Cairo Governorate 4034201, Egypt",FALSE,02 25559665,02 25559665,landline,TRUE,TRUE,scraped_unverified
NEW0278,Nasr City Hospital,nasr city hospital,,en,FALSE,Beni Suef,Nasr City,30.074406099999997,31.3167381,native_google,Google Maps,0.05,hospital,,unknown,map_only_unverified,low,1,FALSE,1,Google Maps,Google Maps,"33 ش يوسف عباس، Ash Sharekat, Nasr City, Cairo Governorate 4451021, Egypt",FALSE,02 22611011,02 22611011,landline,TRUE,TRUE,scraped_unverified
NEW0279,Nasaaem hospital,nasaaem hospital,,en,FALSE,Beni Suef,قسم أول القاهرة الجديدة,30.018867199999995,31.4340704,native_google,Google Maps,0.05,hospital,,unknown,map_only_unverified,low,1,FALSE,1,Google Maps,Google Maps,"Unnamed Road, قسم أول القاهرة الجديدة، محافظة القاهرة‬ 4730131, Egypt",FALSE,02 28123509,02 28123509,landline,TRUE,TRUE,scraped_unverified
NEW0280,مستشفي الناس,مستشفي الناس,,ar,FALSE,Beni Suef,Shubra El Kheima 1,30.109301300000002,31.252852999999998,native_google,Google Maps,0.05,hospital,,unknown,map_only_unverified,low,1,FALSE,1,Google Maps,Google Maps,"Street 2, Shubra Al Kheimah, Shubra El Kheima 1, Al-Qalyubia Governorate 6210120, Egypt",FALSE,015 55757358,015 55757358,mobile,TRUE,TRUE,scraped_unverified
NEW0281,Nasr City Specialized Hospital,nasr city specialized hospital,,en,FALSE,Beni Suef,Nasr City,30.066413199999996,31.326094100000002,native_google,Google Maps,0.05,hospital,,unknown,map_only_unverified,low,1,FALSE,1,Google Maps,Google Maps,"Anwar Al Mofti, Al Manteqah Al Oula, Nasr City, Cairo Governorate 4450230, Egypt",FALSE,02 24034025,02 24034025,landline,TRUE,TRUE,scraped_unverified
NEW0282,Dar Al Fouad Hospital,dar al fouad hospital,,en,FALSE,Beni Suef,مدينة نصر,30.065854199999993,31.319605799999998,native_google,Google Maps,0.05,hospital,,unknown,map_only_unverified,low,1,FALSE,1,Google Maps,Google Maps,"تقاطع طريق النصر مع, يوسف عباس، جامعة الأزهر، مدينة نصر، محافظة القاهرة‬ 11765, Egypt",FALSE,02 38274700,02 38274700,landline,TRUE,TRUE,scraped_unverified
NEW0283,Cura El Nasr Hospital,cura el nasr hospital,,en,FALSE,Beni Suef,Nasr City,30.062686399999997,31.327006899999997,native_google,Google Maps,0.05,hospital,,unknown,map_only_unverified,low,1,FALSE,1,Google Maps,Google Maps,"6 ibn hani alandalousi st, Al Manteqah Al Oula, Nasr City, Cairo Governorate 11765, Egypt",FALSE,0215424,0215424,landline,TRUE,TRUE,scraped_unverified
NEW0284,Nasr City Hospital For Health Insurance,nasr city hospital for health insurance,,en,FALSE,Beni Suef,Nasr City,30.059074799999998,31.3248877,native_google,Google Maps,0.05,hospital,,unknown,map_only_unverified,low,1,FALSE,1,Google Maps,Google Maps,"El Tayaran St, Manteqet Al Cinema, Nasr City, Cairo Governorate 4450010, Egypt",FALSE,02 23868256,02 23868256,landline,TRUE,TRUE,scraped_unverified
NEW0285,مستشفي الناس للاطفال,مستشفي الناس للاطفال,,ar,FALSE,Beni Suef,Shubra El Kheima 2,30.109312,31.252855999999998,native_google,Google Maps,0.05,hospital,,unknown,map_only_unverified,low,1,FALSE,1,Google Maps,Google Maps,"6 Street 2, Shubra Al Kheimah, Shubra El Kheima 2, Al-Qalyubia Governorate 6210120, Egypt",FALSE,02 21283000,02 21283000,landline,TRUE,TRUE,scraped_unverified
NEW0286,Cure Hospital,cure hospital,,en,FALSE,Beni Suef,Nasr City,30.046499999999998,31.343762599999998,native_google,Google Maps,0.05,hospital,,unknown,map_only_unverified,low,1,FALSE,1,Google Maps,Google Maps,"25 Hammouda Mahmoud, Al Manteqah Ath Thamenah, Nasr City, Cairo Governorate 4441503, Egypt",FALSE,010 27027070,010 27027070,mobile,TRUE,TRUE,scraped_unverified
NEW0287,أمانة المراكز الطبية المتخصصة,امانة المراكز الطبية المتخصصة,,ar,FALSE,Beni Suef,Nasr City,30.0676702,31.336087000000003,native_google,Google Maps,0.05,medical_center,,unknown,map_only_unverified,low,1,FALSE,1,Google Maps,Google Maps,"3 Abbas El-Akkad, Al Manteqah Al Oula, Nasr City, Cairo Governorate 4450233, Egypt",FALSE,02 22600830,02 22600830,landline,TRUE,TRUE,scraped_unverified
NEW0288,Ahl Masr Burn Hospital,ahl masr burn hospital,,en,FALSE,Beni Suef,Second New Cairo,30.0475155,31.518883899999995,native_google,Google Maps,0.05,hospital,,unknown,map_only_unverified,low,1,FALSE,1,Google Maps,Google Maps,"Second New Cairo, Cairo Governorate 4752102, Egypt",FALSE,0216863,0216863,landline,TRUE,TRUE,scraped_unverified
NEW0289,مستشفي السفارات Al Sefarat Hospital,مستشفي السفارات Al Sefarat Hospital,,ar,FALSE,Beni Suef,Nasr City,30.042379999999998,31.339087999999997,native_google,Google Maps,0.05,hospital,,unknown,map_only_unverified,low,1,FALSE,1,Google Maps,Google Maps,"١١٩ شارع عبد القادر، شركة أنبى، الجرجانى، Al Hay as Sabea, Nasr City, Cairo Governorate 4441273, Egypt",FALSE,010 20022007,010 20022007,mobile,TRUE,TRUE,scraped_unverified
NEW0290,Hassabo International Hospital,hassabo international hospital,,en,FALSE,Beni Suef,Nasr City,30.068173200000004,31.3491954,native_google,Google Maps,0.05,hospital,,unknown,map_only_unverified,low,1,FALSE,1,Google Maps,Google Maps,"6 Ahmed Fakhry, Al Mintaqah as Sādisah, Nasr City, Cairo Governorate 4450470, Egypt",FALSE,010 06625687,010 06625687,mobile,TRUE,TRUE,scraped_unverified
NEW0291,Golf Specialized Hospital,golf specialized hospital,,en,FALSE,Beni Suef,Nasr City,30.079114399999998,31.3424393,native_google,Google Maps,0.05,hospital,,unknown,map_only_unverified,low,1,FALSE,1,Google Maps,Google Maps,"17 El Rahala El Baghdady St، Masaken Al Mohandesin, Nasr City, Cairo Governorate 4451720, Egypt",FALSE,02 24152953,02 24152953,landline,TRUE,TRUE,scraped_unverified
NEW0292,مستشفى كايرو كلينيك - Cairo Clinic Hospital,مستشفي كايرو كلينيك - Cairo Clinic Hospital,,ar,FALSE,Beni Suef,Agouza,30.050960200000002,31.193482300000003,native_google,Google Maps,0.05,hospital,,unknown,map_only_unverified,low,1,FALSE,1,Google Maps,Google Maps,"41 Demashk, St، Agouza, Giza Governorate 3752221, Egypt",FALSE,0216615,0216615,landline,TRUE,TRUE,scraped_unverified
NEW0293,Dar Al Hekma Hospital,dar al hekma hospital,,en,FALSE,Beni Suef,Nasr City,30.065824799999998,31.337983999999995,native_google,Google Maps,0.05,hospital,,unknown,map_only_unverified,low,1,FALSE,1,Google Maps,Google Maps,"10 Mohammed Hussein Haykal, Al Mintaqah as Sādisah, Nasr City, Cairo Governorate 11765, Egypt",FALSE,02 26739050,02 26739050,landline,TRUE,TRUE,scraped_unverified
NEW0294,Police Hospital (Nasr City),police hospital (nasr city),,en,FALSE,Beni Suef,Nasr City,30.038467100000002,31.3316513,native_google,Google Maps,0.05,consultant,,unknown,map_only_unverified,low,1,FALSE,1,Google Maps,Google Maps,"مستشفى الشرطة (شارع الطيران )، الوفاء والأمل، مدينة نصر، محافظة القاهرة‬ الوفاء والأمل، 22 Ahmed Hasan El-Zayat, Al Hadiqah Ad Dawleyah, Nasr City, Cairo Governorate 4434001, Egypt",FALSE,,,,FALSE,TRUE,scraped_unverified
NEW0295,Al Masah Hospital,al masah hospital,,en,FALSE,Beni Suef,Nasr City,30.053204099999995,31.3791043,native_google,Google Maps,0.05,hospital,,unknown,map_only_unverified,low,1,FALSE,1,Google Maps,Google Maps,"At Taseah, Nasr City, Cairo Governorate 4442651, Egypt",FALSE,011 41664095,011 41664095,mobile,TRUE,TRUE,scraped_unverified
NEW0296,العيادات الطبية التخصصية,العيادات الطبية التخصصية,,ar,FALSE,Beni Suef,First 6th of October,29.974967000000003,30.9432251,native_google,Google Maps,0.05,medical_center,,unknown,map_only_unverified,low,1,FALSE,1,Google Maps,Google Maps,"الحصري بناء مجمع ماجدة الدور الثاني، XWFV+X7Q, First 6th of October, Giza Governorate 3232030, Egypt",FALSE,011 48666220,011 48666220,mobile,TRUE,TRUE,scraped_unverified
NEW0297,United Medical Center UMC mall,united medical center umc mall,,en,FALSE,Beni Suef,New Cairo 1,30.0294901,31.4282452,native_google,Google Maps,0.05,hospital,,unknown,map_only_unverified,low,1,FALSE,1,Google Maps,Google Maps,"2CHH+Q7X, New Cairo 1, Cairo Governorate 4731201, Egypt",FALSE,,,,FALSE,TRUE,scraped_unverified
NEW0298,Victory Children's Hospital,victory children's hospital,,en,FALSE,Beni Suef,Giza,31.5331953,34.4587942,native_google,Google Maps,0.05,hospital,,unknown,map_only_unverified,low,1,FALSE,1,Google Maps,Google Maps,"GFM5+7GF, Mohammed Kandeel, Giza",FALSE,,,,FALSE,TRUE,scraped_unverified
NEW0299,Health insurance in Helwan,health insurance in helwan,,en,FALSE,Beni Suef,قسم محرم بك,29.840531000000002,31.3241981,native_google,Google Maps,0.05,medical_center,,unknown,map_only_unverified,low,1,FALSE,1,Google Maps,Google Maps,"R8RF+6M8، النصر، الصبحية وعزبة شركس وعزبة، قسم محرم بك، الإسكندرية 4034201, Egypt",FALSE,,,,FALSE,TRUE,scraped_unverified
NEW0300,مستشفى المركز المصرى للتشخيص والعلاج,مستشفي المركز المصري للتشخيص والعلاج,,ar,FALSE,Beni Suef,El Sahel,30.100901699999994,31.2410252,native_google,Google Maps,0.05,hospital,,unknown,map_only_unverified,low,1,FALSE,1,Google Maps,Google Maps,"12 ابراج اغاخان, امام، لابوار، Nile Corniche, Asad, El Sahel, Cairo Governorate 4350224, Egypt",FALSE,010 00640306,010 00640306,mobile,TRUE,TRUE,scraped_unverified
NEW0301,المركز الطبى التخصصى,المركز الطبي التخصصي,,ar,FALSE,Beni Suef,Nasr City,30.038441600000002,31.33149,native_google,Google Maps,0.05,hospital,,unknown,map_only_unverified,low,1,FALSE,1,Google Maps,Google Maps,"Gamal Selim, Al Wafaa WA Al Amal, Nasr City, Cairo Governorate 4434001, Egypt",FALSE,02 23846118,02 23846118,landline,TRUE,TRUE,scraped_unverified
NEW0302,New Educational Dentistry Hospital,new educational dentistry hospital,,en,FALSE,Beni Suef,Old Cairo,30.0286181,31.226474699999997,native_google,Google Maps,0.05,hospital,,unknown,map_only_unverified,low,1,FALSE,1,Google Maps,Google Maps,"11, ش Al Saraya, Old Cairo, Cairo Governorate 4240310, Egypt",FALSE,02 23627135,02 23627135,landline,TRUE,TRUE,scraped_unverified
NEW0303,New Giza educational hospital,new giza educational hospital,,en,FALSE,Beni Suef,First 6th of October,29.9896651,31.0631048,native_google,Google Maps,0.05,university,,unknown,map_only_unverified,low,1,FALSE,1,Google Maps,Google Maps,"X3Q7+PH, First 6th of October, Giza Governorate 3294501, Egypt",FALSE,,,,FALSE,TRUE,scraped_unverified
NEW0304,مركز الجاما نايف,مركز الجاما نايف,,ar,FALSE,Beni Suef,El Sahel,30.0969118,31.2413206,native_google,Google Maps,0.05,hospital,,unknown,map_only_unverified,low,1,FALSE,1,Google Maps,Google Maps,"1351 Nasser Institute، Corniche El Nil، As Sahel, El Sahel, Cairo Governorate 4350210, Egypt",FALSE,02 24323839,02 24323839,landline,TRUE,TRUE,scraped_unverified
NEW0305,مستشفى الأطفال الجامعى أبوالريش المنيرة,مستشفي الاطفال الجامعي ابوالريش المنيرة,,ar,FALSE,Beni Suef,El Sayeda Zeinab,30.029463299999996,31.2348427,native_google,Google Maps,0.05,hospital,,unknown,map_only_unverified,low,1,FALSE,1,Google Maps,Google Maps,"1 El-Rashidy, EL SAYEDA ZEINAB، El Sayeda Zeinab, Beheira Governorate 4262010, Egypt",FALSE,02 23683802,02 23683802,landline,TRUE,TRUE,scraped_unverified
NEW0306,مستشفي الجامعي,مستشفي الجامعي,,ar,FALSE,Beni Suef,Qasr El Nil,30.0444196,31.2357116,native_google,Google Maps,0.05,hospital,,unknown,map_only_unverified,low,1,FALSE,1,Google Maps,Google Maps,"26VP+Q78, Qasr Ad Dobarah, Qasr El Nil, Cairo Governorate 4272077, Egypt",FALSE,015 57828080,015 57828080,mobile,TRUE,TRUE,scraped_unverified
NEW0307,Hayah Hospital,hayah hospital,,en,FALSE,Beni Suef,Herakleopolis Magna,29.0932564,30.9542693,native_google,Google Maps,0.05,hospital,,unknown,map_only_unverified,low,1,FALSE,1,Google Maps,Google Maps,"3XV3+8P2, Madinet Ahnasia, Herakleopolis Magna, Beni Suef Governorate 2645473, Egypt",FALSE,,,,FALSE,TRUE,scraped_unverified
NEW0308,مستشفى ميانه العام,مستشفي ميانه العام,,ar,FALSE,Beni Suef,Herakleopolis Magna,29.075755500000003,30.8914993,native_google,Google Maps,0.05,hospital,,unknown,map_only_unverified,low,1,FALSE,1,Google Maps,Google Maps,"3VGR+8H5، Unnamed Road، Monshaat El-Hag, Herakleopolis Magna, Beni Suef Governorate 2642171, Egypt",FALSE,,,,FALSE,TRUE,scraped_unverified
NEW0309,Health Care Unit,health care unit,,en,FALSE,Beni Suef,Herakleopolis Magna,29.120274400000003,30.9317448,native_google,Google Maps,0.05,hospital,,unknown,map_only_unverified,low,1,FALSE,1,Google Maps,Google Maps,"4WCJ+4M5, Monshaat Al Omaraa, Herakleopolis Magna, Beni Suef Governorate 2642591, Egypt",FALSE,,,,FALSE,TRUE,scraped_unverified
NEW0310,مستوصف اهناسيا الخضراء,مستوصف اهناسيا الخضراء,,ar,FALSE,Beni Suef,Beni Suef,29.093529199999995,31.020660999999997,native_google,Google Maps,0.05,hospital,,unknown,map_only_unverified,low,1,FALSE,1,Google Maps,Google Maps,"32VC+C77, Ahnaseya Al Khadraa, Beni Suef, Beni Suef Governorate 2711230, Egypt",FALSE,012 83970077,012 83970077,mobile,TRUE,TRUE,scraped_unverified
NEW0311,مستوصف الصفا الخيري,مستوصف الصفا الخيري,,ar,FALSE,Beni Suef,Herakleopolis Magna,29.092427800000003,30.940807799999995,native_google,Google Maps,0.05,hospital,,unknown,map_only_unverified,low,1,FALSE,1,Google Maps,Google Maps,"3WRR+X8F, Al Makaber, Madinet Ahnasia, Herakleopolis Magna, Beni Suef Governorate 2643755, Egypt",FALSE,,,,FALSE,TRUE,scraped_unverified
NEW0312,مستشفى التأمين,مستشفي التامين,,ar,FALSE,Beni Suef,Herakleopolis Magna,29.088727199999997,30.9463425,native_google,Google Maps,0.05,hospital,,unknown,map_only_unverified,low,1,FALSE,1,Google Maps,Google Maps,"3WQW+FGW, Madinet Ahnasia, Herakleopolis Magna, Beni Suef Governorate 2645420, Egypt",FALSE,,,,FALSE,TRUE,scraped_unverified
NEW0313,الوحدة الصحية بالشوبك,الوحدة الصحية بالشوبك,,ar,FALSE,Beni Suef,Herakleopolis Magna,29.036629599999998,30.9618175,native_google,Google Maps,0.05,hospital,,unknown,map_only_unverified,low,1,FALSE,1,Google Maps,Google Maps,"2XP6+MP4, Kafr Abu Shahebah, Herakleopolis Magna, Beni Suef Governorate 2645165, Egypt",FALSE,011 48525302,011 48525302,mobile,TRUE,TRUE,scraped_unverified
NEW0314,الوحدة الصحية بشاويش,الوحدة الصحية بشاويش,,ar,FALSE,Beni Suef,Herakleopolis Magna,29.118763599999994,31.000451499999997,native_google,Google Maps,0.05,hospital,,unknown,map_only_unverified,low,1,FALSE,1,Google Maps,Google Maps,"4292+G54، Unnamed Road، قاي، Herakleopolis Magna, Beni Suef Governorate 2647020, Egypt",FALSE,,,,FALSE,TRUE,scraped_unverified
NEW0315,عيادات روح الحياة فرع إهناسيا,عيادات روح الحياة فرع اهناسيا,,ar,FALSE,Beni Suef,Herakleopolis Magna,29.0942631,30.9431339,native_google,Google Maps,0.05,medical_center,,unknown,map_only_unverified,low,1,FALSE,1,Google Maps,Google Maps,"مجمع الخدمات بجوار موقف قاي، Madinet Ahnasia, Herakleopolis Magna, Beni Suef Governorate 2643914, Egypt",FALSE,010 04344122,010 04344122,mobile,TRUE,TRUE,scraped_unverified
NEW0316,مستوصف الرحمه الخيرى,مستوصف الرحمه الخيري,,ar,FALSE,Beni Suef,Herakleopolis Magna,29.092893699999998,30.939494200000002,native_google,Google Maps,0.05,medical_center,,unknown,map_only_unverified,low,1,FALSE,1,Google Maps,Google Maps,"3WVQ+4QW, Madinet Ahnasia, Herakleopolis Magna, Beni Suef Governorate 2643810, Egypt",FALSE,011 50650950,011 50650950,mobile,TRUE,TRUE,scraped_unverified
NEW0317,الوحدة الصحية بسدمنت الجبل,الوحدة الصحية بسدمنت الجبل,,ar,FALSE,Beni Suef,Herakleopolis Magna,29.144257,30.9018102,native_google,Google Maps,0.05,hospital,,unknown,map_only_unverified,low,1,FALSE,1,Google Maps,Google Maps,"4WV2+PP3, Sadment Al Gabal, Herakleopolis Magna, Beni Suef Governorate 2642360, Egypt",FALSE,,,,FALSE,TRUE,scraped_unverified
NEW0318,الوحده الصحيه,الوحده الصحيه,,ar,FALSE,Beni Suef,Herakleopolis Magna,29.0916394,30.925402899999998,native_google,Google Maps,0.05,hospital,,unknown,map_only_unverified,low,1,FALSE,1,Google Maps,Google Maps,"3WRG+G2R, Manharah, Herakleopolis Magna, Beni Suef Governorate 2643631, Egypt",FALSE,,,,FALSE,TRUE,scraped_unverified
NEW0319,مستشفي,مستشفي,,ar,TRUE,Beni Suef,Sumusta El Waqf,28.9747602,30.8509709,native_google,Google Maps,0.05,hospital,,unknown,map_only_unverified,low,1,FALSE,1,Google Maps,Google Maps,"XVF2+W95, Izbat Ash Shantour, Sumusta El Waqf, Beni Suef Governorate 2631011, Egypt",FALSE,,,,FALSE,TRUE,scraped_unverified
NEW0320,ELSARAYA HOSPITAL,elsaraya hospital,,en,FALSE,Beni Suef,El Hamam,30.854104799999998,29.377593599999997,native_google,Google Maps,0.05,hospital,,unknown,map_only_unverified,low,1,FALSE,1,Google Maps,Google Maps,"حفر الباطن ش المدرسة اليابانية بجوار مستودع الغاز, El Hamam, Marsa Matrouh Governorate 51511, Egypt",FALSE,012 26241412,012 26241412,mobile,TRUE,TRUE,scraped_unverified
NEW0321,مًسِتٌشُفُﮯ بًنِيَ سِوٌيَفُ آلَعٌآمً,مستشفے بني سويف العام,,ar,FALSE,Beni Suef,Herakleopolis Magna,29.036208999999996,30.867400999999997,native_google,Google Maps,0.05,hospital,,unknown,map_only_unverified,low,1,FALSE,1,Google Maps,Google Maps,"2VP8+FXJ, Al Bahsamoun, Herakleopolis Magna, Beni Suef Governorate 2640157, Egypt",FALSE,,,,FALSE,TRUE,scraped_unverified
NEW0322,وحدة النويرة الصحية,وحدة النويرة الصحية,,ar,FALSE,Beni Suef,Herakleopolis Magna,29.1051667,30.984805599999998,native_google,Google Maps,0.05,medical_center,,unknown,map_only_unverified,low,1,FALSE,1,Google Maps,Google Maps,"4X3P+Q32, An Neweirah, Herakleopolis Magna, Beni Suef Governorate 2646177, Egypt",FALSE,,,,FALSE,TRUE,scraped_unverified
NEW0323,وحدة كفر أبو شهبة الصحية,وحدة كفر ابو شهبة الصحية,,ar,FALSE,Beni Suef,Herakleopolis Magna,29.017157200000003,30.9496209,native_google,Google Maps,0.05,hospital,,unknown,map_only_unverified,low,1,FALSE,1,Google Maps,Google Maps,"2W8X+VR9, Nena WA Bahnena, Herakleopolis Magna, Beni Suef Governorate 2645140, Egypt",FALSE,,,,FALSE,TRUE,scraped_unverified
NEW0324,مركز جنة المرأة للولادة والتجميل,مركز جنة المراة للولادة والتجميل,,ar,FALSE,Beni Suef,Ain Shams,30.132052099999996,31.3231772,native_google,Google Maps,0.05,hospital,,likely,map_only_unverified,low,1,FALSE,1,Google Maps,Google Maps,"Ain Shams Sharkeya, Ain Shams, Cairo Governorate 4543201, Egypt",FALSE,011 45334457,011 45334457,mobile,TRUE,TRUE,scraped_unverified
NEW0325,Bedaya Hospital,bedaya hospital,,en,FALSE,Beni Suef,Dokki,30.044146799999996,31.215614599999995,native_google,Google Maps,0.05,hospital,,unknown,map_only_unverified,low,1,FALSE,1,Google Maps,Google Maps,"2 Ahmed El-Melihy St, Ad Doqi, Dokki, Giza Governorate 3753303, Egypt",FALSE,012 25368744,012 25368744,mobile,TRUE,TRUE,scraped_unverified
NEW0326,Al Hana Maternity Center,al hana maternity center,,en,FALSE,Beni Suef,Second New Cairo,30.083090100000003,31.6589426,native_google,Google Maps,0.05,hospital,,likely,map_only_unverified,low,1,FALSE,1,Google Maps,Google Maps,"Second New Cairo, Cairo Governorate 4771542, Egypt",FALSE,012 07770390,012 07770390,mobile,TRUE,TRUE,scraped_unverified
NEW0327,Madina Women Hospital,madina women hospital,,en,FALSE,Beni Suef,Sidi Gaber,31.210426100000003,29.938793099999998,native_google,Google Maps,0.05,hospital,,likely,map_only_unverified,low,1,FALSE,1,Google Maps,Google Maps,"25 El-Shaheed Kamal El-Deen Salah, Ezbet Saad, Sidi Gaber, Alexandria Governorate 5432014, Egypt",FALSE,03 4238430,03 4238430,landline,TRUE,TRUE,scraped_unverified
NEW0328,دكتور أيمن هاني أحمد,دكتور ايمن هاني احمد,,ar,FALSE,Beni Suef,قسم العمرانية,30.010343100000004,31.203093299999995,native_google,Google Maps,0.05,doctor,,unknown,map_only_unverified,low,1,FALSE,1,Google Maps,Google Maps,"410 Haram Street. Above, Alwan stationery, العمرانية الغربية، قسم العمرانية، محافظة الجيزة 12345, Egypt",FALSE,011 19818060,011 19818060,mobile,TRUE,TRUE,scraped_unverified
NEW0329,The Egyptian IVF-ET Center,the egyptian ivf-et center,,en,FALSE,Beni Suef,Maadi,29.967143,31.248995999999995,native_google,Google Maps,0.05,hospital,,unknown,map_only_unverified,low,1,FALSE,1,Google Maps,Google Maps,"3 Street 161, Maadi Al Khabiri Al Gharbeyah, Maadi, Cairo Governorate 11431, Egypt",FALSE,02 25254944,02 25254944,landline,TRUE,TRUE,scraped_unverified
NEW0330,مستشفى ابن سينا التخصصى,مستشفي ابن سينا التخصصي,,ar,FALSE,Beni Suef,Dokki,30.039976499999998,31.2084241,native_google,Google Maps,0.05,hospital,,unknown,map_only_unverified,low,1,FALSE,1,Google Maps,Google Maps,"24 Mossadak, Ad Doqi, Dokki, Giza Governorate 3751133, Egypt",FALSE,02 37496317,02 37496317,landline,TRUE,TRUE,scraped_unverified
NEW0331,International Medical Center IMC,international medical center imc,,en,FALSE,Beni Suef,El Shorouk,30.193563899999997,31.6561161,native_google,Google Maps,0.05,hospital,,unknown,map_only_unverified,low,1,FALSE,1,Google Maps,Google Maps,"Km 42,Cairo Ism. Desert Rd., Cairo Near To El Sherouk، Gate 2، City، El Shorouk, Cairo Governorate 4955101, Egypt",FALSE,012 82172161,012 82172161,mobile,TRUE,TRUE,scraped_unverified
NEW0332,مستشفى دمشق,مستشفي دمشق,,ar,FALSE,Beni Suef,Agouza,30.055069,31.192570600000003,native_google,Google Maps,0.05,hospital,,unknown,map_only_unverified,low,1,FALSE,1,Google Maps,Google Maps,"354V+22G, Demashk, Mit Akaba, Agouza, Giza Governorate 12655, Egypt",FALSE,02 33470194,02 33470194,landline,TRUE,TRUE,scraped_unverified
NEW0333,El Madina Center for ICSI & IVF,el madina center for icsi & ivf,,en,FALSE,Beni Suef,Sidi Gaber,31.212953900000002,29.9414123,native_google,Google Maps,0.05,hospital,,unknown,map_only_unverified,low,1,FALSE,1,Google Maps,Google Maps,"6W7R+5HM, Smoha Sq., Ezbet Saad, Sidi Gaber, Alexandria Governorate 5432060, Egypt",FALSE,03 4264001,03 4264001,landline,TRUE,TRUE,scraped_unverified
NEW0334,مركز جنه التخصصي للحقن المجهري وامراض النساء,مركز جنه التخصصي للحقن المجهري وامراض النساء,,ar,FALSE,Beni Suef,First Al Minya,28.0935953,30.7567335,native_google,Google Maps,0.05,hospital,,likely,map_only_unverified,low,1,FALSE,1,Google Maps,Google Maps,"3QV4+CMQ, Qism Minya, First Al Minya, Minya Governorate 2451060, Egypt",FALSE,086 2343000,086 2343000,landline,TRUE,TRUE,scraped_unverified
NEW0335,El Minya University Hospitals,el minya university hospitals,,en,FALSE,Beni Suef,EL MENIA,28.0899282,30.7657022,native_google,Google Maps,0.05,hospital,,unknown,map_only_unverified,low,1,FALSE,1,Google Maps,Google Maps,"3QQ8+X7G، Corniche El Nil، EL CORNICHE، EL MENIA، Minya Governorate 61111, Egypt",FALSE,086 2157863,086 2157863,landline,TRUE,TRUE,scraped_unverified
NEW0336,مستشفي مصر الدولي,مستشفي مصر الدولي,,ar,FALSE,Beni Suef,Dokki,30.044905399999998,31.215666400000003,native_google,Google Maps,0.05,hospital,,unknown,map_only_unverified,low,1,FALSE,1,Google Maps,Google Maps,"42 Abd El-Raheem Sabry, Ad Doqi A, Dokki, Giza Governorate 3753120, Egypt",FALSE,02 37608261,02 37608261,landline,TRUE,TRUE,scraped_unverified
NEW0337,Nour elhayah delivery center,nour elhayah delivery center,,en,FALSE,Beni Suef,Second Al Faiyum,29.3026219,30.8556486,native_google,Google Maps,0.05,hospital,,unknown,map_only_unverified,low,1,FALSE,1,Google Maps,Google Maps,"بجوار، مستشفى نور الحياه للولاده، باغوص, Qesm Al Fayoum, Second Al Faiyum, Faiyum Governorate 2923017, Egypt",FALSE,010 23714810,010 23714810,mobile,TRUE,TRUE,scraped_unverified
NEW0338,مركز نور الطب للنساء والتوليد,مركز نور الطب للنساء والتوليد,,ar,FALSE,Beni Suef,First Al Faiyum,29.3165755,30.8484307,native_google,Google Maps,0.05,hospital,,likely,map_only_unverified,low,1,FALSE,1,Google Maps,Google Maps,"8R8X+J9M, Qesm Al Fayoum, First Al Faiyum, Faiyum Governorate 2934081, Egypt",FALSE,010 11117650,010 11117650,mobile,TRUE,TRUE,scraped_unverified
NEW0339,مستشفى مبرة أبيس للنسا و الولادة,مستشفي مبرة ابيس للنسا و الولادة,,ar,FALSE,Beni Suef,Amreya 1,31.122336999999995,29.941597999999995,native_google,Google Maps,0.05,hospital,,likely,map_only_unverified,low,1,FALSE,1,Google Maps,Google Maps,"Unnamed Road، 4WCR+WJQ, Qetaa an Nahdah, Amreya 1, Alexandria Governorate 5258193, Egypt",FALSE,012 05929589,012 05929589,mobile,TRUE,TRUE,scraped_unverified
NEW0340,الوحدة الصحية ببني عقبة ببا بني سويف,الوحدة الصحية ببني عقبة ببا بني سويف,,ar,FALSE,Beni Suef,Biba,28.860082700000003,30.937493,native_google,Google Maps,0.05,hospital,,unknown,map_only_unverified,low,1,FALSE,1,Google Maps,Google Maps,"VW6P+2X, Biba, Beni Suef Governorate 2657114, Egypt",FALSE,,,,FALSE,TRUE,scraped_unverified
NEW0341,المستشفى العام بنى سويف,المستشفي العام بني سويف,,ar,FALSE,Beni Suef,Herakleopolis Magna,29.088273,30.942478899999998,native_google,Google Maps,0.05,health,,unknown,map_only_unverified,low,1,FALSE,1,Google Maps,Google Maps,"3WQR+8X5، Unnamed Road، Madinet Ahnasia, Herakleopolis Magna, Beni Suef Governorate 2643783, Egypt",FALSE,,,,FALSE,TRUE,scraped_unverified
NEW0342,Mansoura University Hospitals,mansoura university hospitals,,en,FALSE,Beni Suef,El Mansoura,31.044044799999998,31.3638362,native_google,Google Maps,0.05,hospital,,unknown,map_only_unverified,low,1,FALSE,1,Google Maps,Google Maps,"29V7+JG8, El Gomhouria St, Mit Khamis WA Kafr Al Mougi, El Mansoura, Dakahlia Governorate 7650030, Egypt",FALSE,050 2202876,050 2202876,landline,TRUE,TRUE,scraped_unverified
NEW0343,مستشفى نفيسة الحصري الجامعي - الفيوم,مستشفي نفيسة الحصري الجامعي - الفيوم,,ar,FALSE,Beni Suef,First Al Faiyum,29.3233896,30.8396724,native_google,Google Maps,0.05,hospital,,unknown,map_only_unverified,low,1,FALSE,1,Google Maps,Google Maps,"8RFQ+9V3, Tawfik El-Hakeem, Qesm Al Fayoum, First Al Faiyum, Faiyum Governorate 2933152, Egypt",FALSE,,,,FALSE,TRUE,scraped_unverified
NEW0344,New Fayoum University Hospital - مستشفى الفيوم الجامعي الجديدة,New Fayoum University Hospital - مستشفي الفيوم الجامعي الجديدة,,ar,FALSE,Beni Suef,First Al Faiyum,29.324984999999998,30.8317891,native_google,Google Maps,0.05,hospital,,unknown,map_only_unverified,low,1,FALSE,1,Google Maps,Google Maps,"8RFJ+XPV, Qesm Al Fayoum, First Al Faiyum, Faiyum Governorate 2933051, Egypt",FALSE,010 90967072,010 90967072,mobile,TRUE,TRUE,scraped_unverified
NEW0345,Children's Hospital and Al Batinah University,children's hospital and al batinah university,,en,FALSE,Beni Suef,First Al Faiyum,29.3250394,30.831951699999998,native_google,Google Maps,0.05,hospital,,unknown,map_only_unverified,low,1,FALSE,1,Google Maps,Google Maps,"8RGJ+2Q8, Qesm Al Fayoum, First Al Faiyum, Faiyum Governorate 2933051, Egypt",FALSE,,,,FALSE,TRUE,scraped_unverified
NEW0346,Issad Hassani University Hospital of Beni Messous hospital,issad hassani university hospital of beni messous hospital,,en,FALSE,Beni Suef,Alger,36.7791948,2.9823421999999997,native_google,Google Maps,0.05,hospital,,unknown,map_only_unverified,low,1,FALSE,1,Google Maps,Google Maps,"QXHJ+FRX, Rue Ibrahim HADJRÈS, Béni Messous, Algeria",FALSE,021 93 11 90,021 93 11 90,landline,TRUE,TRUE,scraped_unverified
NEW0347,Ihnasya Al Madinah,ihnasya al madinah,,en,FALSE,Beni Suef,Ihnasya Al Madinah,29.090834200000003,30.943398,native_google,Google Maps,0.05,hospital_unspecified,,unknown,map_only_unverified,low,1,FALSE,1,Google Maps,Google Maps,"Ihnasya Al Madinah, Madinet Ahnasia, Herakleopolis Magna, Beni Suef Governorate, Egypt",FALSE,,,,FALSE,TRUE,scraped_unverified
NEW0348,مركز الحسيني,مركز الحسيني,,ar,FALSE,Beni Suef,Beni Suef,29.056890100000004,31.126590099999998,native_google,Google Maps,0.05,service,,unknown,map_only_unverified,low,1,FALSE,1,Google Maps,Google Maps,"بني سويف الجديده، بجوار المرور، Bayad Al Arab, Beni Suef, Beni Suef Governorate 62511, Egypt",FALSE,012 24340346,012 24340346,mobile,TRUE,TRUE,scraped_unverified
NEW0349,مستشفى الاورام جامعة بني سويف,مستشفي الاورام جامعة بني سويف,,ar,FALSE,Beni Suef,Beni Suef,29.080550799999997,31.105059299999997,native_google,Google Maps,0.05,hospital,,unknown,map_only_unverified,low,1,FALSE,1,Google Maps,Google Maps,"بني سويف، قسم بني سويف، بني سويف،، 34J4+62F, Qism Bani Sweif, Beni Suef, Beni Suef Governorate 2721562, Egypt",FALSE,,,,FALSE,TRUE,scraped_unverified
NEW0350,Elaraby Hospital,elaraby hospital,,en,FALSE,Beni Suef,Ashmoun,30.271938400000003,31.028701800000004,native_google,Google Maps,0.05,hospital,,unknown,map_only_unverified,low,1,FALSE,1,Google Maps,Google Maps,"Abu Raqabah, Ashmoun, Menofia Governorate 6030317, Egypt",FALSE,,,,FALSE,TRUE,scraped_unverified
NEW0351,Ganzouri Specialized Hospital,ganzouri specialized hospital,,en,FALSE,Beni Suef,قسم الزيتون,30.0974582,31.309845099999993,native_google,Google Maps,0.05,hospital,,unknown,map_only_unverified,low,1,FALSE,1,Google Maps,Google Maps,"Kasr El Tahra, Sq. Roxy, 63 طومان باي، الزيتون الشرقية، قسم الزيتون، محافظة القاهرة‬ 4521120, Egypt",FALSE,,,,FALSE,TRUE,scraped_unverified
NEW0352,Badrawi Hospital,badrawi hospital,,en,FALSE,Beni Suef,Agouza,30.0510861,31.1934239,native_google,Google Maps,0.05,hospital,,unknown,map_only_unverified,low,1,FALSE,1,Google Maps,Google Maps,"39 Demashk, Mit Akaba, Agouza, Giza Governorate 3752221, Egypt",FALSE,02 37490018,02 37490018,landline,TRUE,TRUE,scraped_unverified
NEW0353,Misr International Hospital,misr international hospital,,en,FALSE,Beni Suef,Dokki,30.043178400000002,31.2161096,native_google,Google Maps,0.05,hospital,,unknown,map_only_unverified,low,1,FALSE,1,Google Maps,Google Maps,"12 شارع السرايا، ميدان فيني، Ad Doqi A, Dokki, Giza Governorate 3753421, Egypt",FALSE,0216010,0216010,landline,TRUE,TRUE,scraped_unverified
NEW0354,مركز بهية للكشف المبكر وعلاج سرطان الثدي - فرع الهرم - Baheya Foundation For Early Detection & Treatment Of Breast Cancer,مركز بهية للكشف المبكر وعلاج سرطان الثدي - فرع الهرم - Baheya Foundation For Early Detection & Treatment Of Breast Cancer,,ar,FALSE,Beni Suef,Al Haram,30.004849,31.186611000000003,native_google,Google Maps,0.05,non_profit_organization,,unknown,map_only_unverified,low,1,FALSE,1,Google Maps,Google Maps,"4 شارع علوبة، بجوار دارى للديكور ومستشفى التطبيقيين، متفرع من Al Haram, Al Omraneyah Al Gharbeyah, Al Haram, Giza Governorate 12556, Egypt",FALSE,02 33927499,02 33927499,landline,TRUE,TRUE,scraped_unverified
NEW0355,Tiba Hospital Mansoura,tiba hospital mansoura,,en,FALSE,Beni Suef,المنصورة,31.033799499999997,31.3577452,native_google,Google Maps,0.05,hospital,,unknown,map_only_unverified,low,1,FALSE,1,Google Maps,Google Maps,"Al Daqahlia, Corner of Mas’ab bin Omair Street - Branching from the extension of Gihan Street, Al Gam’a, Neighborhood, المنصورة، محافظة الدقهلية 35511, Egypt",FALSE,050 2204272,050 2204272,landline,TRUE,TRUE,scraped_unverified
NEW0356,مركز الشروق الطبى للعناية المركزة والتحاليل الطبية,مركز الشروق الطبي للعناية المركزة والتحاليل الطبية,,ar,FALSE,Beni Suef,Beni Suef,28.920917900000003,30.9813921,native_google,Google Maps,0.05,hospital,,unknown,map_only_unverified,low,1,FALSE,1,Google Maps,Google Maps,"بجوار قصر الثقافه أمام كوبري, شارع التحرير، Madinet Beba, Beni Suef, Beni Suef Governorate 62611, Egypt",FALSE,010 68330303,010 68330303,mobile,TRUE,TRUE,scraped_unverified
NEW0357,المستوصف الطبي الخيري,المستوصف الطبي الخيري,,ar,FALSE,Beni Suef,Biba,28.926612799999997,30.988332,native_google,Google Maps,0.05,hospital,,unknown,map_only_unverified,low,1,FALSE,1,Google Maps,Google Maps,"WXGQ+J8W, Madinet Beba, Biba, Beni Suef Governorate 2655613, Egypt",FALSE,,,,FALSE,TRUE,scraped_unverified
NEW0358,الواحد الصحه,الواحد الصحه,,ar,FALSE,Beni Suef,Biba,28.959238799999998,30.952501599999998,native_google,Google Maps,0.05,general_hospital,,unknown,map_only_unverified,low,1,FALSE,1,Google Maps,Google Maps,"XX52+RWH, Tarshoub, Biba, Beni Suef Governorate 2652227, Egypt",FALSE,,,,FALSE,TRUE,scraped_unverified
NEW0359,مستشفى سدس حضانه,مستشفي سدس حضانه,,ar,FALSE,Beni Suef,Biba,28.900473499999997,30.94095,native_google,Google Maps,0.05,general_hospital,,unknown,map_only_unverified,low,1,FALSE,1,Google Maps,Google Maps,"WW2R+59P, Suds Alomraa - Somosta, Kafr Gomaa, Biba, Beni Suef Governorate 2653521, Egypt",FALSE,,,,FALSE,TRUE,scraped_unverified
NEW0360,المركز الطبى ببا,المركز الطبي ببا,,ar,FALSE,Beni Suef,Biba,28.9169942,30.979097,native_google,Google Maps,0.05,medical_clinic,,unknown,map_only_unverified,low,1,FALSE,1,Google Maps,Google Maps,"WX8H+QJX, Madinet Beba, Biba, Beni Suef Governorate 2655310, Egypt",FALSE,082 4400879,082 4400879,landline,TRUE,TRUE,scraped_unverified
NEW0361,Hospital Central Fashn,hospital central fashn,,en,FALSE,Beni Suef,Al Fashn,28.832536100000002,30.900658699999997,native_google,Google Maps,0.05,hospital,,unknown,map_only_unverified,low,1,FALSE,1,Google Maps,Google Maps,"طريق المستشفي، العام، Al Fashn, Beni Suef Governorate 2624940, Egypt",FALSE,082 7665048,082 7665048,landline,TRUE,TRUE,scraped_unverified
NEW0362,Imbaba General Hospital,imbaba general hospital,,en,FALSE,Beni Suef,Agouza,30.065658499999994,31.207632800000003,native_google,Google Maps,0.05,hospital,,unknown,map_only_unverified,low,1,FALSE,1,Google Maps,Google Maps,"3684+4VF, Madinet Al Eelam, Agouza, Giza Governorate 3755153, Egypt",FALSE,02 33470207,02 33470207,landline,TRUE,TRUE,scraped_unverified
NEW0363,الوحده الصحيه بابوجندير,الوحده الصحيه بابوجندير,,ar,FALSE,Beni Suef,Atsa,29.2419145,30.678269699999998,native_google,Google Maps,0.05,general_hospital,,unknown,map_only_unverified,low,1,FALSE,1,Google Maps,Google Maps,"6MRH+R75, Abu Gandir, Atsa, Faiyum Governorate 2834423, Egypt",FALSE,,,,FALSE,TRUE,scraped_unverified
NEW0364,مستشفي الجمعيه الشرعيه بدهشور,مستشفي الجمعيه الشرعيه بدهشور,,ar,FALSE,Beni Suef,Badrshein,29.751267,31.239942199999998,native_google,Google Maps,0.05,hospital,,unknown,map_only_unverified,low,1,FALSE,1,Google Maps,Google Maps,"الجمعيه الشرعيه بدهشور بجوار، مسجد السنيه، Dahshour, Badrshein, Giza Governorate 3353714, Egypt",FALSE,011 40155897,011 40155897,mobile,TRUE,TRUE,scraped_unverified
NEW0365,مستشفي طامية المركزي,مستشفي طامية المركزي,,ar,FALSE,Beni Suef,Tamiya,29.4772897,30.9550064,native_google,Google Maps,0.05,hospital,,unknown,map_only_unverified,low,1,FALSE,1,Google Maps,Google Maps,"FXG4+W26, Madinet Tameyah, Tamiya, Faiyum Governorate 2970287, Egypt",FALSE,,,,FALSE,TRUE,scraped_unverified
NEW0366,Biba,biba,,en,FALSE,Beni Suef,Biba,28.9289445,30.985155499999998,native_google,Google Maps,0.05,hospital_unspecified,,unknown,map_only_unverified,low,1,FALSE,1,Google Maps,Google Maps,"Biba, Madinet Beba, Biba, Beni Suef Governorate, Egypt",FALSE,,,,FALSE,TRUE,scraped_unverified
NEW0367,مستشفي مكة الفيوم,مستشفي مكة الفيوم,,ar,FALSE,Beni Suef,First Al Faiyum,29.3061116,30.856583499999996,native_google,Google Maps,0.05,hospital,,unknown,map_only_unverified,low,1,FALSE,1,Google Maps,Google Maps,"8V44+CJW, El-Shaheed Youssef El-Sebaey, Qesm Al Fayoum, First Al Faiyum, Faiyum Governorate 2931034, Egypt",FALSE,084 2070476,084 2070476,landline,TRUE,TRUE,scraped_unverified
NEW0368,Taba Central Hospital,taba central hospital,,en,FALSE,Beni Suef,Taba,29.494169,34.8955007,native_google,Google Maps,0.05,hospital,,unknown,map_only_unverified,low,1,FALSE,1,Google Maps,Google Maps,"FVVW+M66، ش المنفذ، Taba, South Sinai Governorate 8783055, Egypt",FALSE,069 3530231,069 3530231,landline,TRUE,TRUE,scraped_unverified
NEW0369,El Ayat Central Hospital,el ayat central hospital,,en,FALSE,Beni Suef,El Ayyat,29.626635099999994,31.257869399999997,native_google,Google Maps,0.05,hospital,,unknown,map_only_unverified,low,1,FALSE,1,Google Maps,Google Maps,"J7G5+M45, Aswan Western Agricultural Rd, مدينة العياط، El Ayyat, Giza Governorate 3325640, Egypt",FALSE,,,,FALSE,TRUE,scraped_unverified
NEW0370,مستشفى بنى واللمس العام,مستشفي بني واللمس العام,,ar,FALSE,Beni Suef,Maghagha,28.5997569,30.692878500000003,native_google,Google Maps,0.05,hospital,,unknown,map_only_unverified,low,1,FALSE,1,Google Maps,Google Maps,"HMXV+W52, Bani Wallams, Maghagha, Minya Governorate 2541061, Egypt",FALSE,,,,FALSE,TRUE,scraped_unverified
NEW0371,الوِحده الصحيه بقرية القايات,الوحده الصحيه بقرية القايات,,ar,FALSE,Beni Suef,El Idwa,28.673137299999997,30.6896501,native_google,Google Maps,0.05,general_hospital,,unknown,map_only_unverified,low,1,FALSE,1,Google Maps,Google Maps,"MMFQ+7V2, Al Qayat, El Idwa, Minya Governorate 2551397, Egypt",FALSE,011 25912779,011 25912779,mobile,TRUE,TRUE,scraped_unverified
NEW0372,El Saff Central Hospital,el saff central hospital,,en,FALSE,Beni Suef,El-Saf,29.583440799999995,31.284673299999998,native_google,Google Maps,0.05,hospital,,unknown,map_only_unverified,low,1,FALSE,1,Google Maps,Google Maps,"H7MM+9VF, El-Saf City, El-Saf, Giza Governorate 3440530, Egypt",FALSE,02 38620444,02 38620444,landline,TRUE,TRUE,scraped_unverified
NEW0373,مستشفى الكنيسه الصحيه,مستشفي الكنيسه الصحيه,,ar,FALSE,Beni Suef,Al Fashn,28.7551128,30.799309199999996,native_google,Google Maps,0.05,general_hospital,,unknown,map_only_unverified,low,1,FALSE,1,Google Maps,Google Maps,"QR42+622, Al Kanisah, Al Fashn, Beni Suef Governorate 2621338, Egypt",FALSE,,,,FALSE,TRUE,scraped_unverified
NEW0374,مستشفى ابشواي المركزي,مستشفي ابشواي المركزي,,ar,FALSE,Beni Suef,Ibsheway,29.370737,30.6882145,native_google,Google Maps,0.05,hospital,,unknown,map_only_unverified,low,1,FALSE,1,Google Maps,Google Maps,"Madinat Al Fayoum - Ezbet Shakoosh, Madinet Ibsheway, Ibsheway, Faiyum Governorate 2864352, Egypt",FALSE,,,,FALSE,TRUE,scraped_unverified
NEW0375,المركز الطبي ببني سويف الجديدة,المركز الطبي ببني سويف الجديدة,,ar,FALSE,Beni Suef,Beni Suef,29.0287639,31.113072199999998,native_google,Google Maps,0.05,hospital,,unknown,map_only_unverified,low,1,FALSE,1,Google Maps,Google Maps,"24H7+G64, Qism Bani Sweif, Beni Suef, Beni Suef Governorate 2730441, Egypt",FALSE,,,,FALSE,TRUE,scraped_unverified
NEW0376,El Edawa Central Hospital,el edawa central hospital,,en,FALSE,Beni Suef,El Idwa,28.695480699999997,30.774873999999997,native_google,Google Maps,0.05,hospital,,unknown,map_only_unverified,low,1,FALSE,1,Google Maps,Google Maps,"El Idwa, Minya Governorate 2556101, Egypt",FALSE,086 7460013,086 7460013,landline,TRUE,TRUE,scraped_unverified
NEW0377,Central Hospital of Sinnuris,central hospital of sinnuris,,en,FALSE,Beni Suef,Sinnuris,29.4087002,30.858774499999996,native_google,Google Maps,0.05,hospital,,unknown,map_only_unverified,low,1,FALSE,1,Google Maps,Google Maps,"CV55+FGJ, Madinet Senouris, Sinnuris, Faiyum Governorate 2951862, Egypt",FALSE,084 6900868,084 6900868,landline,TRUE,TRUE,scraped_unverified
NEW0378,Central Hospital Maghagha,central hospital maghagha,,en,FALSE,Beni Suef,Maghagha,28.655344699999997,30.8319269,native_google,Google Maps,0.05,hospital,,unknown,map_only_unverified,low,1,FALSE,1,Google Maps,Google Maps,"شارع 26 يوليو, Atneyah, Maghagha, Minya Governorate 2546220, Egypt",FALSE,086 3550045,086 3550045,landline,TRUE,TRUE,scraped_unverified
NEW0379,Banha University Hospital,banha university hospital,,en,FALSE,Beni Suef,Banha 2,30.4702587,31.178644900000002,native_google,Google Maps,0.05,hospital,,unknown,map_only_unverified,low,1,FALSE,1,Google Maps,Google Maps,"F5CH+4F2, El-Shaheed Farid Nada, Qism Banha, Banha 2, Al-Qalyubia Governorate 6470031, Egypt",FALSE,013 3231011,013 3231011,landline,TRUE,TRUE,scraped_unverified
NEW0380,University Hospital Specialist Shebeen,university hospital specialist shebeen,,en,FALSE,Beni Suef,Shibin el Kom,30.577209799999995,31.0128433,native_google,Google Maps,0.05,hospital,,unknown,map_only_unverified,low,1,FALSE,1,Google Maps,Google Maps,"H2G7+V4P, Al Maxim Rd, Qism Shebeen El-Kom, Shibin el Kom, Menofia Governorate 6132720, Egypt",FALSE,048 2084315,048 2084315,landline,TRUE,TRUE,scraped_unverified
NEW0381,Free Egypt pediatric and obstetrics university hospital,free egypt pediatric and obstetrics university hospital,,en,FALSE,Beni Suef,Second Al Minya,28.127396899999997,30.738583,native_google,Google Maps,0.05,hospital,,likely,map_only_unverified,low,1,FALSE,1,Google Maps,Google Maps,"Qism Minya, Second Al Minya, Minya Governorate 2431436, Egypt",FALSE,010 90191037,010 90191037,mobile,TRUE,TRUE,scraped_unverified
NEW0382,مستشفي الكلي والمسالك,مستشفي الكلي والمسالك,,ar,FALSE,Beni Suef,Second Al Minya,28.128464299999997,30.7379809,native_google,Google Maps,0.05,hospital,,unknown,map_only_unverified,low,1,FALSE,1,Google Maps,Google Maps,"4PHQ+95Q, Qism Minya, Second Al Minya, Minya Governorate 2431436, Egypt",FALSE,086 2323819,086 2323819,landline,TRUE,TRUE,scraped_unverified
NEW0383,المستشفي الجامعي الثلاثي | جـامـعـــة الـمـنـيـــــا,المستشفي الجامعي الثلاثي | جـامـعـــة الـمـنـيـــــا,,ar,FALSE,Beni Suef,Second Al Minya,28.123834199999997,30.7400951,native_google,Google Maps,0.05,hospital,,unknown,map_only_unverified,low,1,FALSE,1,Google Maps,Google Maps,"4PFR+G25, Aswan Western Agricultural Rd, Damaris, Second Al Minya, Minya Governorate 2431436, Egypt",FALSE,,,,FALSE,TRUE,scraped_unverified
NEW0384,مركز بهية للأورام,مركز بهية للاورام,,ar,FALSE,Beni Suef,مركز منيا القمح,30.0048191,31.186609499999996,native_google,Google Maps,0.05,hospital,,unknown,map_only_unverified,low,1,FALSE,1,Google Maps,Google Maps,"شارع علوبة متفرع من ش الهرم بجوار, 253P+WJH دارى للديكور ومستشفى التطبيقيين, شارع الهرم، ميت سهيل، مركز منيا القمح، محافظة الشرقية 3546211, Egypt",FALSE,02 33927460,02 33927460,landline,TRUE,TRUE,scraped_unverified
NEW0385,Banha Teaching Hospital,banha teaching hospital,,en,FALSE,Beni Suef,Banha 2,30.466703400000004,31.185772399999998,native_google,Google Maps,0.05,hospital,,unknown,map_only_unverified,low,1,FALSE,1,Google Maps,Google Maps,"F58P+M8J, Qism Banha, Banha 2, Al-Qalyubia Governorate 6470050, Egypt",FALSE,013 3230575,013 3230575,landline,TRUE,TRUE,scraped_unverified
NEW0386,مستشفى زهور الحياة,مستشفي زهور الحياة,,ar,FALSE,Beni Suef,Al Fashn,28.818250199999998,30.8997403,native_google,Google Maps,0.05,hospital,,unknown,map_only_unverified,low,1,FALSE,1,Google Maps,Google Maps,"Al Barhameia, Madinet Al Fashn, Al Fashn, Beni Suef Governorate 62621, Egypt",FALSE,,,,FALSE,TRUE,scraped_unverified
NEW0387,مستشفى عزب الفنت الشرقية,مستشفي عزب الفنت الشرقية,,ar,FALSE,Beni Suef,Al Fashn,28.765618,30.9045323,native_google,Google Maps,0.05,hospital,,unknown,map_only_unverified,low,1,FALSE,1,Google Maps,Google Maps,"QW83+6RV, Al Fant, Al Fashn, Beni Suef Governorate 2626550, Egypt",FALSE,,,,FALSE,TRUE,scraped_unverified
NEW0388,El Fayoumy Hospital,el fayoumy hospital,,en,FALSE,Beni Suef,Al Fashn,28.822826,30.899194599999998,native_google,Google Maps,0.05,hospital,,unknown,map_only_unverified,low,1,FALSE,1,Google Maps,Google Maps,"RVFX+4MP, Madinet Al Fashn, Al Fashn, Beni Suef Governorate 2624843, Egypt",FALSE,011 40034179,011 40034179,mobile,TRUE,TRUE,scraped_unverified
NEW0389,Western Alphent Hospital,western alphent hospital,,en,FALSE,Beni Suef,Al Fashn,28.783843499999996,30.876046600000002,native_google,Google Maps,0.05,hospital,,unknown,map_only_unverified,low,1,FALSE,1,Google Maps,Google Maps,"QVMG+GCM, Al Fant, Al Fashn, Beni Suef Governorate 62621, Egypt",FALSE,,,,FALSE,TRUE,scraped_unverified
NEW0390,Dlhans Hospital,dlhans hospital,,en,FALSE,Beni Suef,Al Fashn,28.8183927,30.80444,native_google,Google Maps,0.05,hospital,,unknown,map_only_unverified,low,1,FALSE,1,Google Maps,Google Maps,"Delhanes, Al Fashn, Beni Suef Governorate 2620703, Egypt",FALSE,,,,FALSE,TRUE,scraped_unverified
NEW0391,مستشفي عصافير الحياه,مستشفي عصافير الحياه,,ar,FALSE,Beni Suef,Al Fashn,28.818056700000003,30.8996377,native_google,Google Maps,0.05,hospital,,unknown,map_only_unverified,low,1,FALSE,1,Google Maps,Google Maps,"RV9X+6VC, Al Barhameia, Madinet Al Fashn, Al Fashn, Beni Suef Governorate 2624678, Egypt",FALSE,,,,FALSE,TRUE,scraped_unverified
NEW0392,مركز طيبه للأشعه,مركز طيبه للاشعه,,ar,FALSE,Beni Suef,Al Fashn,28.818376699999995,30.899785500000004,native_google,Google Maps,0.05,hospital,,unknown,map_only_unverified,low,1,FALSE,1,Google Maps,Google Maps,"RV9X+9W3, Madinet Al Fashn, Al Fashn, Beni Suef Governorate 2624678, Egypt",FALSE,011 45447485,011 45447485,mobile,TRUE,TRUE,scraped_unverified
NEW0393,Al Fant El Karway,al fant el karway,,en,FALSE,Beni Suef,Al Fashn,28.749762699999998,30.867190599999997,native_google,Google Maps,0.05,hospital,,unknown,map_only_unverified,low,1,FALSE,1,Google Maps,Google Maps,"PVX8+WV4, Bani Sweif - Dayrout, Al Fant, Al Fashn, Beni Suef Governorate 2624152, Egypt",FALSE,,,,FALSE,TRUE,scraped_unverified
NEW0394,مستشفي منشاة عمرو,مستشفي منشاة عمرو,,ar,FALSE,Beni Suef,Al Fashn,28.737119999999997,30.852049500000003,native_google,Google Maps,0.05,hospital,,unknown,map_only_unverified,low,1,FALSE,1,Google Maps,Google Maps,"PVP2+RRV، Unnamed Road، Al Fant, Al Fashn, Beni Suef Governorate 2624104, Egypt",FALSE,,,,FALSE,TRUE,scraped_unverified
NEW0395,مستوصف شفا الخيري,مستوصف شفا الخيري,,ar,FALSE,Beni Suef,Al Fashn,28.821416000000003,30.9013788,native_google,Google Maps,0.05,hospital,,unknown,map_only_unverified,low,1,FALSE,1,Google Maps,Google Maps,"RWC2+HH6، Unnamed Road، Madinet Al Fashn, Al Fashn, Beni Suef Governorate 2624853, Egypt",FALSE,,,,FALSE,TRUE,scraped_unverified
NEW0396,عيادات ريفو كير التخصصية,عيادات ريفو كير التخصصية,,ar,FALSE,Beni Suef,Al Fashn,28.820160700000002,30.900696300000003,native_google,Google Maps,0.05,medical_center,,unknown,map_only_unverified,low,1,FALSE,1,Google Maps,Google Maps,"خلف موقف مغاغه و بنك مصر, El-Gaish, Madinet Al Fashn, Al Fashn, Beni Suef Governorate 2624806, Egypt",FALSE,011 56113040,011 56113040,mobile,TRUE,TRUE,scraped_unverified
NEW0397,مستشفى كفر درويش الاسرة,مستشفي كفر درويش الاسرة,,ar,FALSE,Beni Suef,Al Fashn,28.7426935,30.893270700000002,native_google,Google Maps,0.05,hospital,,unknown,map_only_unverified,low,1,FALSE,1,Google Maps,Google Maps,"Kafr Darwish, Al Fashn, Beni Suef Governorate 2626078, Egypt",FALSE,011 42140767,011 42140767,mobile,TRUE,TRUE,scraped_unverified
NEW0398,احمد بيه صابر,احمد بيه صابر,,ar,FALSE,Beni Suef,Al Fashn,28.823480600000003,30.8988767,native_google,Google Maps,0.05,hospital,,unknown,map_only_unverified,low,1,FALSE,1,Google Maps,Google Maps,"RVFX+9HR, Madinet Al Fashn, Al Fashn, Beni Suef Governorate 2624845, Egypt",FALSE,011 17161004,011 17161004,mobile,TRUE,TRUE,scraped_unverified
NEW0399,الوحده الصحيه,الوحده الصحيه,,ar,FALSE,Beni Suef,Al Fashn,28.854579,30.889543099999997,native_google,Google Maps,0.05,medical_center,,unknown,map_only_unverified,low,1,FALSE,1,Google Maps,Google Maps,"VV3Q+JXW, Aboug, Al Fashn, Beni Suef Governorate 2625147, Egypt",FALSE,,,,FALSE,TRUE,scraped_unverified
NEW0400,Al Mashfa Hospital & Resort,al mashfa hospital & resort,,en,FALSE,Beni Suef,Obour,30.198133799999997,31.6554531,native_google,Google Maps,0.05,hospital,,unknown,map_only_unverified,low,1,FALSE,1,Google Maps,Google Maps,"كيلو 43 طريق الإسماعيليه الصحراوي، امام المركز الطبي العالمي، Cairo، القاهرة، Egypt، Obour, Al-Qalyubia Governorate 11837, Egypt",FALSE,010 00083561,010 00083561,mobile,TRUE,TRUE,scraped_unverified
NEW0401,وحده تامين صحى مدينه الفشن,وحده تامين صحي مدينه الفشن,,ar,FALSE,Beni Suef,Al Fashn,28.823480600000003,30.8988767,native_google,Google Maps,0.05,medical_center,,unknown,map_only_unverified,low,1,FALSE,1,Google Maps,Google Maps,"RVFX+9HR, Madinet Al Fashn, Al Fashn, Beni Suef Governorate 2624845, Egypt",FALSE,,,,FALSE,TRUE,scraped_unverified
NEW0402,مستشفى نزلة البرقي الصحية,مستشفي نزلة البرقي الصحية,,ar,FALSE,Beni Suef,Al Fashn,28.7505462,30.8257783,native_google,Google Maps,0.05,hospital,,unknown,map_only_unverified,low,1,FALSE,1,Google Maps,Google Maps,"QR2G+779, Nazlet Al Barqi, Al Fashn, Beni Suef Governorate 2622218, Egypt",FALSE,,,,FALSE,TRUE,scraped_unverified
NEW0403,Health Unit in the village Oagafhs,health unit in the village oagafhs,,en,FALSE,Beni Suef,Al Fashn,28.7844069,30.825993999999998,native_google,Google Maps,0.05,hospital,,unknown,map_only_unverified,low,1,FALSE,1,Google Maps,Google Maps,"QRMG+Q99, Al Barqi, Al Fashn, Beni Suef Governorate 2622186, Egypt",FALSE,,,,FALSE,TRUE,scraped_unverified
NEW0404,الوحدة الصحية,الوحدة الصحية,,ar,FALSE,Beni Suef,Al Fashn,28.8243024,30.857954099999994,native_google,Google Maps,0.05,hospital,,unknown,map_only_unverified,low,1,FALSE,1,Google Maps,Google Maps,"RVF5+R2P, Saft Al Arfa, Al Fashn, Beni Suef Governorate 2622967, Egypt",FALSE,,,,FALSE,TRUE,scraped_unverified
NEW0405,برج الأطباء,برج الاطباء,,ar,FALSE,Beni Suef,Al Fashn,28.824021,30.9011262,native_google,Google Maps,0.05,medical_center,,unknown,map_only_unverified,low,1,FALSE,1,Google Maps,Google Maps,"متفرع من سعد زغلول، Madinet Al Fashn, Al Fashn, Beni Suef Governorate 2624860, Egypt",FALSE,,,,FALSE,TRUE,scraped_unverified
NEW0406,مركز احياء لطب الأطفال (حضانات ورعاية مركزة اطفال),مركز احياء لطب الاطفال (حضانات ورعاية مركزة اطفال),,ar,FALSE,Beni Suef,Al Fashn,28.8196041,30.9007187,native_google,Google Maps,0.05,hospital,,unknown,map_only_unverified,low,1,FALSE,1,Google Maps,Google Maps,"RW92+R7W, Al Barhameia, Madinet Al Fashn, Al Fashn, Beni Suef Governorate 2624806, Egypt",FALSE,,,,FALSE,TRUE,scraped_unverified
NEW0407,معمل الايمان للتحاليل الطبية,معمل الايمان للتحاليل الطبية,,ar,FALSE,Beni Suef,Al Fashn,28.8247325,30.902291999999996,native_google,Google Maps,0.05,hospital,,unknown,map_only_unverified,low,1,FALSE,1,Google Maps,Google Maps,"RWF2+VWV، سعد زغلول، Madinet Al Fashn, Al Fashn, Beni Suef Governorate 2624863, Egypt",FALSE,082 4398335,082 4398335,landline,TRUE,TRUE,scraped_unverified
NEW0408,Psychological Medicine Hospital,psychological medicine hospital,,en,FALSE,Beni Suef,El Nozha,30.1215677,31.366438199999997,native_google,Google Maps,0.05,hospital,,unknown,map_only_unverified,low,1,FALSE,1,Google Maps,Google Maps,"5 Ahmed Abdel Nabi، EL GADIDA، St، El Nozha, Cairo Governorate 4473121, Egypt",FALSE,02 26205757,02 26205757,landline,TRUE,TRUE,scraped_unverified
NEW0409,وحدة صحة الأسرة بالحيبة,وحدة صحة الاسرة بالحيبة,,ar,FALSE,Beni Suef,Al Fashn,28.793024799999998,30.920373400000003,native_google,Google Maps,0.05,medical_center,,unknown,map_only_unverified,low,1,FALSE,1,Google Maps,Google Maps,"QWVC+7PP, Al Heibah, Al Fashn, Beni Suef Governorate 2627150, Egypt",FALSE,,,,FALSE,TRUE,scraped_unverified
NEW0410,مستشفى مازورة,مستشفي مازورة,,ar,FALSE,Beni Suef,Sumusta El Waqf,28.8811267,30.8141155,native_google,Google Maps,0.05,hospital,,unknown,map_only_unverified,low,1,FALSE,1,Google Maps,Google Maps,"VRJ7+FJ5, Bani Kalaf- Al Mahmoudeya, Mazorah, Sumusta El Waqf, Beni Suef Governorate 2632303, Egypt",FALSE,,,,FALSE,TRUE,scraped_unverified
NEW0411,Delta lab,delta lab,,en,FALSE,Beni Suef,Al Fashn,28.824700699999994,30.901944699999998,native_google,Google Maps,0.05,medical_center,,unknown,map_only_unverified,low,1,FALSE,1,Google Maps,Google Maps,"شارع سعد زغلول، Madinet Al Fashn, Al Fashn, Beni Suef Governorate 2624861, Egypt",FALSE,011 44055111,011 44055111,mobile,TRUE,TRUE,scraped_unverified
NEW0412,Fashn police station,fashn police station,,en,FALSE,Beni Suef,Al Fashn,28.824396699999994,30.9032666,native_google,Google Maps,0.05,government_office,,unknown,map_only_unverified,low,1,FALSE,1,Google Maps,Google Maps,"RWF3+Q82, Gazirat Al Wakliyah, Al Fashn, Beni Suef Governorate 2624863, Egypt",FALSE,,,,FALSE,TRUE,scraped_unverified
NEW0413,وحده الصحيه بصفط الخرسة,وحده الصحيه بصفط الخرسة,,ar,FALSE,Beni Suef,Al Fashn,28.8283042,30.826985299999997,native_google,Google Maps,0.05,hospital,,unknown,map_only_unverified,low,1,FALSE,1,Google Maps,Google Maps,"RRHG+8QH, Daght Al Kharsah, Al Fashn, Beni Suef Governorate 2622870, Egypt",FALSE,,,,FALSE,TRUE,scraped_unverified
NEW0414,El Fashn,el fashn,,en,FALSE,Beni Suef,El Fashn,28.823449399999998,30.898814700000003,native_google,Google Maps,0.05,hospital_unspecified,,unknown,map_only_unverified,low,1,FALSE,1,Google Maps,Google Maps,"El Fashn, Madinet Al Fashn, Al Fashn, Beni Suef Governorate, Egypt",FALSE,,,,FALSE,TRUE,scraped_unverified
NEW0415,مستشفى المشفى Almashfa Hospital,مستشفي المشفي Almashfa Hospital,,ar,FALSE,Beni Suef,قسم الجيزة,30.016572699999994,31.212991399999996,native_google,Google Maps,0.05,hospital,,unknown,map_only_unverified,low,1,FALSE,1,Google Maps,Google Maps,"٨ ش مراد - ميدان الجيزة - امام الغرفة التجارية, أولى، قسم الجيزة، محافظة الجيزة 3725110, Egypt",FALSE,011 16162062,011 16162062,mobile,TRUE,TRUE,scraped_unverified
NEW0416,مستشفي سيف النصر,مستشفي سيف النصر,,ar,FALSE,Beni Suef,Maghagha,28.719699499999997,30.8537377,native_google,Google Maps,0.05,hospital,,unknown,map_only_unverified,low,1,FALSE,1,Google Maps,Google Maps,"PV93+VFH, Unnamed Road, Melateyah, Maghagha, Minya Governorate 2546463, Egypt",FALSE,,,,FALSE,TRUE,scraped_unverified
NEW0417,مستشفى الصفا,مستشفي الصفا,,ar,FALSE,Beni Suef,Bab El Sharia,30.062234099999994,31.2673228,native_google,Google Maps,0.05,hospital,,unknown,map_only_unverified,low,1,FALSE,1,Google Maps,Google Maps,"228 El Guish St.، El-Zaher, Bab El Sharia, Cairo Governorate 4333025, Egypt",FALSE,02 25929144,02 25929144,landline,TRUE,TRUE,scraped_unverified
NEW0418,Dar El-Shefa Hospital,dar el-shefa hospital,,en,FALSE,Beni Suef,El Weili,30.0714664,31.278658500000002,native_google,Google Maps,0.05,hospital,,unknown,map_only_unverified,low,1,FALSE,1,Google Maps,Google Maps,"25 Mohammed Al Fahmi, Al Abbaseyah Al Gharbeyah, El Weili, Cairo Governorate 4390301, Egypt",FALSE,010 65803258,010 65803258,mobile,TRUE,TRUE,scraped_unverified
NEW0419,مركز القاهرة للأشعة,مركز القاهرة للاشعة,,ar,FALSE,Beni Suef,Al Fashn,28.833470999999996,30.8984661,native_google,Google Maps,0.05,medical_center,,unknown,map_only_unverified,low,1,FALSE,1,Google Maps,Google Maps,"RVMX+99P, Unnamed Road, Madinet Al Fashn, Al Fashn, Beni Suef Governorate 2624573, Egypt",FALSE,010 24707018,010 24707018,mobile,TRUE,TRUE,scraped_unverified
NEW0420,ALFA Hospital . Hurghada,alfa hospital . hurghada,,en,FALSE,Beni Suef,Hurghada,27.203505999999997,33.822885,native_google,Google Maps,0.05,hospital,,unknown,map_only_unverified,low,1,FALSE,1,Google Maps,Google Maps,"15 Airport Rd. El Kawthar New Division., Hurghada, محافظة البحر الأحمر 1964002, Egypt",FALSE,011 46611990,011 46611990,mobile,TRUE,TRUE,scraped_unverified
NEW0421,Sharm peace hospital,sharm peace hospital,,en,FALSE,Beni Suef,Sharm El Sheikh 1,27.9061822,34.314319,native_google,Google Maps,0.05,hospital,,unknown,map_only_unverified,low,1,FALSE,1,Google Maps,Google Maps,"Sharm El Sheikh 1, South Sinai Governorate 8763005, Egypt",FALSE,011 18455536,011 18455536,mobile,TRUE,TRUE,scraped_unverified
NEW0422,Nile Hospital,nile hospital,,en,FALSE,Beni Suef,Hurghada 1,27.2170959,33.817772,native_google,Google Maps,0.05,hospital,,unknown,map_only_unverified,low,1,FALSE,1,Google Maps,Google Maps,"طريق المطار، El-Nasr, Hurghada 1, Red Sea Governorate 1952210, Egypt",FALSE,012 26524411,012 26524411,mobile,TRUE,TRUE,scraped_unverified
NEW0423,Port Ghalib Hospital,port ghalib hospital,,en,FALSE,Beni Suef,Marsa Alam,25.540826400000004,34.617278899999995,native_google,Google Maps,0.05,hospital,,unknown,map_only_unverified,low,1,FALSE,1,Google Maps,Google Maps,"جنوب قصير، خليج كورايا، Marsa Alam, Red Sea Governorate 1920310, Egypt",FALSE,065 3700122,065 3700122,landline,TRUE,TRUE,scraped_unverified
NEW0424,الدكتورة مها خورشد دكتوره نساء وتوليد,الدكتورة مها خورشد دكتوره نساء وتوليد,,ar,FALSE,Beni Suef,First Al Faiyum,29.3127019,30.856568399999997,native_google,Google Maps,0.05,hospital,,likely,map_only_unverified,low,1,FALSE,1,Google Maps,Google Maps,"8V74+3JP, Qesm Al Fayoum, First Al Faiyum, Faiyum Governorate 2934340, Egypt",FALSE,084 2152183,084 2152183,landline,TRUE,TRUE,scraped_unverified
NEW0425,Farouk birthing center,farouk birthing center,,en,FALSE,Beni Suef,El Ayyat,29.620557599999998,31.2508079,native_google,Google Maps,0.05,hospital,,unknown,map_only_unverified,low,1,FALSE,1,Google Maps,Google Maps,"Madinet Al Ayat, El Ayyat, Giza Governorate 3325204, Egypt",FALSE,011 44180800,011 44180800,mobile,TRUE,TRUE,scraped_unverified
NEW0426,مستشفي نور الفؤاد,مستشفي نور الفؤاد,,ar,FALSE,Beni Suef,First Al Faiyum,29.3187663,30.8425138,native_google,Google Maps,0.05,hospital,,unknown,map_only_unverified,low,1,FALSE,1,Google Maps,Google Maps,"8R9V+G22, Qesm Al Fayoum, First Al Faiyum, Faiyum Governorate 2934013, Egypt",FALSE,010 11550519,010 11550519,mobile,TRUE,TRUE,scraped_unverified
NEW0427,Merghany Hospital,merghany hospital,,en,FALSE,Beni Suef,Nasr City,30.0814172,31.331871399999997,native_google,Google Maps,0.05,hospital,,unknown,map_only_unverified,low,1,FALSE,1,Google Maps,Google Maps,"19 شارع محمد ابو الليل، خلف كلية البنات، Al Golf, Nasr City, الأقصر 4451421, Egypt",FALSE,,,,FALSE,TRUE,scraped_unverified
NEW0428,Mums' Haven Gentle Birth Clinic,mums' haven gentle birth clinic,,en,FALSE,Beni Suef,قسم سيدى جابر,31.216619500000004,29.9459675,native_google,Google Maps,0.05,doctor,,unknown,map_only_unverified,low,1,FALSE,1,Google Maps,Google Maps,"Amanwel, 17 فيكتور ايمانويل الثالث، عزبة سعد، قسم سيدى جابر، محافظة الإسكندرية 21500, Egypt",FALSE,010 16483013,010 16483013,mobile,TRUE,TRUE,scraped_unverified
NEW0429,(مستشفى دار الولادة ( الماترنتية,(مستشفي دار الولادة ( الماترنتية,,ar,FALSE,Beni Suef,Bab Shar',31.200829300000002,29.922514499999995,native_google,Google Maps,0.05,hospital,,likely,map_only_unverified,low,1,FALSE,1,Google Maps,Google Maps,"10 شارع أجيون، Bab Sharqi WA Wabour Al Meyah, Bab Shar', Alexandria Governorate 5422021, Egypt",FALSE,03 4299833,03 4299833,landline,TRUE,TRUE,scraped_unverified
NEW0430,Cairo Motherhood Centre,cairo motherhood centre,,en,FALSE,Beni Suef,Agouza,30.052884400000003,31.199569,native_google,Google Maps,0.05,hospital,,unknown,map_only_unverified,low,1,FALSE,1,Google Maps,Google Maps,"10 شارع سوريا، 10 Sweis Canal, Gazirat Mit Oqbah, Agouza, Giza Governorate 3752241, Egypt",FALSE,02 37601605,02 37601605,landline,TRUE,TRUE,scraped_unverified
NEW0431,OMAM HOSPITAL,omam hospital,,en,FALSE,Beni Suef,Dokki,30.0526478,31.207003200000003,native_google,Google Maps,0.05,medical_clinic,,unknown,map_only_unverified,low,1,FALSE,1,Google Maps,Google Maps,"2 El-Batal Ahmed Abd El-Aziz, Ad Doqi, Dokki, Giza Governorate 3751332, Egypt",FALSE,07535 872565,07535 872565,landline,TRUE,TRUE,scraped_unverified
NEW0432,El Shatby Hospital For Obstetricians & Gynecologist,el shatby hospital for obstetricians & gynecologist,,en,FALSE,Beni Suef,Bab Shar',31.209201,29.911309900000003,native_google,Google Maps,0.05,hospital,,likely,map_only_unverified,low,1,FALSE,1,Google Maps,Google Maps,"6W56+MGM, Suez Canal Rd, Al Azaritah WA Ash Shatebi, Bab Shar', Alexandria Governorate 5424012, Egypt",FALSE,03 4872950,03 4872950,landline,TRUE,TRUE,scraped_unverified
NEW0433,دار الولادة بالعامرية,دار الولادة بالعامرية,,ar,FALSE,Beni Suef,Amreya 1,31.010583699999998,29.8046891,native_google,Google Maps,0.05,hospital,,likely,map_only_unverified,low,1,FALSE,1,Google Maps,Google Maps,"شارع القسم، العامرية غرب،، Al Amrereyah Gharb, Amreya 1, Alexandria Governorate 5253320, Egypt",FALSE,011 15126512,011 15126512,mobile,TRUE,TRUE,scraped_unverified
NEW0434,Saudi German Hospital Cairo,saudi german hospital cairo,,en,FALSE,Beni Suef,New Nozha,30.132084,31.3847242,native_google,Google Maps,0.05,hospital,,unknown,map_only_unverified,low,1,FALSE,1,Google Maps,Google Maps,"47 Joseph Tito Street، طه حسين، axis، New Nozha, Cairo Governorate 4473303, Egypt",FALSE,0216259,0216259,landline,TRUE,TRUE,scraped_unverified
NEW0435,Omam Hospital Dr.sayed El-akhras,omam hospital dr.sayed el-akhras,,en,FALSE,Beni Suef,Agouza,30.0508934,31.2093061,native_google,Google Maps,0.05,hospital,,unknown,map_only_unverified,low,1,FALSE,1,Google Maps,Google Maps,"1 Yehia Abd Al Aziz Al Sawi, Al Agouzah, Agouza, Giza Governorate 3753532, Egypt",FALSE,012 01344445,012 01344445,mobile,TRUE,TRUE,scraped_unverified
NEW0436,SHIFA Hospital,shifa hospital,,en,FALSE,Beni Suef,New Cairo 1,30.020953,31.4359339,native_google,Google Maps,0.05,hospital,,unknown,map_only_unverified,low,1,FALSE,1,Google Maps,Google Maps,"مستشفي شفا التخصصي, شارع N Teseen, New Cairo 1, Cairo Governorate 4730131, Egypt",FALSE,,,,FALSE,TRUE,scraped_unverified
NEW0437,مستشفى البر والوفاء التخصصى,مستشفي البر والوفاء التخصصي,,ar,FALSE,Beni Suef,Sumusta El Waqf,28.9245114,30.890987299999995,native_google,Google Maps,0.05,hospital,,unknown,map_only_unverified,low,1,FALSE,1,Google Maps,Google Maps,"WVFR+R95, Nazlet El-Deeb, Sumusta El Waqf, Beni Suef Governorate 2635231, Egypt",FALSE,,,,FALSE,TRUE,scraped_unverified
NEW0438,مستشفى الحياة,مستشفي الحياة,,ar,FALSE,Beni Suef,Sumusta El Waqf,28.926834,30.860881700000004,native_google,Google Maps,0.05,hospital,,unknown,map_only_unverified,low,1,FALSE,1,Google Maps,Google Maps,"WVG6+P9J, Madinet Samasta, Sumusta El Waqf, Beni Suef Governorate 2634654, Egypt",FALSE,,,,FALSE,TRUE,scraped_unverified
NEW0439,مستشفى مازورة,مستشفي مازورة,,ar,FALSE,Beni Suef,Sumusta El Waqf,28.9186968,30.815435800000003,native_google,Google Maps,0.05,hospital,,unknown,map_only_unverified,low,1,FALSE,1,Google Maps,Google Maps,"مازورة، WR98+F5F، شارع السادات، Mazorah, Sumusta El Waqf, Beni Suef Governorate 2630612, Egypt",FALSE,,,,FALSE,TRUE,scraped_unverified
NEW0440,المستوصف الطبي بالكوم الأحمر,المستوصف الطبي بالكوم الاحمر,,ar,FALSE,Beni Suef,Sumusta El Waqf,28.868809600000002,30.7987011,native_google,Google Maps,0.05,hospital,,unknown,map_only_unverified,low,1,FALSE,1,Google Maps,Google Maps,"أبوبكر الصديق، Al Gafadoun, Sumusta El Waqf, Beni Suef Governorate 2630351, Egypt",FALSE,,,,FALSE,TRUE,scraped_unverified
NEW0441,مستشفي المروة التخصصي الاسباني سابقا,مستشفي المروة التخصصي الاسباني سابقا,,ar,FALSE,Beni Suef,Sumusta El Waqf,28.925680500000002,30.860471,native_google,Google Maps,0.05,hospital,,unknown,map_only_unverified,low,1,FALSE,1,Google Maps,Google Maps,"WVG6+75H، شارع 26 يوليو، Madinet Samasta, Sumusta El Waqf, Beni Suef Governorate 2634652, Egypt",FALSE,,,,FALSE,TRUE,scraped_unverified
NEW0442,الوحدة الصحية بدشاشة,الوحدة الصحية بدشاشة,,ar,FALSE,Beni Suef,Sumusta El Waqf,28.9804911,30.856826500000004,native_google,Google Maps,0.05,hospital,,unknown,map_only_unverified,low,1,FALSE,1,Google Maps,Google Maps,"XVJ4+5PW, Barawet Al WAAF - Ezbet Al Shontoor- Nazlet Qofsa, Dashtout, Sumusta El Waqf, Beni Suef Governorate 2631071, Egypt",FALSE,,,,FALSE,TRUE,scraped_unverified
NEW0443,مركز طيبة للاشعة,مركز طيبة للاشعة,,ar,FALSE,Beni Suef,Sumusta El Waqf,28.921976700000002,30.8572615,native_google,Google Maps,0.05,hospital,,unknown,map_only_unverified,low,1,FALSE,1,Google Maps,Google Maps,"٢٩ شارع المستشفي، Madinet Samasta, Sumusta El Waqf, Beni Suef Governorate 62616, Egypt",FALSE,011 00774858,011 00774858,mobile,TRUE,TRUE,scraped_unverified
NEW0444,Health Unit at Nag Upper Egyptians,health unit at nag upper egyptians,,en,FALSE,Beni Suef,Sumusta El Waqf,28.899599600000002,30.7956651,native_google,Google Maps,0.05,medical_center,,unknown,map_only_unverified,low,1,FALSE,1,Google Maps,Google Maps,"VQXW+R7M, Mazorah, Sumusta El Waqf, Beni Suef Governorate 2630430, Egypt",FALSE,,,,FALSE,TRUE,scraped_unverified
NEW0445,مسجد مستشفى سمسطا,مسجد مستشفي سمسطا,,ar,FALSE,Beni Suef,Sumusta El Waqf,28.913311300000004,30.852647299999997,native_google,Google Maps,0.05,mosque,,unknown,map_only_unverified,low,1,FALSE,1,Google Maps,Google Maps,"شارع الشيخ رجب عبدالرحمن، مدينة سمسطا، مركز سمسطا، محافظة بني سويف،، شارع المستشفي، Madinet Samasta, Sumusta El Waqf, Beni Suef Governorate 2634151, Egypt",FALSE,,,,FALSE,TRUE,scraped_unverified
NEW0446,الوحدة الصحية بالكوم الأحمر,الوحدة الصحية بالكوم الاحمر,,ar,FALSE,Beni Suef,مركز سمسطا,28.876117200000003,30.8013545,native_google,Google Maps,0.05,hospital,,unknown,map_only_unverified,low,1,FALSE,1,Google Maps,Google Maps,"VRG2+CGX، الكوم الأحمر، مركز سمسطا، محافظة بني سويف 2630354, Egypt",FALSE,,,,FALSE,TRUE,scraped_unverified
NEW0447,مستفى الحياة,مستفي الحياة,,ar,FALSE,Beni Suef,Sumusta El Waqf,28.935680400000003,30.8728615,native_google,Google Maps,0.05,hospital,,unknown,map_only_unverified,low,1,FALSE,1,Google Maps,Google Maps,"WVPF+74H, Sumusta El Waqf, Beni Suef Governorate 2635003, Egypt",FALSE,012 00524992,012 00524992,mobile,TRUE,TRUE,scraped_unverified
NEW0448,Hayat Medical Center Specialist,hayat medical center specialist,,en,FALSE,Beni Suef,ببا,28.933086499999998,30.986995099999998,native_google,Google Maps,0.05,hospital,,unknown,map_only_unverified,low,1,FALSE,1,Google Maps,Google Maps,"WXMP+6QQ, Bor Saeed, كفر ناصر، ببا، محافظة بني سويف 2655501, Egypt",FALSE,082 4403030,082 4403030,landline,TRUE,TRUE,scraped_unverified
NEW0449,مستشفى بني حلة,مستشفي بني حلة,,ar,FALSE,Beni Suef,Sumusta El Waqf,28.9562982,30.8855174,native_google,Google Maps,0.05,health,,unknown,map_only_unverified,low,1,FALSE,1,Google Maps,Google Maps,"XV4P+G66, Badhel, Sumusta El Waqf, Beni Suef Governorate 2636041, Egypt",FALSE,,,,FALSE,TRUE,scraped_unverified
NEW0450,مركز المروة الطبي الاسباني سابقا,مركز المروة الطبي الاسباني سابقا,,ar,FALSE,Beni Suef,Sumusta El Waqf,28.925579699999997,30.860472299999998,native_google,Google Maps,0.05,hospital,,unknown,map_only_unverified,low,1,FALSE,1,Google Maps,Google Maps,"WVG6+65Q، شارع 26 يوليو، Madinet Samasta, Sumusta El Waqf, Beni Suef Governorate 2634652, Egypt",FALSE,,,,FALSE,TRUE,scraped_unverified
NEW0451,As-Salam International Hospital Maadi Branch,as-salam international hospital maadi branch,,en,FALSE,Beni Suef,Dar El Salam,29.9849114,31.230401,native_google,Google Maps,0.05,hospital,,unknown,map_only_unverified,low,1,FALSE,1,Google Maps,Google Maps,"Cairo - Al Wosta, Athar an Nabi, Dar El Salam, Cairo Governorate 4220501, Egypt",FALSE,010 92001443,010 92001443,mobile,TRUE,TRUE,scraped_unverified
NEW0452,مستشفي,مستشفي,,ar,TRUE,Beni Suef,Sumusta El Waqf,28.9543802,30.8273045,native_google,Google Maps,0.05,hospital,,unknown,map_only_unverified,low,1,FALSE,1,Google Maps,Google Maps,"XR4H+68R، عزبة الشيخ خطاب، Izbat Qaftan, Sumusta El Waqf, Beni Suef Governorate 2630712, Egypt",FALSE,,,,FALSE,TRUE,scraped_unverified
NEW0453,مستشفى الايمان,مستشفي الايمان,,ar,FALSE,Beni Suef,مركز بنى مزار,28.9178748,30.853828699999998,native_google,Google Maps,0.05,hospital,,unknown,map_only_unverified,low,1,FALSE,1,Google Maps,Google Maps,"شارع الحريه مدينة بني مزار، بنى مزار، GQ2X+GG2, Madinet Samasta, مركز بنى مزار، Minya Governorate 2535001, Egypt",FALSE,,,,FALSE,TRUE,scraped_unverified
NEW0454,مستشفى السعد بميت قادوس,مستشفي السعد بميت قادوس,,ar,FALSE,Beni Suef,Abu El Numrus,29.925235299999997,31.2362345,native_google,Google Maps,0.05,general_hospital,,unknown,map_only_unverified,low,1,FALSE,1,Google Maps,Google Maps,"طريق الرشاح، W6GP+3FX، المردوم، Mit Qadous, Abu El Numrus, Giza Governorate 3377043, Egypt",FALSE,,,,FALSE,TRUE,scraped_unverified
NEW0455,الوحدة الصحية بدشطوط,الوحدة الصحية بدشطوط,,ar,FALSE,Beni Suef,Sumusta El Waqf,28.9849004,30.8777635,native_google,Google Maps,0.05,hospital,,unknown,map_only_unverified,low,1,FALSE,1,Google Maps,Google Maps,"XVMH+R4R, Dashtout, Sumusta El Waqf, Beni Suef Governorate 2633857, Egypt",FALSE,,,,FALSE,TRUE,scraped_unverified
NEW0456,مستشفى د احمد سعيد بني مجدول,مستشفي د احمد سعيد بني مجدول,,ar,FALSE,Beni Suef,إمبابة,30.043084499999996,31.101439199999998,native_google,Google Maps,0.05,general_hospital,,unknown,map_only_unverified,low,1,FALSE,1,Google Maps,Google Maps,"طريق أبو رواش،, Abou Rawash, إمبابة، Giza Governorate 3644101, Egypt",FALSE,010 99348578,010 99348578,mobile,TRUE,TRUE,scraped_unverified
NEW0457,وحده بني محمد راشد الصحية,وحده بني محمد راشد الصحية,,ar,FALSE,Beni Suef,Sumusta El Waqf,28.9291257,30.824749299999997,native_google,Google Maps,0.05,hospital,,unknown,map_only_unverified,low,1,FALSE,1,Google Maps,Google Maps,"WRHF+MV5, Mazorah, Sumusta El Waqf, Beni Suef Governorate 2633502, Egypt",FALSE,,,,FALSE,TRUE,scraped_unverified
NEW0458,"Alamal Physical Therapy Center , Dr. Syed Mokhtar","alamal physical therapy center , dr. syed mokhtar",,en,FALSE,Beni Suef,Sumusta El Waqf,28.9217871,30.857542300000002,native_google,Google Maps,0.05,medical_center,,unknown,map_only_unverified,low,1,FALSE,1,Google Maps,Google Maps,"شارع الجلاء بجوار مستشفى الحياه منزل المهندس مختار مندور Smosta، Madinet Samasta, Sumusta El Waqf, Beni Suef Governorate 62616, Egypt",FALSE,012 24835550,012 24835550,mobile,TRUE,TRUE,scraped_unverified
NEW0459,الوحدة الصحية ببدهل,الوحدة الصحية ببدهل,,ar,FALSE,Beni Suef,Sumusta El Waqf,28.9284473,30.889357699999998,native_google,Google Maps,0.05,hospital,,unknown,map_only_unverified,low,1,FALSE,1,Google Maps,Google Maps,"WVHQ+9PH, Badhel, Sumusta El Waqf, Beni Suef Governorate 2635161, Egypt",FALSE,,,,FALSE,TRUE,scraped_unverified
NEW0460,الوحدة الصحية البلهاسي,الوحدة الصحية البلهاسي,,ar,FALSE,Beni Suef,Sumusta El Waqf,28.903084300000003,30.8171577,native_google,Google Maps,0.05,hospital,,unknown,map_only_unverified,low,1,FALSE,1,Google Maps,Google Maps,"WR38+2R4, Mazorah, Sumusta El Waqf, Beni Suef Governorate 2633001, Egypt",FALSE,,,,FALSE,TRUE,scraped_unverified
NEW0461,مستشفى قروى طهواى,مستشفي قروي طهواي,,ar,FALSE,Beni Suef,Ashmoun,30.3603055,30.870991699999998,native_google,Google Maps,0.05,general_hospital,,unknown,map_only_unverified,low,1,FALSE,1,Google Maps,Google Maps,"9V6C+49H, Tahway, Ashmoun, Menofia Governorate 6026354, Egypt",FALSE,,,,FALSE,TRUE,scraped_unverified
NEW0462,مستشفى الكوادي الحكومي,مستشفي الكوادي الحكومي,,ar,FALSE,Beni Suef,Ashmoun,30.2196127,31.0273875,native_google,Google Maps,0.05,general_hospital,,unknown,map_only_unverified,low,1,FALSE,1,Google Maps,Google Maps,"629G+RXR, Manyal Arous, Ashmoun, Menofia Governorate 6020262, Egypt",FALSE,,,,FALSE,TRUE,scraped_unverified
NEW0463,وحده صحيه معجون,وحده صحيه معجون,,ar,FALSE,Beni Suef,Sumusta El Waqf,28.998386699999998,30.865403899999997,native_google,Google Maps,0.05,hospital,,unknown,map_only_unverified,low,1,FALSE,1,Google Maps,Google Maps,"XVX8+H6, Dashtout, Sumusta El Waqf, Beni Suef Governorate 2633302, Egypt",FALSE,,,,FALSE,TRUE,scraped_unverified
NEW0464,عيادة د.اسماءفرج للاسنان,عيادة د.اسماءفرج للاسنان,,ar,FALSE,Beni Suef,Sumusta El Waqf,28.9839683,30.869497599999995,native_google,Google Maps,0.05,hospital,,unknown,map_only_unverified,low,1,FALSE,1,Google Maps,Google Maps,"دشطوط،، Dashtout, Sumusta El Waqf, Beni Suef Governorate 2633820, Egypt",FALSE,015 54719959,015 54719959,mobile,TRUE,TRUE,scraped_unverified
NEW0465,الادارة الصحية في سمسطا,الادارة الصحية في سمسطا,,ar,FALSE,Beni Suef,Sumusta El Waqf,28.9131525,30.851935500000003,native_google,Google Maps,0.05,health,,unknown,map_only_unverified,low,1,FALSE,1,Google Maps,Google Maps,"شارع المستشفي، Madinet Samasta, Sumusta El Waqf, Beni Suef Governorate 2634151, Egypt",FALSE,082 7600309,082 7600309,landline,TRUE,TRUE,scraped_unverified
NEW0466,مستشفى الغنامية الحكومي,مستشفي الغنامية الحكومي,,ar,FALSE,Beni Suef,Ashmoun,30.2149549,31.014554900000004,native_google,Google Maps,0.05,general_hospital,,unknown,map_only_unverified,low,1,FALSE,1,Google Maps,Google Maps,"6277+XRM, Al Kawadi, Ashmoun, Menofia Governorate 6020175, Egypt",FALSE,,,,FALSE,TRUE,scraped_unverified
NEW0467,Ashmoun General Hospital,ashmoun general hospital,,en,FALSE,Beni Suef,Ashmoun,30.2958791,30.988961799999995,native_google,Google Maps,0.05,general_hospital,,unknown,map_only_unverified,low,1,FALSE,1,Google Maps,Google Maps,"7XVQ+HXX, Madinet Ashmoun, Ashmoun, Menofia Governorate 6034009, Egypt",FALSE,048 3448499,048 3448499,landline,TRUE,TRUE,scraped_unverified
NEW0468,Veterinary Medicine Aelchentor,veterinary medicine aelchentor,,en,FALSE,Beni Suef,Sumusta El Waqf,28.9534291,30.8547052,native_google,Google Maps,0.05,hospital,,unknown,map_only_unverified,low,1,FALSE,1,Google Maps,Google Maps,"XV33+9VG, Ash Shantour, Sumusta El Waqf, Beni Suef Governorate 2633654, Egypt",FALSE,,,,FALSE,TRUE,scraped_unverified
NEW0469,Al Salam Hospital,al salam hospital,,en,FALSE,Beni Suef,Agouza,30.0533277,31.200543900000003,native_google,Google Maps,0.05,hospital,,unknown,map_only_unverified,low,1,FALSE,1,Google Maps,Google Maps,"3 Syria, Gazirat Mit Oqbah, Agouza, Giza Governorate 12411, Egypt",FALSE,02 33030502,02 33030502,landline,TRUE,TRUE,scraped_unverified
NEW0470,As-Salam International Hospital New Cairo Branch,as-salam international hospital new cairo branch,,en,FALSE,Beni Suef,New Cairo 1,30.0074342,31.4284308,native_google,Google Maps,0.05,hospital,,unknown,map_only_unverified,low,1,FALSE,1,Google Maps,Google Maps,"New Cairo 1, Cairo Governorate 4723115, Egypt",FALSE,010 92001443,010 92001443,mobile,TRUE,TRUE,scraped_unverified
NEW0471,مستشفى الريحان التخصصى,مستشفي الريحان التخصصي,,ar,FALSE,Beni Suef,Al Haram,29.9921853,31.1669486,native_google,Google Maps,0.05,general_hospital,,unknown,map_only_unverified,low,1,FALSE,1,Google Maps,Google Maps,"شارع ترسا،، X5R8+VQG, Al Kom Al Akhdar, Al Haram, Giza Governorate 3531130, Egypt",FALSE,010 30024966,010 30024966,mobile,TRUE,TRUE,scraped_unverified
NEW0472,Ras Sedr Specialized Hospital - مستشفي رأس سدر التخصصي,Ras Sedr Specialized Hospital - مستشفي راس سدر التخصصي,,ar,FALSE,Beni Suef,Ras Sedr,29.590038300000003,32.7108804,native_google,Google Maps,0.05,hospital,,unknown,map_only_unverified,low,1,FALSE,1,Google Maps,Google Maps,"Ras Sedr, South Sinai Governorate 8745360, Egypt",FALSE,,,,FALSE,TRUE,scraped_unverified
NEW0473,الوحدة الصحية بجزاية,الوحدة الصحية بجزاية,,ar,FALSE,Beni Suef,Monsha'et El Kanater,30.183276199999998,31.038325699999998,native_google,Google Maps,0.05,general_hospital,,unknown,map_only_unverified,low,1,FALSE,1,Google Maps,Google Maps,"52MQ+77H, Gezayah, Monsha'et El Kanater, Giza Governorate 3693345, Egypt",FALSE,,,,FALSE,TRUE,scraped_unverified
NEW0474,AlSantah Central Hospital,alsantah central hospital,,en,FALSE,Beni Suef,El Santa,30.732396999999995,31.1261614,native_google,Google Maps,0.05,hospital,,unknown,map_only_unverified,low,1,FALSE,1,Google Maps,Google Maps,"P4JG+XF3, Madinet as Santah, El Santa, Gharbia Governorate 6657113, Egypt",FALSE,,,,FALSE,TRUE,scraped_unverified
NEW0475,Awsim Central Hospital,awsim central hospital,,en,FALSE,Beni Suef,أوسيم - الجيزة,30.122015,31.140832,native_google,Google Maps,0.05,hospital,,unknown,map_only_unverified,low,1,FALSE,1,Google Maps,Google Maps,"El-Khalifa, زاوية ثابت، أوسيم - الجيزة، محافظة الجيزة 12961, Egypt",FALSE,02 38700664,02 38700664,landline,TRUE,TRUE,scraped_unverified
NEW0476,Smouha University Emergency Hospital,smouha university emergency hospital,,en,FALSE,Beni Suef,Sidi Gaber,31.206863699999996,29.9470809,native_google,Google Maps,0.05,hospital,,unknown,map_only_unverified,low,1,FALSE,1,Google Maps,Google Maps,"40 Ismail Sari, Ezbet Saad, Sidi Gaber, Alexandria Governorate 5432042, Egypt",FALSE,03 4488444,03 4488444,landline,TRUE,TRUE,scraped_unverified
NEW0477,New Alexandria University Hospital,new alexandria university hospital,,en,FALSE,Beni Suef,Al Attarin,31.2020172,29.907183300000003,native_google,Google Maps,0.05,hospital,,unknown,map_only_unverified,low,1,FALSE,1,Google Maps,Google Maps,"6W24+RV3, Salah Mostafa, Al Mesallah Sharq, Al Attarin, Alexandria Governorate 5372066, Egypt",FALSE,03 4855983,03 4855983,landline,TRUE,TRUE,scraped_unverified
NEW0478,مستشفي الكبد و الجهاز الهضمي | جامعة المنيا,مستشفي الكبد و الجهاز الهضمي | جامعة المنيا,,ar,FALSE,Beni Suef,Second Al Minya,28.128767,30.7388603,native_google,Google Maps,0.05,hospital,,unknown,map_only_unverified,low,1,FALSE,1,Google Maps,Google Maps,"4PHQ+GG5, Damaris, Second Al Minya, Minya Governorate 2431436, Egypt",FALSE,,,,FALSE,TRUE,scraped_unverified
NEW0479,El Menia General Hospital,el menia general hospital,,en,FALSE,Minya,Minya,28.101135700000004,30.754285099999997,native_google,Google Maps,0.05,general_hospital,,unknown,map_only_unverified,low,1,FALSE,1,Google Maps,Google Maps,"ش Ibn Khasib Rd, وسط البلد، Minya, Minya Governorate 2451133, Egypt",FALSE,086 2356601,086 2356601,landline,TRUE,TRUE,scraped_unverified
NEW0480,مستشفي المنيا الدولي,مستشفي المنيا الدولي,,ar,FALSE,Minya,مركز المنيا,28.096088299999998,30.7774982,native_google,Google Maps,0.05,hospital,,unknown,map_only_unverified,low,1,FALSE,1,Google Maps,Google Maps,"Unnamed Road, سوادة، مركز المنيا،،, 3QWG+46V، المنيا - أسيوط، سوادة، مركز المنيا، محافظة المنيا 2427901, Egypt",FALSE,010 50008592,010 50008592,mobile,TRUE,TRUE,scraped_unverified
NEW0481,مستشفى السلامه للمعلمين المنيا,مستشفي السلامه للمعلمين المنيا,,ar,FALSE,Minya,First Al Minya,28.095112099999998,30.7558481,native_google,Google Maps,0.05,hospital,,unknown,map_only_unverified,low,1,FALSE,1,Google Maps,Google Maps,"3 Hasib, Qism Minya, First Al Minya, Minya Governorate 2451110, Egypt",FALSE,,,,FALSE,TRUE,scraped_unverified
NEW0482,Tropical diseases hospital,tropical diseases hospital,,en,FALSE,Minya,Third Al Minya,28.0876003,30.762787599999996,native_google,Google Maps,0.05,hospital,,unknown,map_only_unverified,low,1,FALSE,1,Google Maps,Google Maps,"3QQ7+24V, Qism Minya, Third Al Minya, Minya Governorate 2441352, Egypt",FALSE,086 2363363,086 2363363,landline,TRUE,TRUE,scraped_unverified
NEW0483,Minia Cardiothoracic University Hospital,minia cardiothoracic university hospital,,en,FALSE,Minya,New Minya,28.0982509,30.799708199999998,native_google,Google Maps,0.05,hospital,,unknown,map_only_unverified,low,1,FALSE,1,Google Maps,Google Maps,"أمام هيئة المرور، المنيا الجديدة،، New Minya, Minya Governorate 2460505, Egypt",FALSE,,,,FALSE,TRUE,scraped_unverified
NEW0484,Health Insurance Hospital (Susan),health insurance hospital (susan),,en,FALSE,Minya,Minya,28.1116679,30.748306000000003,native_google,Google Maps,0.05,hospital,,unknown,map_only_unverified,low,1,FALSE,1,Google Maps,Google Maps,"4P6X+M87, Qism Minya, Minya, Minya Governorate 2451143, Egypt",FALSE,,,,FALSE,TRUE,scraped_unverified
NEW0485,Mabarrah Hospital,mabarrah hospital,,en,FALSE,Minya,Minya,28.0964994,30.7596739,native_google,Google Maps,0.05,hospital,,unknown,map_only_unverified,low,1,FALSE,1,Google Maps,Google Maps,"3QW5+HVV, Qism Minya, Minya, Minya Governorate 2451150, Egypt",FALSE,,,,FALSE,TRUE,scraped_unverified
NEW0486,المستشفى الأميرى,المستشفي الاميري,,ar,FALSE,Minya,Minya,28.101586899999997,30.754375500000002,native_google,Google Maps,0.05,general_hospital,,unknown,map_only_unverified,low,1,FALSE,1,Google Maps,Google Maps,"4Q23+JQJ, Mostashfa Al Ramad, Qism Minya, Minya, Minya Governorate 2451133, Egypt",FALSE,,,,FALSE,TRUE,scraped_unverified
NEW0487,Misr El Hora Hospital,misr el hora hospital,,en,FALSE,Minya,Second Al Minya,28.085590399999997,30.757080499999997,native_google,Google Maps,0.05,hospital,,unknown,map_only_unverified,low,1,FALSE,1,Google Maps,Google Maps,"3QP4+6RP, Zaref, Qism Minya, Second Al Minya, Minya Governorate 2430432, Egypt",FALSE,010 07223227,010 07223227,mobile,TRUE,TRUE,scraped_unverified
NEW0488,InShape Clinic Minya,inshape clinic minya,,en,FALSE,Minya,First Al Minya,28.1128342,30.749491499999994,native_google,Google Maps,0.05,medical_center,,unknown,map_only_unverified,low,1,FALSE,1,Google Maps,Google Maps,"برج مصر للتامين قدام فندق كليوباترا، بعد بنك ناصر او تيفال زهران، Qism Minya, First Al Minya, Minya Governorate 2451176, Egypt",FALSE,02 21266800,02 21266800,landline,TRUE,TRUE,scraped_unverified
NEW0489,مستشفي الصدر,مستشفي الصدر,,ar,FALSE,Minya,Minya,28.0940229,30.753503400000003,native_google,Google Maps,0.05,hospital,,unknown,map_only_unverified,low,1,FALSE,1,Google Maps,Google Maps,"3QV3+JC2, طريق مصر اسوان, الزراعى, Minya, Minya Governorate 2431260, Egypt",FALSE,086 2363839,086 2363839,landline,TRUE,TRUE,scraped_unverified
NEW0490,مستشفى طب وجراحات الاطفال (مستشفى المنيا الجامعى لطب وجراحات الاطفال),مستشفي طب وجراحات الاطفال (مستشفي المنيا الجامعي لطب وجراحات الاطفال),,ar,FALSE,Minya,Third Al Minya,28.0845368,30.7707779,native_google,Google Maps,0.05,hospital,,unknown,map_only_unverified,low,1,FALSE,1,Google Maps,Google Maps,"مجمع مستشفيات المنيا الجامعى، Qism Minya, Third Al Minya, Minya Governorate 2442080, Egypt",FALSE,010 23695544,010 23695544,mobile,TRUE,TRUE,scraped_unverified
NEW0491,مستشفي المنيا العسكري,مستشفي المنيا العسكري,,ar,FALSE,Minya,Minya,28.092378999999998,30.772000000000002,native_google,Google Maps,0.05,hospital,,unknown,map_only_unverified,low,1,FALSE,1,Google Maps,Google Maps,"3QRC+XQ5, Sawadah, Minya, Minya Governorate 2427715, Egypt",FALSE,,,,FALSE,TRUE,scraped_unverified
NEW0492,Hospital Conjunctivitis in Minya,hospital conjunctivitis in minya,,en,FALSE,Minya,Minya,28.100174799999998,30.752644099999998,native_google,Google Maps,0.05,hospital,,unknown,map_only_unverified,low,1,FALSE,1,Google Maps,Google Maps,"4Q23+336, Qism Minya, Minya, Minya Governorate 2451131, Egypt",FALSE,086 2362115,086 2362115,landline,TRUE,TRUE,scraped_unverified
NEW0493,مستشفى مؤسسة الإصلاح,مستشفي مؤسسة الاصلاح,,ar,FALSE,Minya,Third Al Minya,28.0722375,30.765828100000004,native_google,Google Maps,0.05,hospital,,unknown,map_only_unverified,low,1,FALSE,1,Google Maps,Google Maps,"3QC8+V8W, Qism Minya, Third Al Minya, Minya Governorate 2441020, Egypt",FALSE,,,,FALSE,TRUE,scraped_unverified
NEW0494,مستشفى الجمعية الشرعية بمدينة المنيا,مستشفي الجمعية الشرعية بمدينة المنيا,,ar,FALSE,Minya,Third Al Minya,28.0840508,30.762849399999997,native_google,Google Maps,0.05,medical_clinic,,unknown,map_only_unverified,low,1,FALSE,1,Google Maps,Google Maps,"3QM7+J4H, Qism Minya, Third Al Minya, Minya Governorate 2441335, Egypt",FALSE,,,,FALSE,TRUE,scraped_unverified
NEW0495,معرض موبيليات,معرض موبيليات,,ar,FALSE,Minya,Minya,28.0839124,30.7615709,native_google,Google Maps,0.05,manufacturer,,unknown,map_only_unverified,low,1,FALSE,1,Google Maps,Google Maps,"Fektoria, Qism Minya, Minya, Minya Governorate 2441335, Egypt",FALSE,,,,FALSE,TRUE,scraped_unverified
NEW0496,مستشفى أبو السعود,مستشفي ابو السعود,,ar,FALSE,Minya,Second Al Minya,28.0887873,30.751902899999997,native_google,Google Maps,0.05,hospital,,unknown,map_only_unverified,low,1,FALSE,1,Google Maps,Google Maps,"سكه، Qism Minya, Second Al Minya, Minya Governorate 2431105, Egypt",FALSE,010 63448375,010 63448375,mobile,TRUE,TRUE,scraped_unverified
NEW0497,مستشفى المنيا الوطني,مستشفي المنيا الوطني,,ar,FALSE,Minya,First Al Minya,28.0917601,30.757144699999998,native_google,Google Maps,0.05,health,,unknown,map_only_unverified,low,1,FALSE,1,Google Maps,Google Maps,"69 Saad Zaghloul, Qism Minya, First Al Minya, Minya Governorate 2451012, Egypt",FALSE,,,,FALSE,TRUE,scraped_unverified
NEW0498,El Hekma Hospital,el hekma hospital,,en,FALSE,Minya,First Al Minya,28.095052499999998,30.755857799999994,native_google,Google Maps,0.05,hospital,,unknown,map_only_unverified,low,1,FALSE,1,Google Maps,Google Maps,"3 Hasib, Qism Minya, First Al Minya, Minya Governorate 2451110, Egypt",FALSE,,,,FALSE,TRUE,scraped_unverified
NEW0499,Mecca Specialized Clinics,mecca specialized clinics,,en,FALSE,Minya,Minya,28.077513999999997,30.7632372,native_google,Google Maps,0.05,hospital,,unknown,map_only_unverified,low,1,FALSE,1,Google Maps,Google Maps,"3QH7+275, El-Sadat, Qism Minya, Minya, Minya Governorate 2440002, Egypt",FALSE,010 68044451,010 68044451,mobile,TRUE,TRUE,scraped_unverified
NEW0500,عياده دكتور وسام منيسى العربى,عياده دكتور وسام منيسي العربي,,ar,FALSE,Minya,أول المنيا,28.0900154,30.758019299999997,native_google,Google Maps,0.05,hospital,,unknown,map_only_unverified,low,1,FALSE,1,Google Maps,Google Maps,"Unnamed Road, قسم المنيا، أول المنيا، محافظة المنيا 2451010, Egypt",FALSE,010 28242129,010 28242129,mobile,TRUE,TRUE,scraped_unverified
NEW0501,EGYPT I.V.F CENTER,egypt i.v.f center,,en,FALSE,Minya,First Al Minya,28.096797799999997,30.754905299999994,native_google,Google Maps,0.05,hospital,,unknown,map_only_unverified,low,1,FALSE,1,Google Maps,Google Maps,"سعد زغلول، قسم المنيا، مركز المنيا،، 3QW3+PX6, Qism Minya, First Al Minya, Minya Governorate 2451111, Egypt",FALSE,,,,FALSE,TRUE,scraped_unverified
NEW0502,El Menia Psychiatric Hospital,el menia psychiatric hospital,,en,FALSE,Minya,Minya,28.043657,30.774247,native_google,Google Maps,0.05,hospital,,unknown,map_only_unverified,low,1,FALSE,1,Google Maps,Google Maps,"Bani Ahmed, Minya, Minya Governorate 2422895, Egypt",FALSE,086 2200416,086 2200416,landline,TRUE,TRUE,scraped_unverified
NEW0503,مركز جنه المنيا للحقن المجهري واطفال الانابيب,مركز جنه المنيا للحقن المجهري واطفال الانابيب,,ar,FALSE,Minya,First Al Minya,28.0937582,30.756711400000004,native_google,Google Maps,0.05,hospital,,unknown,map_only_unverified,low,1,FALSE,1,Google Maps,Google Maps,"3QV4+GM4, Qism Minya, First Al Minya, Minya Governorate 2451060, Egypt",FALSE,086 2343000,086 2343000,landline,TRUE,TRUE,scraped_unverified
NEW0504,مراكز سفن سي ورلد لزراعة الشعر فرع المنيا - 7C WORLD CLINICS,مراكز سفن سي ورلد لزراعة الشعر فرع المنيا - 7C WORLD CLINICS,,ar,FALSE,Minya,First Al Minya,28.095996399999997,30.757958,native_google,Google Maps,0.05,medical_center,,unknown,map_only_unverified,low,1,FALSE,1,Google Maps,Google Maps,"شارع ابن الخصيب امتداد شارع نقابة المعلمين أمام الصياد للاسلحه الدور الاول علوي، Qism Minya, First Al Minya, Minya Governorate 11843, Egypt",FALSE,015 07604878,015 07604878,mobile,TRUE,TRUE,scraped_unverified
NEW0505,مركز الحكمه الجراحى & توكيل حبيبه للملابس,مركز الحكمه الجراحي & توكيل حبيبه للملابس,,ar,FALSE,Minya,First Al Minya,28.0970232,30.759196799999998,native_google,Google Maps,0.05,hospital,,unknown,map_only_unverified,low,1,FALSE,1,Google Maps,Google Maps,"٣ شارع حسيب باشا بندرالمنيا، المنيا،، حسيب،، Qism Minya, First Al Minya, Minya Governorate 2451150, Egypt",FALSE,010 02776847,010 02776847,mobile,TRUE,TRUE,scraped_unverified
NEW0506,مركز الحياة,مركز الحياة,,ar,FALSE,Minya,First Al Minya,28.096427799999997,30.758402800000002,native_google,Google Maps,0.05,medical_center,,unknown,map_only_unverified,low,1,FALSE,1,Google Maps,Google Maps,"Qism Minya, First Al Minya, Minya Governorate 2451150, Egypt",FALSE,011 56200074,011 56200074,mobile,TRUE,TRUE,scraped_unverified
NEW0507,Minya Oncology Center,minya oncology center,,en,FALSE,Minya,First Al Minya,28.091683,30.764454999999995,native_google,Google Maps,0.05,medical_clinic,,unknown,map_only_unverified,low,1,FALSE,1,Google Maps,Google Maps,"3QR7+MQG, Qism Minya, First Al Minya, Minya Governorate 2451039, Egypt",FALSE,086 2347832,086 2347832,landline,TRUE,TRUE,scraped_unverified
NEW0508,مستشفى دار الحياه والامل,مستشفي دار الحياه والامل,,ar,FALSE,Minya,Second Al Minya,28.091298199999997,30.7441325,native_google,Google Maps,0.05,hospital,,unknown,map_only_unverified,low,1,FALSE,1,Google Maps,Google Maps,"3PRV+GMV، شارع بديع الزمان، Qism Minya, Second Al Minya, Minya Governorate 2431066, Egypt",FALSE,,,,FALSE,TRUE,scraped_unverified
NEW0509,مستشفي سمالوط التخصصي,مستشفي سمالوط التخصصي,,ar,FALSE,Minya,سمالوط شرق,28.323744599999998,30.707920699999995,native_google,Google Maps,0.05,hospital,,unknown,map_only_unverified,low,1,FALSE,1,Google Maps,Google Maps,"8PF5+F5V، مدينة سمالوط، سمالوط شرق، محافظة المنيا 2481647, Egypt",FALSE,086 7714172,086 7714172,landline,TRUE,TRUE,scraped_unverified
NEW0510,مستشفي الجلديه والتناسلية المنيا,مستشفي الجلديه والتناسلية المنيا,,ar,FALSE,Minya,First Al Minya,28.0981159,30.7539213,native_google,Google Maps,0.05,hospital,,unknown,map_only_unverified,low,1,FALSE,1,Google Maps,Google Maps,"3QX3+6HV, Sarofim, Qism Minya, First Al Minya, Minya Governorate 2451120, Egypt",FALSE,,,,FALSE,TRUE,scraped_unverified
NEW0511,معمل الدكتور نبيل شقراني,معمل الدكتور نبيل شقراني,,ar,FALSE,Minya,ثان المنيا,28.090145,30.758064599999997,native_google,Google Maps,0.05,hospital,,unknown,map_only_unverified,low,1,FALSE,1,Google Maps,Google Maps,"شارع البطرخانه المتفرع من شارع سعد زغلول خلف صيدليه القرطبي, 3QR5+364، قسم المنيا، ثان المنيا، محافظة المنيا 2451010, Egypt",FALSE,086 2354850,086 2354850,landline,TRUE,TRUE,scraped_unverified
NEW0512,مستشفي الصدر,مستشفي الصدر,,ar,FALSE,Minya,Second Al Minya,28.093993899999997,30.753493799999998,native_google,Google Maps,0.05,hospital_unspecified,,unknown,map_only_unverified,low,1,FALSE,1,Google Maps,Google Maps,"مستشفي الصدر، Qism Minya, Second Al Minya, Minya Governorate 2431260, Egypt",FALSE,,,,FALSE,TRUE,scraped_unverified
NEW0513,دار الشفا للعناية الطبية و الباطنة بالمنيا,دار الشفا للعناية الطبية و الباطنة بالمنيا,,ar,FALSE,Minya,أول المنيا,28.1013466,30.753866900000002,native_google,Google Maps,0.05,medical_center,,unknown,map_only_unverified,low,1,FALSE,1,Google Maps,Google Maps,"٨٥ شارع ابن خصيب, بجوار جراج مشمش امام مستشفي المنيا العام, البحري, قسم المنيا، أول المنيا، محافظة المنيا 2451133, Egypt",FALSE,086 2316332,086 2316332,landline,TRUE,TRUE,scraped_unverified
NEW0514,Minya El-Qamh General Hospital,minya el-qamh general hospital,,en,FALSE,Minya,Markaz Minyā al Qamḩ,30.5212481,31.352104499999996,native_google,Google Maps,0.05,hospital,,unknown,map_only_unverified,low,1,FALSE,1,Google Maps,Google Maps,"شارع سعد زغلول, Minya El Qamh, Markaz Minyā al Qamḩ, Al-Sharqia Governorate 7015603, Egypt",FALSE,055 3660049,055 3660049,landline,TRUE,TRUE,scraped_unverified
NEW0515,مركز ابن خصيب,مركز ابن خصيب,,ar,FALSE,Minya,First Al Minya,28.0995697,30.7553549,native_google,Google Maps,0.05,hospital,,unknown,map_only_unverified,low,1,FALSE,1,Google Maps,Google Maps,"3QX4+R4H, Qism Minya, First Al Minya, Minya Governorate 2451123, Egypt",FALSE,,,,FALSE,TRUE,scraped_unverified
NEW0516,Dawi Clinics El Minya | عيادات داوي المنيا,Dawi Clinics El Minya | عيادات داوي المنيا,,ar,FALSE,Minya,أول المنيا,28.098289899999997,30.7559544,native_google,Google Maps,0.05,medical_center,,unknown,map_only_unverified,low,1,FALSE,1,Google Maps,Google Maps,"ش الجمهوريه الوحده الاداريه, علوى برج ميامى -ميدان بالاس, قسم المنيا، أول المنيا، محافظة المنيا 61623, Egypt",FALSE,0216850,0216850,landline,TRUE,TRUE,scraped_unverified
NEW0517,مركز السلام للنساء و التوليد,مركز السلام للنساء و التوليد,,ar,FALSE,Minya,First Al Minya,28.1017086,30.7548288,native_google,Google Maps,0.05,hospital,,likely,map_only_unverified,low,1,FALSE,1,Google Maps,Google Maps,"4Q23+MWP, Qism Minya, First Al Minya, Minya Governorate 2451172, Egypt",FALSE,010 02146185,010 02146185,mobile,TRUE,TRUE,scraped_unverified
NEW0518,عيادة أستاذ دكتور خلف حميد أنف وأذن وحنجرة,عيادة استاذ دكتور خلف حميد انف واذن وحنجرة,,ar,FALSE,Minya,أول المنيا,28.0906706,30.757742999999994,native_google,Google Maps,0.05,medical_center,,unknown,map_only_unverified,low,1,FALSE,1,Google Maps,Google Maps,"برج الكوثر, سعد زغلول، قسم المنيا، أول المنيا، محافظة المنيا 2451011, Egypt",FALSE,010 60510053,010 60510053,mobile,TRUE,TRUE,scraped_unverified
NEW0519,مستشفي ماري جرجس التخصصى,مستشفي ماري جرجس التخصصي,,ar,FALSE,Minya,Minya,28.093597799999998,30.746556599999998,native_google,Google Maps,0.05,hospital,,unknown,map_only_unverified,low,1,FALSE,1,Google Maps,Google Maps,"3PVW+CJM, Qism Minya, Minya, Minya Governorate 2431241, Egypt",FALSE,,,,FALSE,TRUE,scraped_unverified
NEW0520,مركز المنيا للعيون,مركز المنيا للعيون,,ar,FALSE,Minya,First Al Minya,28.0925251,30.7575576,native_google,Google Maps,0.05,hospital,,unknown,map_only_unverified,low,1,FALSE,1,Google Maps,Google Maps,"قسم المنيا،، Qism Minya, First Al Minya, Minya Governorate 2451012, Egypt",FALSE,010 30745683,010 30745683,mobile,TRUE,TRUE,scraped_unverified
NEW0521,مركز دكتور ميشيل وجيه يني,مركز دكتور ميشيل وجيه يني,,ar,FALSE,Minya,First Al Minya,28.0988175,30.75559,native_google,Google Maps,0.05,medical_center,,unknown,map_only_unverified,low,1,FALSE,1,Google Maps,Google Maps,"بحري ميدان بالاس, Ibn Khasib Rd, Qism Minya, First Al Minya, Minya Governorate 2451122, Egypt",FALSE,012 20484021,012 20484021,mobile,TRUE,TRUE,scraped_unverified
NEW0522,عناية الافضل,عناية الافضل,,ar,FALSE,Minya,First Al Minya,28.09114,30.7575462,native_google,Google Maps,0.05,hospital,,unknown,map_only_unverified,low,1,FALSE,1,Google Maps,Google Maps,"شارع سعد زغلول بجوار، 61111، Nassef School, Qism Minya, First Al Minya, Minya Governorate 2451011, Egypt",FALSE,010 16390236,010 16390236,mobile,TRUE,TRUE,scraped_unverified
NEW0523,عيادة د. أحمد خلف الدسوقي,عيادة د. احمد خلف الدسوقي,,ar,FALSE,Minya,First Al Minya,28.100642699999998,30.755660599999995,native_google,Google Maps,0.05,hospital,,unknown,map_only_unverified,low,1,FALSE,1,Google Maps,Google Maps,"4Q24+773, Abd El-Moneim Riad, Qism Minya, First Al Minya, Minya Governorate 2451170, Egypt",FALSE,,,,FALSE,TRUE,scraped_unverified
NEW0524,مركز هي سكان للأشعة,مركز هي سكان للاشعة,,ar,FALSE,Minya,First Al Minya,28.1022426,30.754871200000004,native_google,Google Maps,0.05,medical_center,,unknown,map_only_unverified,low,1,FALSE,1,Google Maps,Google Maps,"4Q23+VWX, Qism Minya, First Al Minya, Minya Governorate 2451173, Egypt",FALSE,,,,FALSE,TRUE,scraped_unverified
NEW0525,عيادات القاهرة لجراحة المخ والأعصاب,عيادات القاهرة لجراحة المخ والاعصاب,,ar,FALSE,Minya,First Al Minya,28.0953011,30.758220599999998,native_google,Google Maps,0.05,medical_center,,unknown,map_only_unverified,low,1,FALSE,1,Google Maps,Google Maps,"ميدان الساعة، Ibn Khasib Rd, Qism Minya, First Al Minya, Minya Governorate 2451062, Egypt",FALSE,010 05251571,010 05251571,mobile,TRUE,TRUE,scraped_unverified
NEW0526,General Authority For Health Insurance - El Menia,general authority for health insurance - el menia,,en,FALSE,Minya,First Al Minya,28.096325,30.759496999999996,native_google,Google Maps,0.05,health,,unknown,map_only_unverified,low,1,FALSE,1,Google Maps,Google Maps,"Qism Minya, First Al Minya, Minya Governorate 2451150, Egypt",FALSE,086 2347219,086 2347219,landline,TRUE,TRUE,scraped_unverified
NEW0527,مركز الزهور للحضانات واطفال حديثي الولاده,مركز الزهور للحضانات واطفال حديثي الولاده,,ar,FALSE,Minya,First Al Minya,28.093736,30.756729800000002,native_google,Google Maps,0.05,hospital,,likely,map_only_unverified,low,1,FALSE,1,Google Maps,Google Maps,"3QV4+FMX, Qism Minya, First Al Minya, Minya Governorate 2451060, Egypt",FALSE,086 2317277,086 2317277,landline,TRUE,TRUE,scraped_unverified
NEW0528,Alaa Rayan Pharmacy 3,alaa rayan pharmacy 3,,en,FALSE,Minya,Minya,28.1003892,30.755887599999998,native_google,Google Maps,0.05,hospital,,unknown,map_only_unverified,low,1,FALSE,1,Google Maps,Google Maps,"4Q24+592, Abd El-Moneim Riad, Qism Minya, Minya, Minya Governorate 2451161, Egypt",FALSE,,,,FALSE,TRUE,scraped_unverified
NEW0529,مركز د ماركو نمر ولسن للنسا والتوليد,مركز د ماركو نمر ولسن للنسا والتوليد,,ar,FALSE,Minya,أول المنيا,28.095936299999998,30.7581629,native_google,Google Maps,0.05,medical_center,,likely,map_only_unverified,low,1,FALSE,1,Google Maps,Google Maps,"Infront elsyad, 1 el nokrashy st, قسم المنيا، أول المنيا، محافظة المنيا 2451112, Egypt",FALSE,010 05223002,010 05223002,mobile,TRUE,TRUE,scraped_unverified
NEW0530,المركز الطبي المتطور,المركز الطبي المتطور,,ar,FALSE,Minya,Second Al Minya,28.089342499999997,30.755635199999997,native_google,Google Maps,0.05,hospital,,unknown,map_only_unverified,low,1,FALSE,1,Google Maps,Google Maps,"3QQ4+P7J, Al Shawani, Qism Minya, Second Al Minya, Minya Governorate 2431113, Egypt",FALSE,,,,FALSE,TRUE,scraped_unverified
NEW0531,Dr Nermin Aly Hamdy Clinic (Neurology&Psychiatry)- عيادة الدكتورة نيرمين علي حمدي (مخ وأعصاب ونفسية),Dr Nermin Aly Hamdy Clinic (Neurology&Psychiatry)- عيادة الدكتورة نيرمين علي حمدي (مخ واعصاب ونفسية),,ar,FALSE,Minya,Minya,28.088527700000004,30.7644519,native_google,Google Maps,0.05,medical_clinic,,unknown,map_only_unverified,low,1,FALSE,1,Google Maps,Google Maps,"داخل مركز المخ والاعصاب امام، مستشفى الجامعة، Qism Minya, Minya, Minya Governorate 2442074, Egypt",FALSE,011 23090900,011 23090900,mobile,TRUE,TRUE,scraped_unverified
NEW0532,مركز فرست سكان للاشعه,مركز فرست سكان للاشعه,,ar,FALSE,Minya,Minya,28.0923704,30.7575392,native_google,Google Maps,0.05,hospital,,unknown,map_only_unverified,low,1,FALSE,1,Google Maps,Google Maps,"3QR5+W2V, Qism Minya, Minya, Minya Governorate 2451012, Egypt",FALSE,010 11680005,010 11680005,mobile,TRUE,TRUE,scraped_unverified
NEW0533,Atfalna Neonatal Center - حضانة اطفالنا للأطفال المبتسرين,Atfalna Neonatal Center - حضانة اطفالنا للاطفال المبتسرين,,ar,FALSE,Minya,First Al Minya,28.092360199999998,30.757644400000004,native_google,Google Maps,0.05,hospital,,unknown,map_only_unverified,low,1,FALSE,1,Google Maps,Google Maps,"Hoda Shaarawy, Qism Minya, First Al Minya, Minya Governorate 2451012, Egypt",FALSE,010 98981187,010 98981187,mobile,TRUE,TRUE,scraped_unverified
NEW0534,Misr Almahaba Hospital,misr almahaba hospital,,en,FALSE,Minya,Beni Mazar,28.485438499999997,30.808537799999996,native_google,Google Maps,0.05,hospital,,unknown,map_only_unverified,low,1,FALSE,1,Google Maps,Google Maps,"شارع العاشر من رمضان - بجوار إدارة المرور، Madinet Bani Mazar, Beni Mazar, Minya Governorate 2534441, Egypt",FALSE,086 3840802,086 3840802,landline,TRUE,TRUE,scraped_unverified
NEW0535,Minia University,minia university,,en,FALSE,Minya,Second Al Minya,28.1229178,30.734723000000002,native_google,Google Maps,0.05,university,,unknown,map_only_unverified,low,1,FALSE,1,Google Maps,Google Maps,"مبنى الادارة _جامعة المنيا، Damaris, Second Al Minya, Minya Governorate 2431436, Egypt",FALSE,,,,FALSE,TRUE,scraped_unverified
NEW0536,وحدة بني مهدي الصحية,وحدة بني مهدي الصحية,,ar,FALSE,Minya,Minya,28.034049399999997,30.8032918,native_google,Google Maps,0.05,general_hospital,,unknown,map_only_unverified,low,1,FALSE,1,Google Maps,Google Maps,"2RM3+J87, Al Matahrah Al Bahreyah, Minya, Minya Governorate 2426383, Egypt",FALSE,,,,FALSE,TRUE,scraped_unverified
NEW0537,مستشفى الدكتور ايمن دردير,مستشفي الدكتور ايمن دردير,,ar,FALSE,Minya,West Samalout,28.2470243,30.6311942,native_google,Google Maps,0.05,hospital,,unknown,map_only_unverified,low,1,FALSE,1,Google Maps,Google Maps,"6JXJ+7H9, Izbat Al Qamadir, West Samalout, Minya Governorate 2471207, Egypt",FALSE,,,,FALSE,TRUE,scraped_unverified
NEW0538,مستشفى كوم الزهير,مستشفي كوم الزهير,,ar,FALSE,Minya,Abu Qirqas,27.982189100000003,30.8058474,native_google,Google Maps,0.05,general_hospital,,unknown,map_only_unverified,low,1,FALSE,1,Google Maps,Google Maps,"Abu Qurqas, Abu Qirqas, Minya Governorate 2364625, Egypt",FALSE,,,,FALSE,TRUE,scraped_unverified
NEW0539,الوحدة الصحيه بعزبة حامد عزاقة,الوحدة الصحيه بعزبة حامد عزاقة,,ar,FALSE,Minya,Minya,28.0914228,30.6575092,native_google,Google Maps,0.05,general_hospital,,unknown,map_only_unverified,low,1,FALSE,1,Google Maps,Google Maps,"3MR5+H26, Tokh Al Kheil, Minya, Minya Governorate 2423226, Egypt",FALSE,,,,FALSE,TRUE,scraped_unverified
NEW0540,El Raey El Saleh Hospital,el raey el saleh hospital,,en,FALSE,Minya,East Samalout,28.319111999999997,30.70677,native_google,Google Maps,0.05,hospital,,unknown,map_only_unverified,low,1,FALSE,1,Google Maps,Google Maps,"8P94+JPR, Madinet Samalout, East Samalout, Minya Governorate 2481587, Egypt",FALSE,086 3711712,086 3711712,landline,TRUE,TRUE,scraped_unverified
NEW0541,Mattay Central Hospital,mattay central hospital,,en,FALSE,Minya,Matai,28.421613599999997,30.790816999999997,native_google,Google Maps,0.05,hospital,,unknown,map_only_unverified,low,1,FALSE,1,Google Maps,Google Maps,"Madinet Matay, Matai, Minya Governorate 2525260, Egypt",FALSE,086 3921120,086 3921120,landline,TRUE,TRUE,scraped_unverified
NEW0542,Samalut Medical Center,samalut medical center,,en,FALSE,Minya,East Samalout,28.309913599999998,30.713209000000003,native_google,Google Maps,0.05,hospital,,unknown,map_only_unverified,low,1,FALSE,1,Google Maps,Google Maps,"8P57+X78, الطريق السريع, Madinet Samalout, East Samalout, Minya Governorate 2481475, Egypt",FALSE,086 7713931,086 7713931,landline,TRUE,TRUE,scraped_unverified
NEW0543,الجمعية الشرعية,الجمعية الشرعية,,ar,FALSE,Minya,Abu Qirqas,27.948296499999998,30.849564299999997,native_google,Google Maps,0.05,general_hospital,,unknown,map_only_unverified,low,1,FALSE,1,Google Maps,Google Maps,"WRXX+8R8, Al Karam, Abu Qirqas, Minya Governorate 2366550, Egypt",FALSE,011 28653569,011 28653569,mobile,TRUE,TRUE,scraped_unverified
NEW0544,مستشفى سليمان عمار العام,مستشفي سليمان عمار العام,,ar,FALSE,Minya,West Samalout,28.3432712,30.6092858,native_google,Google Maps,0.05,hospital,,unknown,map_only_unverified,low,1,FALSE,1,Google Maps,Google Maps,"8JV5+8P3, Kom AR Raheb, West Samalout, Minya Governorate 2472740, Egypt",FALSE,03 6503650,03 6503650,landline,TRUE,TRUE,scraped_unverified
NEW0545,مستشفى العمودين التخصص,مستشفي العمودين التخصص,,ar,FALSE,Minya,West Samalout,28.223683299999998,30.6990131,native_google,Google Maps,0.05,general_hospital,,unknown,map_only_unverified,low,1,FALSE,1,Google Maps,Google Maps,"6MFX+FJC, Nazlet Al Amoudein, West Samalout, Minya Governorate 2475220, Egypt",FALSE,,,,FALSE,TRUE,scraped_unverified
NEW0546,مستشفي الأورام الجامعي,مستشفي الاورام الجامعي,,ar,FALSE,Minya,Second Al Minya,28.129195199999998,30.737751499999998,native_google,Google Maps,0.05,hospital,,unknown,map_only_unverified,low,1,FALSE,1,Google Maps,Google Maps,"4PHQ+952, Qism Minya, Second Al Minya, Minya Governorate 2431436, Egypt",FALSE,010 65045310,010 65045310,mobile,TRUE,TRUE,scraped_unverified
NEW0547,مستشفي الصحة الانجابية,مستشفي الصحة الانجابية,,ar,FALSE,Minya,Matai,28.4170879,30.773907400000002,native_google,Google Maps,0.05,hospital,,unknown,map_only_unverified,low,1,FALSE,1,Google Maps,Google Maps,"CQ8F+RHM, Madinet Matay, Matai, Minya Governorate 2524030, Egypt",FALSE,,,,FALSE,TRUE,scraped_unverified
NEW0548,المركز الإقليمي لنقل الدم بالمنيا,المركز الاقليمي لنقل الدم بالمنيا,,ar,FALSE,Minya,أول المنيا,28.091274499999997,30.7644235,native_google,Google Maps,0.05,health,,unknown,map_only_unverified,low,1,FALSE,1,Google Maps,Google Maps,"كورنيش النيل بجوار مركز أورام المنيا Al menya, قسم المنيا، أول المنيا، محافظة المنيا 2451039, Egypt",FALSE,086 2339241,086 2339241,landline,TRUE,TRUE,scraped_unverified
NEW0549,مستشفى سفاى العام,مستشفي سفاي العام,,ar,FALSE,Minya,Abu Qirqas,27.8964944,30.802695200000002,native_google,Google Maps,0.05,general_hospital,,unknown,map_only_unverified,low,1,FALSE,1,Google Maps,Google Maps,"VRW3+H3W, Safay, Abu Qirqas, Minya Governorate 2364049, Egypt",FALSE,,,,FALSE,TRUE,scraped_unverified
NEW0550,وحدة طوخ الخيل الصحية,وحدة طوخ الخيل الصحية,,ar,FALSE,Minya,Minya,28.1026444,30.673185099999998,native_google,Google Maps,0.05,general_hospital,,unknown,map_only_unverified,low,1,FALSE,1,Google Maps,Google Maps,"4M3F+35M, Tokh Al Kheil, Minya, Minya Governorate 2423951, Egypt",FALSE,,,,FALSE,TRUE,scraped_unverified
NEW0551,al fekria central hospital,al fekria central hospital,,en,FALSE,Minya,Abu Qirqas,27.935422300000003,30.822326600000004,native_google,Google Maps,0.05,hospital,,unknown,map_only_unverified,low,1,FALSE,1,Google Maps,Google Maps,"بور سعيد، Madinet Al Fekreyah (Include Monshaat Al Fekr), Abu Qirqas, Minya Governorate 2364444, Egypt",FALSE,010 19050142,010 19050142,mobile,TRUE,TRUE,scraped_unverified
NEW0552,مستشفي طب الأسنان الجامعي,مستشفي طب الاسنان الجامعي,,ar,FALSE,Minya,Second Al Minya,28.1164219,30.743651,native_google,Google Maps,0.05,hospital,,unknown,map_only_unverified,low,1,FALSE,1,Google Maps,Google Maps,"شلبي، بجوار مستشفى طب الأسنان، برج الفردوس، شارع العزيزى، Qism Minya, Second Al Minya, Minya Governorate 2431415, Egypt",FALSE,,,,FALSE,TRUE,scraped_unverified
NEW0553,Malawi specialized hospital,malawi specialized hospital,,en,FALSE,Minya,Mallawi,27.7291508,30.8316012,native_google,Google Maps,0.05,hospital,,unknown,map_only_unverified,low,1,FALSE,1,Google Maps,Google Maps,"Unnamed Road, قسم ملوي، ملوي، المنيا، ملوى، Qesm Melawi, Mallawi, Minya Governorate 2337322, Egypt",FALSE,086 2639098,086 2639098,landline,TRUE,TRUE,scraped_unverified
NEW0554,مستشفى النيل | ملوي,مستشفي النيل | ملوي,,ar,FALSE,Minya,Mallawi,27.734687599999997,30.848434200000003,native_google,Google Maps,0.05,hospital,,unknown,map_only_unverified,low,1,FALSE,1,Google Maps,Google Maps,"PRMX+V9F, Qesm Melawi, Mallawi, Minya Governorate 61111, Egypt",FALSE,086 2629855,086 2629855,landline,TRUE,TRUE,scraped_unverified
NEW0555,عيادة الدكتورة أميمة للنساء والتوليد,عيادة الدكتورة اميمة للنساء والتوليد,,ar,FALSE,Minya,Mallawi,27.7370952,30.8375673,native_google,Google Maps,0.05,hospital,,likely,map_only_unverified,low,1,FALSE,1,Google Maps,Google Maps,"PRPQ+J2M, Qesm Melawi, Mallawi, Minya Governorate 2343052, Egypt",FALSE,011 46166194,011 46166194,mobile,TRUE,TRUE,scraped_unverified
NEW0556,مستشفى دعبدالشافى مهران للنساء والتوليد,مستشفي دعبدالشافي مهران للنساء والتوليد,,ar,FALSE,Minya,Mallawi,27.7350832,30.8461708,native_google,Google Maps,0.05,medical_center,,likely,map_only_unverified,low,1,FALSE,1,Google Maps,Google Maps,"المنيا، ش اخناتون، Qesm Melawi, Mallawi, Minya Governorate 61111, Egypt",FALSE,010 60808073,010 60808073,mobile,TRUE,TRUE,scraped_unverified
NEW0557,Elsafwa Specialized hospital مستشفى الصفوة التخصصي,Elsafwa Specialized hospital مستشفي الصفوة التخصصي,,ar,FALSE,Minya,Mallawi,27.7359376,30.836401799999997,native_google,Google Maps,0.05,hospital,,unknown,map_only_unverified,low,1,FALSE,1,Google Maps,Google Maps,"PRPR+JQ6، شارع المجيدي، Qesm Melawi, Mallawi, Minya Governorate 2343042, Egypt",FALSE,010 00948409,010 00948409,mobile,TRUE,TRUE,scraped_unverified
NEW0558,Palace Medicine Hospital,palace medicine hospital,,en,FALSE,Minya,East Samalout,28.3094292,30.712436500000003,native_google,Google Maps,0.05,hospital,,unknown,map_only_unverified,low,1,FALSE,1,Google Maps,Google Maps,"8P56+QXF, Madinet Samalout, East Samalout, Minya Governorate 2481475, Egypt",FALSE,086 3300036,086 3300036,landline,TRUE,TRUE,scraped_unverified
NEW0559,مستشفى رمد سمالوط,مستشفي رمد سمالوط,,ar,FALSE,Minya,East Samalout,28.326373399999998,30.707856999999997,native_google,Google Maps,0.05,hospital,,unknown,map_only_unverified,low,1,FALSE,1,Google Maps,Google Maps,"8PG5+G4X بجوار مستشفي سمالوط المركزى، Unnamed Road، Madinet Samalout, East Samalout, Minya Governorate 2481690, Egypt",FALSE,086 3450256,086 3450256,landline,TRUE,TRUE,scraped_unverified
NEW0560,مجمع الدويني الطبي,مجمع الدويني الطبي,,ar,FALSE,Minya,East Samalout,28.314686,30.7053501,native_google,Google Maps,0.05,hospital,,unknown,map_only_unverified,low,1,FALSE,1,Google Maps,Google Maps,"Unnamed Road, مدينة سمالوط، سمالوط،، 8P74+V4H, Madinet Samalout, East Samalout, Minya Governorate 2481513, Egypt",FALSE,,,,FALSE,TRUE,scraped_unverified
NEW0561,مستشفى اليوم الواحد بسمالوط,مستشفي اليوم الواحد بسمالوط,,ar,FALSE,Minya,East Samalout,28.310263000000003,30.7359914,native_google,Google Maps,0.05,hospital,,unknown,map_only_unverified,low,1,FALSE,1,Google Maps,Google Maps,"8P6P+49C, Madinet Samalout, East Samalout, Minya Governorate 2485220, Egypt",FALSE,,,,FALSE,TRUE,scraped_unverified
NEW0562,Gulwsna Hospital,gulwsna hospital,,en,FALSE,Minya,East Samalout,28.3465548,30.738499299999997,native_google,Google Maps,0.05,hospital,,unknown,map_only_unverified,low,1,FALSE,1,Google Maps,Google Maps,"8PWQ+J9H، Unnamed Road، Qlosna, East Samalout, Minya Governorate 2484310, Egypt",FALSE,086 3611189,086 3611189,landline,TRUE,TRUE,scraped_unverified
NEW0563,مستشفي علاج الاورام بسمالوط,مستشفي علاج الاورام بسمالوط,,ar,FALSE,Minya,West Samalout,28.2964608,30.710109799999998,native_google,Google Maps,0.05,hospital,,unknown,map_only_unverified,low,1,FALSE,1,Google Maps,Google Maps,"7PW6+H2Q, Madinet Samalout, West Samalout, Minya Governorate 2481210, Egypt",FALSE,,,,FALSE,TRUE,scraped_unverified
NEW0564,Medical Unit in Al Faroukeya,medical unit in al faroukeya,,en,FALSE,Minya,East Samalout,28.337625799999998,30.740180600000002,native_google,Google Maps,0.05,hospital,,unknown,map_only_unverified,low,1,FALSE,1,Google Maps,Google Maps,"8PQR+333، الشارع العمومي الشرقي، Al Gazayer, East Samalout, Minya Governorate 2485462, Egypt",FALSE,,,,FALSE,TRUE,scraped_unverified
NEW0565,مستوصف الجمعية الشرعية بالعوايسة,مستوصف الجمعية الشرعية بالعوايسة,,ar,FALSE,Minya,East Samalout,28.2923324,30.730728199999994,native_google,Google Maps,0.05,hospital,,unknown,map_only_unverified,low,1,FALSE,1,Google Maps,Google Maps,"Unnamed Road, العوايسة، سمالوط، المنيا،، 7PRJ+W7Q, Al Awaysah, East Samalout, Minya Governorate 2483101, Egypt",FALSE,,,,FALSE,TRUE,scraped_unverified
NEW0566,Alahram labمعمل الاهرام,Alahram labمعمل الاهرام,,ar,FALSE,Minya,East Samalout,28.3123346,30.7102684,native_google,Google Maps,0.05,medical_center,,unknown,map_only_unverified,low,1,FALSE,1,Google Maps,Google Maps,"شارع موقف المنيا امام الاعداديه، بنات، Madinet Samalout, East Samalout, Minya Governorate 2481531, Egypt",FALSE,010 93841851,010 93841851,mobile,TRUE,TRUE,scraped_unverified
NEW0567,مستشفى السلام Elsalam Hospital,مستشفي السلام Elsalam Hospital,,ar,FALSE,Minya,قسم الواحات الخارجة,25.4563916,30.5464739,native_google,Google Maps,0.05,hospital,,unknown,map_only_unverified,low,1,FALSE,1,Google Maps,Google Maps,"خلف البنك الأهلي, فرع, قسم الواحات الخارجة، محافظة الوادي الجديد 1064370, Egypt",FALSE,,,,FALSE,TRUE,scraped_unverified
NEW0568,مركز دكتور وفائي سمير جراحه عامه,مركز دكتور وفائي سمير جراحه عامه,,ar,FALSE,Minya,West Samalout,28.3152598,30.704075099999997,native_google,Google Maps,0.05,hospital,,unknown,map_only_unverified,low,1,FALSE,1,Google Maps,Google Maps,"8P83+4J4, Madinet Samalout, West Samalout, Minya Governorate 2481514, Egypt",FALSE,086 3444450,086 3444450,landline,TRUE,TRUE,scraped_unverified
NEW0569,Dr. Asmaa Othman Clinic,dr. asmaa othman clinic,,en,FALSE,Minya,East Samalout,28.313922200000004,30.705641,native_google,Google Maps,0.05,hospital,,unknown,map_only_unverified,low,1,FALSE,1,Google Maps,Google Maps,"Madinet Samalout, East Samalout, Minya Governorate 2481512, Egypt",FALSE,011 14725255,011 14725255,mobile,TRUE,TRUE,scraped_unverified
NEW0570,حورس للأشعة,حورس للاشعة,,ar,FALSE,Minya,East Samalout,28.3114612,30.711015899999996,native_google,Google Maps,0.05,medical_center,,unknown,map_only_unverified,low,1,FALSE,1,Google Maps,Google Maps,"8P66+HCJ, Madinet Samalout, East Samalout, Minya Governorate 2481476, Egypt",FALSE,010 07986408,010 07986408,mobile,TRUE,TRUE,scraped_unverified
NEW0571,مركز الدكتور عبد الحليم شوقت,مركز الدكتور عبد الحليم شوقت,,ar,FALSE,Minya,East Samalout,28.3115858,30.7067031,native_google,Google Maps,0.05,hospital,,unknown,map_only_unverified,low,1,FALSE,1,Google Maps,Google Maps,"اخر موقف المنيا, الصفصافية، Madinet Samalout, East Samalout, Minya Governorate 2481406, Egypt",FALSE,010 01670482,010 01670482,mobile,TRUE,TRUE,scraped_unverified
NEW0572,مركز دكتور جرجس وليم لجراحات ومناظير الأنف والإذن والحنجرة,مركز دكتور جرجس وليم لجراحات ومناظير الانف والاذن والحنجرة,,ar,FALSE,Minya,East Samalout,28.310574799999998,30.7105667,native_google,Google Maps,0.05,medical_center,,unknown,map_only_unverified,low,1,FALSE,1,Google Maps,Google Maps,"8P66+65C, Madinet Samalout, East Samalout, Minya Governorate 2481455, Egypt",FALSE,,,,FALSE,TRUE,scraped_unverified
NEW0573,مستشفى طوارئ الشيخ فضل,مستشفي طوارئ الشيخ فضل,,ar,FALSE,Minya,Beni Mazar,28.484069899999998,30.8433981,native_google,Google Maps,0.05,hospital,,unknown,map_only_unverified,low,1,FALSE,1,Google Maps,Google Maps,"FRMV+J9M, El-Shaikh Fadl, Beni Mazar, Minya Governorate 2537103, Egypt",FALSE,,,,FALSE,TRUE,scraped_unverified
NEW0574,NBE ATM - Good Shepherd Hospital - El Menia - مستشفى الراعى الصالح - المنيا,NBE ATM - Good Shepherd Hospital - El Menia - مستشفي الراعي الصالح - المنيا,,ar,FALSE,Minya,East Samalout,28.319058000000002,30.7076903,native_google,Google Maps,0.05,atm,,unknown,map_only_unverified,low,1,FALSE,1,Google Maps,Google Maps,"Al Gomhouria Street, Center شارع الجمهورية, مركز, East Samalout, Minya Governorate 2481587, Egypt",FALSE,,,,FALSE,TRUE,scraped_unverified
NEW0575,صيدلية المستشفي,صيدلية المستشفي,,ar,FALSE,Minya,West Samalout,28.323249999999998,30.708460499999997,native_google,Google Maps,0.05,pharmacy,,unknown,map_only_unverified,low,1,FALSE,1,Google Maps,Google Maps,"8PF5+89, Madinet Samalout, West Samalout, Minya Governorate 2481636, Egypt",FALSE,,,,FALSE,TRUE,scraped_unverified
NEW0576,معمل درايه للتحاليل الطيبه,معمل درايه للتحاليل الطيبه,,ar,FALSE,Minya,East Samalout,28.3116029,30.706149399999997,native_google,Google Maps,0.05,hospital,,unknown,map_only_unverified,low,1,FALSE,1,Google Maps,Google Maps,"سمالوط، مدينة سمالوط، سمالوط،، 8P64+JFR, Madinet Samalout, East Samalout, Minya Governorate 2481406, Egypt",FALSE,,,,FALSE,TRUE,scraped_unverified
NEW0577,الوحدة الصحية,الوحدة الصحية,,ar,FALSE,Minya,West Samalout,28.3713403,30.6766698,native_google,Google Maps,0.05,hospital,,unknown,map_only_unverified,low,1,FALSE,1,Google Maps,Google Maps,"9MCG+GMM, Astal, West Samalout, Minya Governorate 2477597, Egypt",FALSE,,,,FALSE,TRUE,scraped_unverified
NEW0578,شركة عناية لتجارة وتوزيع المستلزمات الطبية ولوازم الصيدليات,شركة عناية لتجارة وتوزيع المستلزمات الطبية ولوازم الصيدليات,,ar,FALSE,Minya,Beni Mazar,28.492724799999998,30.800468,native_google,Google Maps,0.05,hospital,,unknown,map_only_unverified,low,1,FALSE,1,Google Maps,Google Maps,"FRV2+26V، شارع الشواني، Madinet Bani Mazar, Beni Mazar, Minya Governorate 2534536, Egypt",FALSE,011 25029171,011 25029171,mobile,TRUE,TRUE,scraped_unverified
NEW0579,مستشفي لطف الله العام,مستشفي لطف الله العام,,ar,FALSE,Minya,Matai,28.4426737,30.803963,native_google,Google Maps,0.05,hospital,,unknown,map_only_unverified,low,1,FALSE,1,Google Maps,Google Maps,"CRV3+3H8, Nazlet Abou Shehata - Bani Mazar, Monshaat Lotf Allah, Matai, Minya Governorate 2526902, Egypt",FALSE,,,,FALSE,TRUE,scraped_unverified
NEW0580,مستشفى رمد بني مزار,مستشفي رمد بني مزار,,ar,FALSE,Minya,Beni Mazar,28.4950567,30.797159399999998,native_google,Google Maps,0.05,general_hospital,,unknown,map_only_unverified,low,1,FALSE,1,Google Maps,Google Maps,"FQWW+2VF, Al Salakhana Al Kadima, Madinet Bani Mazar, Beni Mazar, Minya Governorate 2534196, Egypt",FALSE,,,,FALSE,TRUE,scraped_unverified
NEW0581,مركز الكوثر الطبي (متعاقد مع التأمين الصحي),مركز الكوثر الطبي (متعاقد مع التامين الصحي),,ar,FALSE,Minya,Maghagha,28.654141100000004,30.8324359,native_google,Google Maps,0.05,hospital,,unknown,map_only_unverified,low,1,FALSE,1,Google Maps,Google Maps,"امام مستشفى مغاغه العام، شارع المدارس، Atneyah, Maghagha, Minya Governorate 2545977, Egypt",FALSE,011 12255433,011 12255433,mobile,TRUE,TRUE,scraped_unverified
NEW0582,Ophthalmology Hospital Maghagha,ophthalmology hospital maghagha,,en,FALSE,Minya,Maghagha,28.651312100000002,30.838941600000002,native_google,Google Maps,0.05,hospital,,unknown,map_only_unverified,low,1,FALSE,1,Google Maps,Google Maps,"MR2Q+GHG، الطريق الزراعي، Madinet Maghaghah, Maghagha, Minya Governorate 2546293, Egypt",FALSE,,,,FALSE,TRUE,scraped_unverified
NEW0583,مستشفي شارونه المركزي,مستشفي شارونه المركزي,,ar,FALSE,Minya,Maghagha,28.5927059,30.854017000000002,native_google,Google Maps,0.05,hospital,,unknown,map_only_unverified,low,1,FALSE,1,Google Maps,Google Maps,"HVV3+3JJ, Sharonah, Maghagha, Minya Governorate 2548221, Egypt",FALSE,,,,FALSE,TRUE,scraped_unverified
NEW0584,مستشفى حميات مغاغة,مستشفي حميات مغاغة,,ar,FALSE,Minya,Maghagha,28.655553400000002,30.832248,native_google,Google Maps,0.05,hospital,,unknown,map_only_unverified,low,1,FALSE,1,Google Maps,Google Maps,"شارع 26 يوليو, Atneyah, Maghagha, Minya Governorate 2546220, Egypt",FALSE,086 7550377,086 7550377,landline,TRUE,TRUE,scraped_unverified
NEW0585,المركز الطبي بمغاغة,المركز الطبي بمغاغة,,ar,FALSE,Minya,Maghagha,28.64867,30.843347399999995,native_google,Google Maps,0.05,hospital,,unknown,map_only_unverified,low,1,FALSE,1,Google Maps,Google Maps,"JRXV+F89, Madinet Maghaghah, Maghagha, Minya Governorate 2547555, Egypt",FALSE,,,,FALSE,TRUE,scraped_unverified
NEW0586,مستشفى مغاغة المركزي - ريدكون,مستشفي مغاغة المركزي - ريدكون,,ar,FALSE,Minya,Maghagha,28.640312899999998,30.8287428,native_google,Google Maps,0.05,general_contractor,,unknown,map_only_unverified,low,1,FALSE,1,Google Maps,Google Maps,"JRRH+8R, El-Shaikh Zeyad, Maghagha, Minya Governorate 2545951, Egypt",FALSE,,,,FALSE,TRUE,scraped_unverified
NEW0587,مركز الشمس للأشعة,مركز الشمس للاشعة,,ar,FALSE,Minya,مركز مغاغة,28.6492715,30.8417392,native_google,Google Maps,0.05,hospital,,unknown,map_only_unverified,low,1,FALSE,1,Google Maps,Google Maps,"Unnamed Road, JRXR+PM5، مدينة مغاغة، مركز مغاغة، محافظة المنيا 2547550, Egypt",FALSE,,,,FALSE,TRUE,scraped_unverified
NEW0588,مستشفى مغاغة المركزي,مستشفي مغاغة المركزي,,ar,FALSE,Minya,Maghagha,28.626996199999997,30.8236587,native_google,Google Maps,0.05,hospital,,unknown,map_only_unverified,low,1,FALSE,1,Google Maps,Google Maps,"JRGF+QF, El-Shaikh Zeyad, Maghagha, Minya Governorate 2545710, Egypt",FALSE,,,,FALSE,TRUE,scraped_unverified
NEW0589,مستشفي الدشلوطي,مستشفي الدشلوطي,,ar,FALSE,Minya,Maghagha,28.687876499999998,30.7973355,native_google,Google Maps,0.05,hospital,,unknown,map_only_unverified,low,1,FALSE,1,Google Maps,Google Maps,"MQQW+5W4, Ban Al Alam, Maghagha, Minya Governorate 2544202, Egypt",FALSE,010 61740574,010 61740574,mobile,TRUE,TRUE,scraped_unverified
NEW0590,مستشفى الحميات بالمداور,مستشفي الحميات بالمداور,,ar,FALSE,Minya,Maghagha,28.660981599999996,30.812378,native_google,Google Maps,0.05,hospital,,unknown,map_only_unverified,low,1,FALSE,1,Google Maps,Google Maps,"Nazlet Belhasah, Maghagha, Minya Governorate 2544152, Egypt",FALSE,,,,FALSE,TRUE,scraped_unverified
NEW0591,Al-salam Medical Center,al-salam medical center,,en,FALSE,Minya,Maghagha,28.6446307,30.8364431,native_google,Google Maps,0.05,medical_clinic,,unknown,map_only_unverified,low,1,FALSE,1,Google Maps,Google Maps,"شارع كنيسة الملاك، منشية الجزائر، مغاغة، المنيا، مصر، El-Shaikh Zeyad, Maghagha, Minya Governorate 61762, Egypt",FALSE,012 11410840,012 11410840,mobile,TRUE,TRUE,scraped_unverified
NEW0592,مستشفى حميدة الجندى,مستشفي حميدة الجندي,,ar,FALSE,Minya,Maghagha,28.6811471,30.8223776,native_google,Google Maps,0.05,wellness_center,,unknown,map_only_unverified,low,1,FALSE,1,Google Maps,Google Maps,"MRJC+FX2, Hemeida El-Gendy, Maghagha, Minya Governorate 2544631, Egypt",FALSE,,,,FALSE,TRUE,scraped_unverified
NEW0593,مركز السلام للقسطره القلبيه والعنايه المركزة,مركز السلام للقسطره القلبيه والعنايه المركزة,,ar,FALSE,Minya,Maghagha,28.6501217,30.8410974,native_google,Google Maps,0.05,medical_center,,unknown,map_only_unverified,low,1,FALSE,1,Google Maps,Google Maps,"شارع السلام، Madinet Maghaghah, Maghagha, Minya Governorate 2547602, Egypt",FALSE,,,,FALSE,TRUE,scraped_unverified
NEW0594,مركز الشفاء الانجيلي,مركز الشفاء الانجيلي,,ar,FALSE,Minya,Maghagha,28.649219299999995,30.8417431,native_google,Google Maps,0.05,medical_center,,unknown,map_only_unverified,low,1,FALSE,1,Google Maps,Google Maps,"JRXR+MMQ, Madinet Maghaghah, Maghagha, Minya Governorate 2547551, Egypt",FALSE,012 73020903,012 73020903,mobile,TRUE,TRUE,scraped_unverified
NEW0595,مستشفى قرية قفادة,مستشفي قرية قفادة,,ar,FALSE,Minya,مركز مغاغة,28.583504599999998,30.753105799999997,native_google,Google Maps,0.05,hospital,,unknown,map_only_unverified,low,1,FALSE,1,Google Maps,Google Maps,"مغاغاة الكوبري الغربي, HQM3+C65، قفادة، مركز مغاغة، محافظة المنيا 2543143, Egypt",FALSE,,,,FALSE,TRUE,scraped_unverified
NEW0596,مركز الحياة,مركز الحياة,,ar,FALSE,Minya,Maghagha,28.6504239,30.840401399999998,native_google,Google Maps,0.05,hospital,,unknown,map_only_unverified,low,1,FALSE,1,Google Maps,Google Maps,"MR2R+556, Madinet Maghaghah, Maghagha, Minya Governorate 2547601, Egypt",FALSE,,,,FALSE,TRUE,scraped_unverified
NEW0597,دكتورة شيماء محمد حسين,دكتورة شيماء محمد حسين,,ar,FALSE,Minya,Maghagha,28.6478611,30.838775599999998,native_google,Google Maps,0.05,doctor,,unknown,map_only_unverified,low,1,FALSE,1,Google Maps,Google Maps,"JRXQ+4GR فوق كشرى لهايبو، El-Horeya, Madinet Maghaghah, Maghagha, Minya Governorate 2547510, Egypt",FALSE,011 19174772,011 19174772,mobile,TRUE,TRUE,scraped_unverified
NEW0598,مستشفى بنى مزار العام,مستشفي بني مزار العام,,ar,FALSE,Minya,Beni Mazar,28.5053377,30.8012783,native_google,Google Maps,0.05,hospital,,unknown,map_only_unverified,low,1,FALSE,1,Google Maps,Google Maps,"GR42+4GJ, Madinet Bani Mazar, Beni Mazar, Minya Governorate 2535023, Egypt",FALSE,,,,FALSE,TRUE,scraped_unverified
NEW0599,Safwa Hospital,safwa hospital,,en,FALSE,Minya,Beni Mazar,28.4971294,30.7990875,native_google,Google Maps,0.05,educational_institution,,unknown,map_only_unverified,low,1,FALSE,1,Google Maps,Google Maps,"Al Mostashfa, Madinet Bani Mazar, Beni Mazar, Minya Governorate 2534924, Egypt",FALSE,,,,FALSE,TRUE,scraped_unverified
NEW0600,مركز وحضانات الدكتور لطفي عبدالرؤف للاطفال وحديثي الولاده,مركز وحضانات الدكتور لطفي عبدالرؤف للاطفال وحديثي الولاده,,ar,FALSE,Minya,Beni Mazar,28.4931138,30.804100199999997,native_google,Google Maps,0.05,hospital,,likely,map_only_unverified,low,1,FALSE,1,Google Maps,Google Maps,"FRV3+6JW, Madinet Bani Mazar, Beni Mazar, Minya Governorate 2534553, Egypt",FALSE,010 22794130,010 22794130,mobile,TRUE,TRUE,scraped_unverified
NEW0601,مستشفى حميات بني مزار,مستشفي حميات بني مزار,,ar,FALSE,Minya,Beni Mazar,28.5170045,30.798830799999998,native_google,Google Maps,0.05,hospital,,unknown,map_only_unverified,low,1,FALSE,1,Google Maps,Google Maps,"GQ8X+RG4, Bani Sweif - Dayrout, Abu Gerg, Beni Mazar, Minya Governorate 2535540, Egypt",FALSE,,,,FALSE,TRUE,scraped_unverified
NEW0602,مستشفى الصفوة الخاصة,مستشفي الصفوة الخاصة,,ar,FALSE,Minya,Beni Mazar,28.4958705,30.7990638,native_google,Google Maps,0.05,hospital,,unknown,map_only_unverified,low,1,FALSE,1,Google Maps,Google Maps,"FQWX+8JW, Madinet Bani Mazar, Beni Mazar, Minya Governorate 2534770, Egypt",FALSE,,,,FALSE,TRUE,scraped_unverified
NEW0603,مستشفي الإيمان,مستشفي الايمان,,ar,FALSE,Minya,Beni Mazar,28.4930058,30.807581799999998,native_google,Google Maps,0.05,hospital,,unknown,map_only_unverified,low,1,FALSE,1,Google Maps,Google Maps,"بجوار El-Iman Hospital, Madinet Bani Mazar, Beni Mazar, Minya Governorate 2536057, Egypt",FALSE,,,,FALSE,TRUE,scraped_unverified
NEW0604,مستشفى نزلة عمرو - بنى مزار,مستشفي نزلة عمرو - بني مزار,,ar,FALSE,Minya,Beni Mazar,28.449519499999997,30.8323981,native_google,Google Maps,0.05,hospital,,unknown,map_only_unverified,low,1,FALSE,1,Google Maps,Google Maps,"CRXJ+RX2, Monshaat Abou Aziz, Beni Mazar, Minya Governorate 2535915, Egypt",FALSE,,,,FALSE,TRUE,scraped_unverified
NEW0605,مركز المدينة المنورة للقلب للأستاذ الدكتور عماد حمدي,مركز المدينة المنورة للقلب للاستاذ الدكتور عماد حمدي,,ar,FALSE,Minya,مركز بنى مزار,28.4931049,30.799562400000003,native_google,Google Maps,0.05,medical_center,,unknown,map_only_unverified,low,1,FALSE,1,Google Maps,Google Maps,"بني مزار، مدينة بني مزار، برج الأطباء بجوار موقف, صندفا, مركز بنى مزار، محافظة المنيا 2534535, Egypt",FALSE,010 69571881,010 69571881,mobile,TRUE,TRUE,scraped_unverified
NEW0606,مستشفى الفايد التخصصي,مستشفي الفايد التخصصي,,ar,FALSE,Minya,Beni Mazar,28.504925,30.798226,native_google,Google Maps,0.05,hospital,,unknown,map_only_unverified,low,1,FALSE,1,Google Maps,Google Maps,"GQ3X+X7H, Madinet Bani Mazar, Beni Mazar, Minya Governorate 2534848, Egypt",FALSE,,,,FALSE,TRUE,scraped_unverified
NEW0607,مركز طب العيون مركز د محمود جنيدي بني مزار,مركز طب العيون مركز د محمود جنيدي بني مزار,,ar,FALSE,Minya,Beni Mazar,28.4964924,30.806596100000004,native_google,Google Maps,0.05,hospital,,unknown,map_only_unverified,low,1,FALSE,1,Google Maps,Google Maps,"FRW4+HJX, Madinet Bani Mazar, Beni Mazar, Minya Governorate 2536212, Egypt",FALSE,,,,FALSE,TRUE,scraped_unverified
NEW0608,مركز د.جنيدي للعيون,مركز د.جنيدي للعيون,,ar,FALSE,Minya,Beni Mazar,28.4965625,30.806328099999998,native_google,Google Maps,0.05,hospital,,unknown,map_only_unverified,low,1,FALSE,1,Google Maps,Google Maps,"FRW4+JGG, Madinet Bani Mazar, Beni Mazar, Minya Governorate 2536212, Egypt",FALSE,,,,FALSE,TRUE,scraped_unverified
NEW0609,Ophthalmology Hospital,ophthalmology hospital,,en,FALSE,Minya,Beni Mazar,28.4953464,30.796688099999997,native_google,Google Maps,0.05,medical_clinic,,unknown,map_only_unverified,low,1,FALSE,1,Google Maps,Google Maps,"Madinet Bani Mazar, Beni Mazar, Minya Governorate 2534742, Egypt",FALSE,,,,FALSE,TRUE,scraped_unverified
NEW0610,مركز أنس للبصريات,مركز انس للبصريات,,ar,FALSE,Minya,Beni Mazar,28.4916998,30.802615499999998,native_google,Google Maps,0.05,medical_center,,unknown,map_only_unverified,low,1,FALSE,1,Google Maps,Google Maps,"FRR3+M2H امام مستشفى الرمد شارع السلخانة، Madinet Bani Mazar, Beni Mazar, Minya Governorate 2534546, Egypt",FALSE,,,,FALSE,TRUE,scraped_unverified
NEW0611,عيادة طب الجنين,عيادة طب الجنين,,ar,FALSE,Minya,Beni Mazar,28.495229,30.8122164,native_google,Google Maps,0.05,medical_center,,unknown,map_only_unverified,low,1,FALSE,1,Google Maps,Google Maps,"FRW6+3VW برج المستقبل، El-Bahr Rd, شرق المحطة, Beni Mazar, Minya Governorate 2536330, Egypt",FALSE,011 49754076,011 49754076,mobile,TRUE,TRUE,scraped_unverified
NEW0612,Beni Mazar,beni mazar,,en,FALSE,Minya,Beni Mazar,28.4961683,30.7809676,native_google,Google Maps,0.05,hospital_unspecified,,unknown,map_only_unverified,low,1,FALSE,1,Google Maps,Google Maps,"Beni Mazar, Minya Governorate, Egypt",FALSE,,,,FALSE,TRUE,scraped_unverified
NEW0613,وحدة بني صامت,وحدة بني صامت,,ar,FALSE,Minya,Beni Mazar,28.5089483,30.8401386,native_google,Google Maps,0.05,hospital,,unknown,map_only_unverified,low,1,FALSE,1,Google Maps,Google Maps,"GR5R+H3C, Bani Samet, Beni Mazar, Minya Governorate 2537663, Egypt",FALSE,,,,FALSE,TRUE,scraped_unverified
NEW0614,معمل اليوم الواحد,معمل اليوم الواحد,,ar,FALSE,Minya,Beni Mazar,28.481209999999997,30.7808848,native_google,Google Maps,0.05,hospital,,unknown,map_only_unverified,low,1,FALSE,1,Google Maps,Google Maps,"FQJJ+F9J, Bani Mazar - Al Saedeya, Monshaat Al Qaysi, Beni Mazar, Minya Governorate 2533911, Egypt",FALSE,011 44346733,011 44346733,mobile,TRUE,TRUE,scraped_unverified
NEW0615,مستشفي الاتلات,مستشفي الاتلات,,ar,FALSE,Minya,Beni Mazar,28.442454599999998,30.7570005,native_google,Google Maps,0.05,hospital,,unknown,map_only_unverified,low,1,FALSE,1,Google Maps,Google Maps,"CQR4+XRJ, Kom Matay, Beni Mazar, Minya Governorate 2526717, Egypt",FALSE,,,,FALSE,TRUE,scraped_unverified
NEW0616,الجمعية الشرعية /وحدة الأطفال حديثى الولادة,الجمعية الشرعية /وحدة الاطفال حديثي الولادة,,ar,FALSE,Minya,Beni Mazar,28.489256100000002,30.810231199999997,native_google,Google Maps,0.05,hospital,,likely,map_only_unverified,low,1,FALSE,1,Google Maps,Google Maps,"FRQ6+P35, Triet Abou Hsiba Al Gharbia, El-Hosayneya, Beni Mazar, Minya Governorate 2536048, Egypt",FALSE,012 20702507,012 20702507,mobile,TRUE,TRUE,scraped_unverified
NEW0617,مستشفى طمبو العام,مستشفي طمبو العام,,ar,FALSE,Minya,Beni Mazar,28.502742299999998,30.7652013,native_google,Google Maps,0.05,hospital,,unknown,map_only_unverified,low,1,FALSE,1,Google Maps,Google Maps,"GQ38+33W, Tenbo, Beni Mazar, Minya Governorate 2532975, Egypt",FALSE,,,,FALSE,TRUE,scraped_unverified
NEW0618,عيادة دكتورسمير نجيب استشاري طب الاطفال,عيادة دكتورسمير نجيب استشاري طب الاطفال,,ar,FALSE,Minya,Beni Mazar,28.4948442,30.798519799999998,native_google,Google Maps,0.05,medical_clinic,,unknown,map_only_unverified,low,1,FALSE,1,Google Maps,Google Maps,"مستشفي الرمد, ش Al Salakhana Al Kadima, Madinet Bani Mazar, Beni Mazar, Minya Governorate 61671, Egypt",FALSE,010 03124878,010 03124878,mobile,TRUE,TRUE,scraped_unverified
NEW0619,مستشفى كفر الشيخ ابراهيم,مستشفي كفر الشيخ ابراهيم,,ar,FALSE,Minya,Beni Mazar,28.471427,30.8280197,native_google,Google Maps,0.05,hospital,,unknown,map_only_unverified,low,1,FALSE,1,Google Maps,Google Maps,"FRCH+H6C, Kafr El-Shaikh Ibrahim, Beni Mazar, Minya Governorate 2535941, Egypt",FALSE,,,,FALSE,TRUE,scraped_unverified
NEW0620,مستشفى التكامل,مستشفي التكامل,,ar,FALSE,Minya,Beni Mazar,28.484495199999998,30.843417499999997,native_google,Google Maps,0.05,hospital,,unknown,map_only_unverified,low,1,FALSE,1,Google Maps,Google Maps,"FRMV+J9M, El-Shaikh Fadl, Beni Mazar, Minya Governorate 2537103, Egypt",FALSE,,,,FALSE,TRUE,scraped_unverified
NEW0621,Bani Mazar,bani mazar,,en,FALSE,Minya,Bani Mazar,28.4916998,30.802615499999998,native_google,Google Maps,0.05,hospital_unspecified,,unknown,map_only_unverified,low,1,FALSE,1,Google Maps,Google Maps,"Bani Mazar, Madinet Bani Mazar, Beni Mazar, Minya Governorate 2534546, Egypt",FALSE,,,,FALSE,TRUE,scraped_unverified
NEW0622,مخزن الكامل,مخزن الكامل,,ar,FALSE,Minya,Beni Mazar,28.500449699999997,30.796992799999995,native_google,Google Maps,0.05,medical_center,,unknown,map_only_unverified,low,1,FALSE,1,Google Maps,Google Maps,"GQ2W+3RC, Madinet Bani Mazar, Beni Mazar, Minya Governorate 2534822, Egypt",FALSE,,,,FALSE,TRUE,scraped_unverified
NEW0623,مركز طب العيون,مركز طب العيون,,ar,FALSE,Minya,Beni Mazar,28.4969488,30.806702400000002,native_google,Google Maps,0.05,doctor,,unknown,map_only_unverified,low,1,FALSE,1,Google Maps,Google Maps,"FRW4+RJV, Madinet Bani Mazar, Beni Mazar, Minya Governorate 2536213, Egypt",FALSE,,,,FALSE,TRUE,scraped_unverified
NEW0624,مستشفى العاصمة,مستشفي العاصمة,,ar,FALSE,Minya,مركز بنى مزار،,28.4847529,30.843243199999996,native_google,Google Maps,0.05,health,,unknown,map_only_unverified,low,1,FALSE,1,Google Maps,Google Maps,"FRMV+W75، الشيخ فضل،، El-Shaikh Fadl, مركز بنى مزار،، Minya Governorate 2537160،, Egypt",FALSE,,,,FALSE,TRUE,scraped_unverified
NEW0625,مستوصف فكر وأعمل بالسنارية,مستوصف فكر واعمل بالسنارية,,ar,FALSE,Minya,Beni Mazar,28.472337699999997,30.7248967,native_google,Google Maps,0.05,hospital,,unknown,map_only_unverified,low,1,FALSE,1,Google Maps,Google Maps,"FPCF+WXJ، Unnamed Road، As Senareyah, Beni Mazar, Minya Governorate 2532356, Egypt",FALSE,012 81199936,012 81199936,mobile,TRUE,TRUE,scraped_unverified
NEW0626,دكتور مينا رزق,دكتور مينا رزق,,ar,FALSE,Minya,Beni Mazar,28.494962599999997,30.810152300000002,native_google,Google Maps,0.05,medical_clinic,,unknown,map_only_unverified,low,1,FALSE,1,Google Maps,Google Maps,"FRV6+X3J امام مستشفي حنا فهيم, El-Bahr Rd, El-Hosayneya, Beni Mazar, Minya Governorate 2536301, Egypt",FALSE,,,,FALSE,TRUE,scraped_unverified
NEW0627,مسجد الحاج مراد الشلقامى أمام مستشفى الرمد,مسجد الحاج مراد الشلقامي امام مستشفي الرمد,,ar,FALSE,Minya,Beni Mazar,28.4955045,30.7973139,native_google,Google Maps,0.05,mosque,,unknown,map_only_unverified,low,1,FALSE,1,Google Maps,Google Maps,"FQWW+6W4 طريق صندفا امام مستشفى الرمد، Madinet Bani Mazar, Beni Mazar, Minya Governorate 2534743, Egypt",FALSE,,,,FALSE,TRUE,scraped_unverified
NEW0628,عيادة د/نورهان,عيادة د/نورهان,,ar,FALSE,Minya,Beni Mazar,28.4928264,30.807736199999997,native_google,Google Maps,0.05,dentist,,unknown,map_only_unverified,low,1,FALSE,1,Google Maps,Google Maps,"FRV5+43Q, El-Iman Hospital, Madinet Bani Mazar, Beni Mazar, Minya Governorate 2536057, Egypt",FALSE,,,,FALSE,TRUE,scraped_unverified
NEW0629,الوحده الصحية بالناصرية,الوحده الصحية بالناصرية,,ar,FALSE,Minya,Beni Mazar,28.5398384,30.8458144,native_google,Google Maps,0.05,hospital,,unknown,map_only_unverified,low,1,FALSE,1,Google Maps,Google Maps,"GRQW+W8P, An Nasereyah (Al Garabia Previous), Beni Mazar, Minya Governorate 2537421, Egypt",FALSE,,,,FALSE,TRUE,scraped_unverified
NEW0630,معمل الشفاء,معمل الشفاء,,ar,FALSE,Minya,Beni Mazar,28.496394499999997,30.8048023,native_google,Google Maps,0.05,medical_center,,unknown,map_only_unverified,low,1,FALSE,1,Google Maps,Google Maps,"FRW3+GXC, Madinet Bani Mazar, Beni Mazar, Minya Governorate 2534976, Egypt",FALSE,,,,FALSE,TRUE,scraped_unverified
NEW0631,د. محمود الجنيدى,د. محمود الجنيدي,,ar,FALSE,Minya,Beni Mazar,28.493132199999998,30.803811999999997,native_google,Google Maps,0.05,medical_clinic,,unknown,map_only_unverified,low,1,FALSE,1,Google Maps,Google Maps,"FRV3+7G3, Mina Ln, Madinet Bani Mazar, Beni Mazar, Minya Governorate 2534553, Egypt",FALSE,086 3820002,086 3820002,landline,TRUE,TRUE,scraped_unverified
NEW0632,نقطة إسعاف بني صامت,نقطة اسعاف بني صامت,,ar,FALSE,Minya,Beni Mazar,28.5085026,30.875696599999998,native_google,Google Maps,0.05,medical_center,,unknown,map_only_unverified,low,1,FALSE,1,Google Maps,Google Maps,"GV5G+C74, Beni Mazar, Minya Governorate 2538017, Egypt",FALSE,,,,FALSE,TRUE,scraped_unverified
NEW0633,المستوصف الخيري بالسنارية,المستوصف الخيري بالسنارية,,ar,FALSE,Minya,Beni Mazar,28.470277,30.725208199999994,native_google,Google Maps,0.05,hospital,,unknown,map_only_unverified,low,1,FALSE,1,Google Maps,Google Maps,"FPCG+438، Unnamed Road، As Senareyah, Beni Mazar, Minya Governorate 2532344, Egypt",FALSE,,,,FALSE,TRUE,scraped_unverified
NEW0634,ابو يس لخدمات المحمول,ابو يس لخدمات المحمول,,ar,FALSE,Minya,Beni Mazar,28.4999594,30.8020471,native_google,Google Maps,0.05,telecommunications_service_provider,,unknown,map_only_unverified,low,1,FALSE,1,Google Maps,Google Maps,"تقاطع شارع مدرسه الاعداديه بنات بشارع الجمهوريه، Madinet Bani Mazar, Beni Mazar, Minya Governorate 61671, Egypt",FALSE,010 60008888,010 60008888,mobile,TRUE,TRUE,scraped_unverified
NEW0635,الوحدة الطبية,الوحدة الطبية,,ar,FALSE,Minya,Beni Mazar,28.536149499999997,30.7745273,native_google,Google Maps,0.05,hospital,,unknown,map_only_unverified,low,1,FALSE,1,Google Maps,Google Maps,"GQPF+FR2, Saft Abu Gerg, Beni Mazar, Minya Governorate 2535203, Egypt",FALSE,,,,FALSE,TRUE,scraped_unverified
NEW0636,معمل حياه,معمل حياه,,ar,FALSE,Minya,Beni Mazar,28.480484,30.786591899999998,native_google,Google Maps,0.05,medical_center,,unknown,map_only_unverified,low,1,FALSE,1,Google Maps,Google Maps,"القيس، بنى مزار، آخر شارع الموقف، Al Qeis, Beni Mazar, Minya Governorate 2533966, Egypt",FALSE,011 44346733,011 44346733,mobile,TRUE,TRUE,scraped_unverified
NEW0637,الوحدة الطبية بطمبو,الوحدة الطبية بطمبو,,ar,FALSE,Minya,Beni Mazar,28.5027026,30.7652427,native_google,Google Maps,0.05,hospital,,unknown,map_only_unverified,low,1,FALSE,1,Google Maps,Google Maps,"GQ38+33Q, Tenbo, Beni Mazar, Minya Governorate 2532975, Egypt",FALSE,,,,FALSE,TRUE,scraped_unverified
NEW0638,مركز الدكتور محمود السيوفى,مركز الدكتور محمود السيوفي,,ar,FALSE,Minya,Beni Mazar,28.4960199,30.799319899999997,native_google,Google Maps,0.05,doctor,,unknown,map_only_unverified,low,1,FALSE,1,Google Maps,Google Maps,"FQWX+CP4 أمام مستشفى الصفوة، Madinet Bani Mazar, Beni Mazar, Minya Governorate 2534920, Egypt",FALSE,011 55872488,011 55872488,mobile,TRUE,TRUE,scraped_unverified
NEW0639,Al Mokhtabar Labs - معامل المختبر - بني مزار - المنيا,Al Mokhtabar Labs - معامل المختبر - بني مزار - المنيا,,ar,FALSE,Minya,Beni Mazar,28.496951,30.7989042,native_google,Google Maps,0.05,medical_lab,,unknown,map_only_unverified,low,1,FALSE,1,Google Maps,Google Maps,"برج ابو زغروط - امام مستشفى الصفوه, شارع العاشر من رمضان, Madinet Bani Mazar, Beni Mazar, Minya Governorate 2534772, Egypt",FALSE,010 12112799,010 12112799,mobile,TRUE,TRUE,scraped_unverified
NEW0640,دكتور جاسر الزعيم اسماعيل,دكتور جاسر الزعيم اسماعيل,,ar,FALSE,Minya,Beni Mazar,28.489818900000003,30.802063199999996,native_google,Google Maps,0.05,doctor,,unknown,map_only_unverified,low,1,FALSE,1,Google Maps,Google Maps,"بني مزار، مدينة بني مزار، شارع العاشر من رمضان برج ابو زغروت أمام مستشفى الصفوة، العاشر من رمضان-الغربي،، FRQ2+WRG, Madinet Bani Mazar, Beni Mazar, Minya Governorate 2534426, Egypt",FALSE,010 97391353,010 97391353,mobile,TRUE,TRUE,scraped_unverified
NEW0641,صيدليه الحكمه,صيدليه الحكمه,,ar,FALSE,Minya,Beni Mazar,28.5056639,30.8003422,native_google,Google Maps,0.05,medical_center,,unknown,map_only_unverified,low,1,FALSE,1,Google Maps,Google Maps,"GR42+748, Al Mostashfa, Madinet Bani Mazar, Beni Mazar, Minya Governorate 2535021, Egypt",FALSE,,,,FALSE,TRUE,scraped_unverified
NEW0642,دكتور جمال عطيه الخطيب,دكتور جمال عطيه الخطيب,,ar,FALSE,Minya,Beni Mazar,28.4969916,30.7992928,native_google,Google Maps,0.05,doctor,,unknown,map_only_unverified,low,1,FALSE,1,Google Maps,Google Maps,"بني مزار، مدينة بني مزار، شارع العاشر من رمضان برج ابو زغروت بحرى مستشفى الصفوةبنى مزار،، العاشر من رمضان-الغربي، المنيا،، Madinet Bani Mazar, Beni Mazar, Minya Governorate 2534924, Egypt",FALSE,010 24964052,010 24964052,mobile,TRUE,TRUE,scraped_unverified
NEW0643,د وائل محمد الفاتح,د وائل محمد الفاتح,,ar,FALSE,Minya,Beni Mazar,28.4948384,30.798168999999998,native_google,Google Maps,0.05,medical_clinic,,unknown,map_only_unverified,low,1,FALSE,1,Google Maps,Google Maps,"مستشفي الرمد، Madinet Bani Mazar, Beni Mazar, Minya Governorate 2534198, Egypt",FALSE,086 3786389,086 3786389,landline,TRUE,TRUE,scraped_unverified
NEW0644,وحدة طب الاسره بالقيس,وحدة طب الاسره بالقيس,,ar,FALSE,Minya,Beni Mazar,28.4815842,30.780619899999998,native_google,Google Maps,0.05,hospital,,unknown,map_only_unverified,low,1,FALSE,1,Google Maps,Google Maps,"القيس، بنى مزار،، منشأة القيسي، بنى مزار، المنيا،، FQJJ+J6Q, Monshaat Al Qaysi, Beni Mazar, Minya Governorate 2534001, Egypt",FALSE,,,,FALSE,TRUE,scraped_unverified
NEW0645,مركز الحياة الطبي,مركز الحياة الطبي,,ar,FALSE,Minya,Matai,28.4122336,30.7846774,native_google,Google Maps,0.05,hospital,,unknown,map_only_unverified,low,1,FALSE,1,Google Maps,Google Maps,"CQ6M+VVV, Madinet Matay, Matai, Minya Governorate 2524146, Egypt",FALSE,,,,FALSE,TRUE,scraped_unverified
NEW0646,Mosque of Faith (hospital),mosque of faith (hospital),,en,FALSE,Minya,Beni Mazar,28.484075599999997,30.843392699999995,native_google,Google Maps,0.05,mosque,,unknown,map_only_unverified,low,1,FALSE,1,Google Maps,Google Maps,"FRMV+J9J, El-Shaikh Fadl, Beni Mazar, Minya Governorate 2537103, Egypt",FALSE,,,,FALSE,TRUE,scraped_unverified
NEW0647,نجع عيت الحشاني,نجع عيت الحشاني,,ar,FALSE,Minya,Beni Mazar,28.4961683,30.7809676,native_google,Google Maps,0.05,hospital,,unknown,map_only_unverified,low,1,FALSE,1,Google Maps,Google Maps,"FQWJ+F98، طريق الصحراوي الغربي، Tenbo, Beni Mazar, Minya Governorate 2533707, Egypt",FALSE,,,,FALSE,TRUE,scraped_unverified
NEW0648,بارنز كافيه barns,بارنز كافيه barns,,ar,FALSE,Minya,Beni Mazar,28.502374699999997,30.801289999999998,native_google,Google Maps,0.05,cafe,,unknown,map_only_unverified,low,1,FALSE,1,Google Maps,Google Maps,"GR22+WGG, Al Mostashfa, Madinet Bani Mazar, Beni Mazar, Minya Governorate 2535007, Egypt",FALSE,010 33284070,010 33284070,mobile,TRUE,TRUE,scraped_unverified
NEW0649,دكتور مصطفى فاروق أبو لمونة,دكتور مصطفي فاروق ابو لمونة,,ar,FALSE,Minya,Beni Mazar,28.4960823,30.799817200000003,native_google,Google Maps,0.05,dentist,,unknown,map_only_unverified,low,1,FALSE,1,Google Maps,Google Maps,"ش سعد زغلول بجوار صيدلية د. أحمد حسنى شرق مستشفى الصفوة مدينة بني مزار، بنى مزار، المنيا،، FQWX+CWP, Madinet Bani Mazar, Beni Mazar, Minya Governorate 2534920, Egypt",FALSE,011 44294030,011 44294030,mobile,TRUE,TRUE,scraped_unverified
NEW0650,Gastro care clinic مركز د.ريمون رافت,Gastro care clinic مركز د.ريمون رافت,,ar,FALSE,Minya,مركز بنى مزار,28.4947274,30.8107186,native_google,Google Maps,0.05,doctor,,unknown,map_only_unverified,low,1,FALSE,1,Google Maps,Google Maps,"ش.طريق البحر امام مستشفي حنا فهيم فوق مقلي الاسيوطي, الحسينية، مركز بنى مزار، محافظة المنيا 2536126, Egypt",FALSE,011 25922633,011 25922633,mobile,TRUE,TRUE,scraped_unverified
NEW0651,مركز الزهور للنساء والتوليد دكتورة سماح سيد الحداد,مركز الزهور للنساء والتوليد دكتورة سماح سيد الحداد,,ar,FALSE,Minya,Beni Mazar,28.4953826,30.799938599999994,native_google,Google Maps,0.05,doctor,,likely,map_only_unverified,low,1,FALSE,1,Google Maps,Google Maps,"El-Nozha, Madinet Bani Mazar, Beni Mazar, Minya Governorate 2534911, Egypt",FALSE,011 12371410,011 12371410,mobile,TRUE,TRUE,scraped_unverified
NEW0652,وحدة الغسيل الكلوي بمطاي البلد,وحدة الغسيل الكلوي بمطاي البلد,,ar,FALSE,Minya,Matai,28.416824599999998,30.773646499999998,native_google,Google Maps,0.05,hospital,,unknown,map_only_unverified,low,1,FALSE,1,Google Maps,Google Maps,"شارع Al Seka Al Zeraia, Madinet Matay, Matai, Minya Governorate 2524030, Egypt",FALSE,,,,FALSE,TRUE,scraped_unverified
NEW0653,مستشفى المعادى الخاصة,مستشفي المعادي الخاصة,,ar,FALSE,Minya,Maadi,29.9608832,31.2554607,native_google,Google Maps,0.05,hospital,,unknown,map_only_unverified,low,1,FALSE,1,Google Maps,Google Maps,"6 Street 154, Maadi Al Khabiri Al Wasti, Maadi, Cairo Governorate 4211130, Egypt",FALSE,02 25245124,02 25245124,landline,TRUE,TRUE,scraped_unverified
NEW0654,مركز طبى أبوشحاتة,مركز طبي ابوشحاتة,,ar,FALSE,Minya,Matai,28.4102309,30.795126099999997,native_google,Google Maps,0.05,medical_center,,unknown,map_only_unverified,low,1,FALSE,1,Google Maps,Google Maps,"CQ6W+33R, Abou Shehata, Matai, Minya Governorate 2527161, Egypt",FALSE,,,,FALSE,TRUE,scraped_unverified
NEW0655,الوحدة الصحية بالكوادي,الوحدة الصحية بالكوادي,,ar,FALSE,Minya,Matai,28.3911125,30.765609400000002,native_google,Google Maps,0.05,hospital,,unknown,map_only_unverified,low,1,FALSE,1,Google Maps,Google Maps,"9QR8+C6X, Kafr Al Kawadi, Matai, Minya Governorate 2523744, Egypt",FALSE,,,,FALSE,TRUE,scraped_unverified
NEW0656,مشتشفى قرية السلام,مشتشفي قرية السلام,,ar,FALSE,Minya,مركز بنى مزار,28.433129700000002,30.8499944,native_google,Google Maps,0.05,hospital,,unknown,map_only_unverified,low,1,FALSE,1,Google Maps,Google Maps,"CRMX+7X5, قرية, El-Salam, مركز بنى مزار، محافظة المنيا 2537020, Egypt",FALSE,,,,FALSE,TRUE,scraped_unverified
NEW0657,مركز رعاية طفل مطاى,مركز رعاية طفل مطاي,,ar,FALSE,Minya,Matai,28.4119823,30.784642199999997,native_google,Google Maps,0.05,hospital,,unknown,map_only_unverified,low,1,FALSE,1,Google Maps,Google Maps,"CQ6M+QVR, Madinet Matay, Matai, Minya Governorate 2524146, Egypt",FALSE,,,,FALSE,TRUE,scraped_unverified
NEW0658,مستشفى قروي حلوة,مستشفي قروي حلوة,,ar,FALSE,Minya,Matai,28.454515999999998,30.668751299999997,native_google,Google Maps,0.05,hospital,,unknown,map_only_unverified,low,1,FALSE,1,Google Maps,Google Maps,"FM39+RG2, Helwah, Matai, Minya Governorate 2522765, Egypt",FALSE,,,,FALSE,TRUE,scraped_unverified
NEW0659,مركز الدكتور رافت كمال للجراحه العامه,مركز الدكتور رافت كمال للجراحه العامه,,ar,FALSE,Minya,Matai,28.4172132,30.781758200000002,native_google,Google Maps,0.05,hospital,,unknown,map_only_unverified,low,1,FALSE,1,Google Maps,Google Maps,"CQ8J+VPJ, Al Seka Al Zeraia, Madinet Matay, Matai, Minya Governorate 2525360, Egypt",FALSE,010 66612335,010 66612335,mobile,TRUE,TRUE,scraped_unverified
NEW0660,Maadi Military Hospital,maadi military hospital,,en,FALSE,Minya,Maadi,29.968383,31.2414553,native_google,Google Maps,0.05,hospital,,unknown,map_only_unverified,low,1,FALSE,1,Google Maps,Google Maps,"Maadi Al Khabiri Al Gharbeyah, Maadi, Cairo Governorate 4211220, Egypt",FALSE,02 25256289,02 25256289,landline,TRUE,TRUE,scraped_unverified
NEW0661,عيادة د.احمد فوزي للجراحة العامة,عيادة د.احمد فوزي للجراحة العامة,,ar,FALSE,Minya,Matai,28.417710099999997,30.785142099999998,native_google,Google Maps,0.05,medical_center,,unknown,map_only_unverified,low,1,FALSE,1,Google Maps,Google Maps,"شارع المؤسسة, Madinet Matay, Matai, Minya Governorate 61681, Egypt",FALSE,010 00863134,010 00863134,mobile,TRUE,TRUE,scraped_unverified
NEW0662,مركز مطاي للاشعه الديجتال,مركز مطاي للاشعه الديجتال,,ar,FALSE,Minya,Matai,28.4181754,30.782087699999998,native_google,Google Maps,0.05,hospital,,unknown,map_only_unverified,low,1,FALSE,1,Google Maps,Google Maps,"CQ9J+7RG, Madinet Matay, Matai, Minya Governorate 2525366, Egypt",FALSE,010 14129476,010 14129476,mobile,TRUE,TRUE,scraped_unverified
NEW0663,Tema Central Hospital,tema central hospital,,en,FALSE,Minya,Tima,26.8968422,31.442093300000003,native_google,Google Maps,0.05,hospital,,unknown,map_only_unverified,low,1,FALSE,1,Google Maps,Google Maps,"ش احمد عرابي، VCWR+PRP, Asuit - Sohag Rd, Salamoun, Tima, Sohag Governorate 1767011, Egypt",FALSE,093 2790713,093 2790713,landline,TRUE,TRUE,scraped_unverified
NEW0664,مستشفي المطرية الطؤارئ و الرعاية,مستشفي المطرية الطؤارئ و الرعاية,,ar,FALSE,Minya,El Matareya,30.117561799999997,31.3030727,native_google,Google Maps,0.05,hospital,,unknown,map_only_unverified,low,1,FALSE,1,Google Maps,Google Maps,"Ali Mekkawy, Al Izab, El Matareya, Cairo Governorate 4531095, Egypt",FALSE,53490771,53490771,landline,TRUE,TRUE,scraped_unverified
NEW0665,Hematology Oncology Hospital,hematology oncology hospital,,en,FALSE,Minya,Maadi,29.967325300000002,31.243059199999994,native_google,Google Maps,0.05,hospital,,unknown,map_only_unverified,low,1,FALSE,1,Google Maps,Google Maps,"Maadi Armed Forces Medical Complex, Maadi Al Khabiri Al Gharbeyah, Maadi, Cairo Governorate 4211220, Egypt",FALSE,02 25256316,02 25256316,landline,TRUE,TRUE,scraped_unverified
NEW0666,مستشفى 🏥,مستشفي 🏥,,ar,FALSE,Minya,Beni Mazar,28.503850099999998,30.6517059,native_google,Google Maps,0.05,point_of_interest,,unknown,map_only_unverified,low,1,FALSE,1,Google Maps,Google Maps,"GM32+GMW، Unnamed Road، Kafr Abu Al Oudein, Beni Mazar, Minya Governorate 2530042, Egypt",FALSE,,,,FALSE,TRUE,scraped_unverified
NEW0667,مستشفى محمد عبدالقادر,مستشفي محمد عبدالقادر,,ar,FALSE,Minya,Beni Mazar,28.493941699999997,30.64096,native_google,Google Maps,0.05,hospital,,unknown,map_only_unverified,low,1,FALSE,1,Google Maps,Google Maps,"FJVR+G9, Abgag Al Hatab, Beni Mazar, Minya Governorate 2530021, Egypt",FALSE,,,,FALSE,TRUE,scraped_unverified
NEW0668,مستشفى مصر الجديدة التخصصي,مستشفي مصر الجديدة التخصصي,,ar,FALSE,Minya,قسم النزهة,30.111248300000003,31.341177799999997,native_google,Google Maps,0.05,hospital,,unknown,map_only_unverified,low,1,FALSE,1,Google Maps,Google Maps,"11 محمد والي, متفرع من شارع الحجاز, المطار، قسم النزهة، محافظة القاهرة‬ 4470340, Egypt",FALSE,010 08087728,010 08087728,mobile,TRUE,TRUE,scraped_unverified
NEW0669,Emergency Department inside As-Salam International Hospital Maadi Branch,emergency department inside as-salam international hospital maadi branch,,en,FALSE,Minya,Maadi,29.984967499999996,31.230276099999998,native_google,Google Maps,0.05,health,,unknown,map_only_unverified,low,1,FALSE,1,Google Maps,Google Maps,"Nile Corniche, Maadi Al Khabiri Ash Sharqeyah, Maadi, Cairo Governorate 4220501, Egypt",FALSE,010 92001443,010 92001443,mobile,TRUE,TRUE,scraped_unverified
NEW0670,One Day Surgeries Hospital,one day surgeries hospital,,en,FALSE,Minya,El Basatin,29.987654599999995,31.2772271,native_google,Google Maps,0.05,hospital,,unknown,map_only_unverified,low,1,FALSE,1,Google Maps,Google Maps,"500Off El Gazaer St، new maadi، البساتين،، X7QG+FWR, El-Basatin Sharkeya, El Basatin, Cairo Governorate 4234571, Egypt",FALSE,02 27036640,02 27036640,landline,TRUE,TRUE,scraped_unverified
NEW0671,مستشفى قصر المعادى,مستشفي قصر المعادي,,ar,FALSE,Minya,Maadi,29.961029699999994,31.2562788,native_google,Google Maps,0.05,hospital,,unknown,map_only_unverified,low,1,FALSE,1,Google Maps,Google Maps,"Street 154, Maadi Al Khabiri Al Wasti, Maadi, Cairo Governorate 4211162, Egypt",FALSE,012 20439042,012 20439042,mobile,TRUE,TRUE,scraped_unverified
NEW0672,Dr.Alaa Ezzat Hospital,dr.alaa ezzat hospital,,en,FALSE,Minya,Maadi,29.9627984,31.2496875,native_google,Google Maps,0.05,hospital,,unknown,map_only_unverified,low,1,FALSE,1,Google Maps,Google Maps,"Masr - Helwan Agriculture Rd, Maadi Al Khabiri Al Wasti, Maadi, Cairo Governorate 11326, Egypt",FALSE,02 25265583,02 25265583,landline,TRUE,TRUE,scraped_unverified
NEW0673,Al Fath hospital,al fath hospital,,en,FALSE,Minya,Maadi,29.966185999999993,31.254103299999997,native_google,Google Maps,0.05,hospital,,unknown,map_only_unverified,low,1,FALSE,1,Google Maps,Google Maps,"X783+FJH, Rd 9, حدائق, Maadi, Cairo Governorate 4212113, Egypt",FALSE,02 23585895,02 23585895,landline,TRUE,TRUE,scraped_unverified
NEW0674,The Egyptian Hospital,the egyptian hospital,,en,FALSE,Minya,Hurghada 1,27.194103799999997,33.8295806,native_google,Google Maps,0.05,hospital,,unknown,map_only_unverified,low,1,FALSE,1,Google Maps,Google Maps,"Ahmed Saied Sreet EL KAWTHER، Touristic Villages, Hurghada 1, Red Sea Governorate 1963104, Egypt",FALSE,011 10506888,011 10506888,mobile,TRUE,TRUE,scraped_unverified
NEW0675,مركز علاج الأورام بميت غمر,مركز علاج الاورام بميت غمر,,ar,FALSE,Minya,Mit Ghamr,30.7062405,31.2645645,native_google,Google Maps,0.05,hospital,,unknown,map_only_unverified,low,1,FALSE,1,Google Maps,Google Maps,"P747+FRW, Madinet Mit Ghamr (Include Daqados), Mit Ghamr, Dakahlia Governorate 7510026, Egypt",FALSE,,,,FALSE,TRUE,scraped_unverified
NEW0676,Mansoura Specialized Hospital,mansoura specialized hospital,,en,FALSE,Minya,El Mansoura 1,31.0441204,31.3663155,native_google,Google Maps,0.05,general_hospital,,unknown,map_only_unverified,low,1,FALSE,1,Google Maps,Google Maps,"المستشفى العام، المنصورة، El Mansoura 1, Dakahlia Governorate 7650176, Egypt",FALSE,,,,FALSE,TRUE,scraped_unverified
NEW0677,المركز الطبي بسيدى عبدالرحمن,المركز الطبي بسيدي عبدالرحمن,,ar,FALSE,Minya,El Alamein,30.9664046,28.746522399999996,native_google,Google Maps,0.05,general_hospital,,unknown,map_only_unverified,low,1,FALSE,1,Google Maps,Google Maps,"الساحل الشمالى, سيدى عبد الرحمن،، XP8W+HJ6, El Alamein, Marsa Matrouh Governorate 5062334, Egypt",FALSE,011 00185411,011 00185411,mobile,TRUE,TRUE,scraped_unverified
NEW0678,Aswan Oncology Center,aswan oncology center,,en,FALSE,Minya,Aswan,24.106736899999998,32.9004306,native_google,Google Maps,0.05,hospital,,unknown,map_only_unverified,low,1,FALSE,1,Google Maps,Google Maps,"4W42+M5V, Abu AR Rish Qebli, Aswan, Aswan Governorate 1242808, Egypt",FALSE,097 2428374,097 2428374,landline,TRUE,TRUE,scraped_unverified
NEW0679,Madina Minawra Cliniic,madina minawra cliniic,,en,FALSE,Minya,قسم دار السلام,29.984154200000003,31.249009100000002,native_google,Google Maps,0.05,general_hospital,,unknown,map_only_unverified,low,1,FALSE,1,Google Maps,Google Maps,"مستشفى تبارك للاطفال, 2 شارع رشاد عبدالهادى من الفيوم بجانب مودرن سكان و امام, رشاد عبد الهادي، دار السلام، قسم دار السلام، محافظة القاهرة‬ 4223802, Egypt",FALSE,,,,FALSE,TRUE,scraped_unverified
NEW0680,Drosmanhospital-maadi,drosmanhospital-maadi,,en,FALSE,Minya,Maadi,29.966178499999998,31.243667099999996,native_google,Google Maps,0.05,general_hospital,,unknown,map_only_unverified,low,1,FALSE,1,Google Maps,Google Maps,"22 Street 107, Maadi Al Khabiri Al Gharbeyah, Maadi, Cairo Governorate 4211304, Egypt",FALSE,,,,FALSE,TRUE,scraped_unverified
NEW0681,Kafr El-Sheikh Oncology Institute,kafr el-sheikh oncology institute,,en,FALSE,Minya,Kafr Al Sheikh First,31.103616499999998,30.9419682,native_google,Google Maps,0.05,hospital,,unknown,map_only_unverified,low,1,FALSE,1,Google Maps,Google Maps,"4W3R+CQW, Kafr Abu Tabl, Kafr Al Sheikh First, Kafr El-Sheikh Governorate 6860128, Egypt",FALSE,047 3216565,047 3216565,landline,TRUE,TRUE,scraped_unverified
NEW0682,"Faculty Of Medicine Kasr Al-Ainy, Cairo University","faculty of medicine kasr al-ainy, cairo university",,en,FALSE,Minya,Old Cairo,30.0296482,31.2278572,native_google,Google Maps,0.05,educational_institution,,unknown,map_only_unverified,low,1,FALSE,1,Google Maps,Google Maps,"Al Kasr Al Aini, Old Cairo, Cairo Governorate 4240310, Egypt",FALSE,02 23641088,02 23641088,landline,TRUE,TRUE,scraped_unverified
NEW0683,الوحدة الصحية,الوحدة الصحية,,ar,FALSE,Minya,Maghagha,28.587288299999997,30.6666369,native_google,Google Maps,0.05,general_hospital,,unknown,map_only_unverified,low,1,FALSE,1,Google Maps,Google Maps,"HMP8+WM6، التحرير، Kafr as Salehin Al Bahri, Maghagha, Minya Governorate 2540231, Egypt",FALSE,050 530 0792,050 530 0792,landline,TRUE,TRUE,scraped_unverified
NEW0684,ماذر كير سنتر,ماذر كير سنتر,,ar,FALSE,Minya,El Mansoura 2,31.052467500000002,31.407644299999998,native_google,Google Maps,0.05,hospital,,unknown,map_only_unverified,low,1,FALSE,1,Google Maps,Google Maps,"3C25+X3J, Kanat Al Sweis, Mansoura Qism 2, El Mansoura 2, Dakahlia Governorate 7661721, Egypt",FALSE,050 2507711,050 2507711,landline,TRUE,TRUE,scraped_unverified
NEW0685,Andalusia Hospital,andalusia hospital,,en,FALSE,Minya,قسم البساتين,29.973485399999998,31.281782399999997,native_google,Google Maps,0.05,hospital,,unknown,map_only_unverified,low,1,FALSE,1,Google Maps,Google Maps,"شارع النصر, Maadi Al Khabiri Al Gharbeyah Maadi, عزبة فهمي، قسم البساتين، محافظة القاهرة‬ 4211211, Egypt",FALSE,03 4880904,03 4880904,landline,TRUE,TRUE,scraped_unverified
NEW0686,Italian Hospital,italian hospital,,en,FALSE,Minya,Abbassieh,30.06677,31.2821768,native_google,Google Maps,0.05,hospital,,unknown,map_only_unverified,low,1,FALSE,1,Google Maps,Google Maps,"17 Al Sarayat, St، Abbassieh، Cairo Governorate 11757, Egypt",FALSE,02 36740088,02 36740088,landline,TRUE,TRUE,scraped_unverified
NEW0687,مستشفى نواى,مستشفي نواي,,ar,FALSE,Minya,Mallawi,27.7952095,30.780643100000002,native_google,Google Maps,0.05,general_hospital,,unknown,map_only_unverified,low,1,FALSE,1,Google Maps,Google Maps,"QQWJ+78F, Naway, Mallawi, Minya Governorate 2338403, Egypt",FALSE,,,,FALSE,TRUE,scraped_unverified
NEW0688,Deir Mawas Central Hospital,deir mawas central hospital,,en,FALSE,Minya,Deir Mawas,27.6444279,30.857628199999994,native_google,Google Maps,0.05,hospital,,unknown,map_only_unverified,low,1,FALSE,1,Google Maps,Google Maps,"Salah Abd El-Hakeem, Kafr Khozam, Deir Mawas, Minya Governorate 2325625, Egypt",FALSE,086 2010503,086 2010503,landline,TRUE,TRUE,scraped_unverified
NEW0689,مستشفى العمارية الشرقية الجديدة,مستشفي العمارية الشرقية الجديدة,,ar,FALSE,Minya,Deir Mawas,27.622624,30.884939399999997,native_google,Google Maps,0.05,general_hospital,,unknown,map_only_unverified,low,1,FALSE,1,Google Maps,Google Maps,"JVFM+2XW, Deir Mawas, Minya Governorate 2327168, Egypt",FALSE,,,,FALSE,TRUE,scraped_unverified
NEW0690,وحدة طب الأسرة الرحمانية,وحدة طب الاسرة الرحمانية,,ar,FALSE,Minya,Deir Mawas,27.614208899999998,30.840293599999995,native_google,Google Maps,0.05,general_hospital,,unknown,map_only_unverified,low,1,FALSE,1,Google Maps,Google Maps,"JR7R+J4C, Bani Sweif - Dayrout, AR Rahmaneyah, Deir Mawas, Minya Governorate 2325043, Egypt",FALSE,,,,FALSE,TRUE,scraped_unverified
NEW0691,مستشفى عرب ابوقلتة الجديدة,مستشفي عرب ابوقلتة الجديدة,,ar,FALSE,Minya,Mallawi,27.8234954,30.7054152,native_google,Google Maps,0.05,general_hospital,,unknown,map_only_unverified,low,1,FALSE,1,Google Maps,Google Maps,"RPF4+95V, Bani Khaled, Mallawi, Minya Governorate 2331402, Egypt",FALSE,,,,FALSE,TRUE,scraped_unverified
NEW0692,مستشفى سنجرج الجديدة,مستشفي سنجرج الجديدة,,ar,FALSE,Minya,Mallawi,27.714899499999998,30.810223599999997,native_google,Google Maps,0.05,general_hospital,,unknown,map_only_unverified,low,1,FALSE,1,Google Maps,Google Maps,"PR86+33H, Sengerg, Mallawi, Minya Governorate 2336575, Egypt",FALSE,,,,FALSE,TRUE,scraped_unverified
NEW0693,مستشفي دروه,مستشفي دروه,,ar,FALSE,Minya,Mallawi,27.719817100000004,30.741516099999995,native_google,Google Maps,0.05,general_hospital,,unknown,map_only_unverified,low,1,FALSE,1,Google Maps,Google Maps,"PP9R+WJC, Derwah, Mallawi, Minya Governorate 2330297, Egypt",FALSE,,,,FALSE,TRUE,scraped_unverified
NEW0694,Dairut General Hospital,dairut general hospital,,en,FALSE,Minya,Dairut,27.566576899999998,30.806897099999997,native_google,Google Maps,0.05,hospital,,unknown,map_only_unverified,low,1,FALSE,1,Google Maps,Google Maps,"HR84+JQJ, Ring Rd, Dayrout El-Shareef, Dairut, Assiut Governorate 2153076, Egypt",FALSE,088 4770777,088 4770777,landline,TRUE,TRUE,scraped_unverified
NEW0695,مستشفى اشنين,مستشفي اشنين,,ar,FALSE,Minya,Maghagha,28.614259999999998,30.777629899999994,native_google,Google Maps,0.05,general_hospital,,unknown,map_only_unverified,low,1,FALSE,1,Google Maps,Google Maps,"JQ7H+P32, Abar Al Wakef - Maghagha, Ashnin an Nasari, Maghagha, Minya Governorate 2543655, Egypt",FALSE,,,,FALSE,TRUE,scraped_unverified
NEW0696,Cairo fatemic hospital,cairo fatemic hospital,,en,FALSE,Minya,El Gamaliya,30.046732100000003,31.270721899999995,native_google,Google Maps,0.05,hospital,,unknown,map_only_unverified,low,1,FALSE,1,Google Maps,Google Maps,"خلف مشيخة الأزهر، El-Gamaleya, El Gamaliya, Cairo Governorate 4335004, Egypt",FALSE,02 25887692,02 25887692,landline,TRUE,TRUE,scraped_unverified
NEW0697,وحدة طب الأسرة بالعمارية الغربية,وحدة طب الاسرة بالعمارية الغربية,,ar,FALSE,Minya,Dairut,27.6043716,30.848206200000003,native_google,Google Maps,0.05,general_hospital,,unknown,map_only_unverified,low,1,FALSE,1,Google Maps,Google Maps,"JR3X+J53, Saad Zaghloul, Nazlet Al Hasaybah, Dairut, Assiut Governorate 2157475, Egypt",FALSE,,,,FALSE,TRUE,scraped_unverified
NEW0698,Al Haram Hospital,al haram hospital,,en,FALSE,Minya,El Omraniya,29.9912879,31.1512403,native_google,Google Maps,0.05,hospital,,unknown,map_only_unverified,low,1,FALSE,1,Google Maps,Google Maps,"Oula Al Haram, El Omraniya, Giza Governorate 3531201, Egypt",FALSE,02 33860236,02 33860236,landline,TRUE,TRUE,scraped_unverified
NEW0699,Matareya Teaching Hospital (MTH),matareya teaching hospital (mth),,en,FALSE,Minya,El Matareya,30.115455899999997,31.304931,native_google,Google Maps,0.05,hospital,,unknown,map_only_unverified,low,1,FALSE,1,Google Maps,Google Maps,"7 Taha Kandeel, Al Izab, El Matareya, Cairo Governorate 4531073, Egypt",FALSE,02 22506673,02 22506673,landline,TRUE,TRUE,scraped_unverified
NEW0700,15th of May Hospital,15th of may hospital,,en,FALSE,Minya,15 May City,29.8289248,31.363522999999994,native_google,Google Maps,0.05,hospital,,unknown,map_only_unverified,low,1,FALSE,1,Google Maps,Google Maps,"حى رجال الاعمال, Ash Sheyakhah Al Oula, 15 May City, Cairo Governorate 4051103, Egypt",FALSE,02 25505058,02 25505058,landline,TRUE,TRUE,scraped_unverified
NEW0701,المركز الطبي ديرمواس,المركز الطبي ديرمواس,,ar,FALSE,Minya,Deir Mawas,27.644253199999998,30.851333699999998,native_google,Google Maps,0.05,hospital,,unknown,map_only_unverified,low,1,FALSE,1,Google Maps,Google Maps,"JVV2+PG4, El-Gomhoreya, Monshaat Khozam Al Gharbeyah, Deir Mawas, Minya Governorate 2325362, Egypt",FALSE,,,,FALSE,TRUE,scraped_unverified
NEW0702,Fever Hospital Dermwas,fever hospital dermwas,,en,FALSE,Minya,Deir Mawas,27.637196199999998,30.847763,native_google,Google Maps,0.05,hospital,,unknown,map_only_unverified,low,1,FALSE,1,Google Maps,Google Maps,"JRPX+V4C, Nazlet Al Hasaybah, Deir Mawas, Minya Governorate 2325122, Egypt",FALSE,086 2014144,086 2014144,landline,TRUE,TRUE,scraped_unverified
NEW0703,مستشفى دار الطب,مستشفي دار الطب,,ar,FALSE,Minya,Deir Mawas,27.644991299999997,30.852386499999998,native_google,Google Maps,0.05,hospital,,unknown,map_only_unverified,low,1,FALSE,1,Google Maps,Google Maps,"JVV2+XXR, Monshaat Khozam Al Gharbeyah, Deir Mawas, Minya Governorate 2325603, Egypt",FALSE,010 96552147,010 96552147,mobile,TRUE,TRUE,scraped_unverified
NEW0704,مستشفى أبو قرقاص المركزي,مستشفي ابو قرقاص المركزي,,ar,FALSE,Minya,Abu Qirqas,27.9432306,30.8235881,native_google,Google Maps,0.05,hospital,,unknown,map_only_unverified,low,1,FALSE,1,Google Maps,Google Maps,"WRVF+7CW, Madinet Al Fekreyah (Include Monshaat Al Fekr), Abu Qirqas, Minya Governorate 2364497, Egypt",FALSE,,,,FALSE,TRUE,scraped_unverified
NEW0705,مستشفى الدكتور فوزي بسالي التخصصي,مستشفي الدكتور فوزي بسالي التخصصي,,ar,FALSE,Minya,Abu Qirqas,27.935403599999997,30.8202687,native_google,Google Maps,0.05,hospital,,unknown,map_only_unverified,low,1,FALSE,1,Google Maps,Google Maps,"13 Al Mostashfa, Madinet Al Fekreyah (Include Monshaat Al Fekr), Abu Qirqas, Minya Governorate 2364438, Egypt",FALSE,,,,FALSE,TRUE,scraped_unverified
NEW0706,Hospital Mnsavas A F,hospital mnsavas a f,,en,FALSE,Minya,Abu Qirqas,28.006189,30.8123344,native_google,Google Maps,0.05,hospital,,unknown,map_only_unverified,low,1,FALSE,1,Google Maps,Google Maps,"2R46+FWG, Mansafis, Abu Qirqas, Minya Governorate 2364880, Egypt",FALSE,,,,FALSE,TRUE,scraped_unverified
NEW0707,مستشفى اتليدم,مستشفي اتليدم,,ar,FALSE,Minya,Abu Qirqas,27.880654999999997,30.803404999999994,native_google,Google Maps,0.05,hospital,,unknown,map_only_unverified,low,1,FALSE,1,Google Maps,Google Maps,"VRJ3+796, Al Madina Al Fekreya - Ateldim, Atlidam, Abu Qirqas, Minya Governorate 61111, Egypt",FALSE,,,,FALSE,TRUE,scraped_unverified
NEW0708,وحدة طب الأسرة بقرية الكرم,وحدة طب الاسرة بقرية الكرم,,ar,FALSE,Minya,Abu Qirqas,27.9489977,30.8522935,native_google,Google Maps,0.05,general_hospital,,unknown,map_only_unverified,low,1,FALSE,1,Google Maps,Google Maps,"WVX2+JW7, Al Karam, Abu Qirqas, Minya Governorate 2366564, Egypt",FALSE,,,,FALSE,TRUE,scraped_unverified
NEW0709,مركز الهلال للخدمات التمريضية في صنيم (عادل محروص),مركز الهلال للخدمات التمريضية في صنيم (عادل محروص),,ar,FALSE,Minya,مركز ابوقرقاص,27.9445449,30.717537899999996,native_google,Google Maps,0.05,medical_center,,unknown,map_only_unverified,low,1,FALSE,1,Google Maps,Google Maps,"قريه، Sanim, مركز ابوقرقاص، Minya Governorate 2361602, Egypt",FALSE,011 52350955,011 52350955,mobile,TRUE,TRUE,scraped_unverified
NEW0710,مستشفى الرجاء,مستشفي الرجاء,,ar,FALSE,Minya,Abu Qirqas,27.9319252,30.8142418,native_google,Google Maps,0.05,hospital,,unknown,map_only_unverified,low,1,FALSE,1,Google Maps,Google Maps,"WRJ7+XR7, Madinet Al Fekreyah (Include Monshaat Al Fekr), Abu Qirqas, Minya Governorate 2364313, Egypt",FALSE,,,,FALSE,TRUE,scraped_unverified
NEW0711,General Authority For Health Insurance,general authority for health insurance,,en,FALSE,Minya,Abu Qirqas,27.9318052,30.816959899999997,native_google,Google Maps,0.05,hospital,,unknown,map_only_unverified,low,1,FALSE,1,Google Maps,Google Maps,"WRJ8+PQG, Madinet Al Fekreyah (Include Monshaat Al Fekr), Abu Qirqas, Minya Governorate 2364401, Egypt",FALSE,,,,FALSE,TRUE,scraped_unverified
NEW0712,Dar El Shefa,dar el shefa,,en,FALSE,Minya,Abu Qirqas,27.9349852,30.814844899999997,native_google,Google Maps,0.05,hospital,,unknown,map_only_unverified,low,1,FALSE,1,Google Maps,Google Maps,"WRM7+XXF, Madinet Al Fekreyah (Include Monshaat Al Fekr), Abu Qirqas, Minya Governorate 2364332, Egypt",FALSE,011 16388944,011 16388944,mobile,TRUE,TRUE,scraped_unverified
NEW0713,مركز الرازي للجراحة العامة والطوارئ والعمليات,مركز الرازي للجراحة العامة والطوارئ والعمليات,,ar,FALSE,Minya,Abu Qirqas,27.9343798,30.816265200000004,native_google,Google Maps,0.05,hospital,,unknown,map_only_unverified,low,1,FALSE,1,Google Maps,Google Maps,"WRM8+PFQ, Madinet Al Fekreyah (Include Monshaat Al Fekr), Abu Qirqas, Minya Governorate 2364322, Egypt",FALSE,,,,FALSE,TRUE,scraped_unverified
NEW0714,مستشفي دار الهلال بطهنشا,مستشفي دار الهلال بطهنشا,,ar,FALSE,Minya,Minya,28.034239099999997,30.7530783,native_google,Google Maps,0.05,hospital,,unknown,map_only_unverified,low,1,FALSE,1,Google Maps,Google Maps,"2QM3+M6W, Bani Ahmed - Tahansh, Bani Ahmed, Minya, Minya Governorate 2422389, Egypt",FALSE,,,,FALSE,TRUE,scraped_unverified
NEW0715,المركز الطبي الشرقي,المركز الطبي الشرقي,,ar,FALSE,Minya,Abu Qirqas,27.9351675,30.824307699999995,native_google,Google Maps,0.05,hospital,,unknown,map_only_unverified,low,1,FALSE,1,Google Maps,Google Maps,"WRPF+2QX, شرق امام, الكوبرى الجديد, Abu Qirqas, Minya Governorate 2366112, Egypt",FALSE,,,,FALSE,TRUE,scraped_unverified
NEW0716,مبنى خدمات ومستوصف سان چورچ,مبني خدمات ومستوصف سان چورچ,,ar,FALSE,Minya,Abu Qirqas,27.993971799999997,30.846669700000003,native_google,Google Maps,0.05,hospital,,unknown,map_only_unverified,low,1,FALSE,1,Google Maps,Google Maps,"XRVW+HMM, Bani Mohammed Shaarawy, Abu Qirqas, Minya Governorate 2366947, Egypt",FALSE,,,,FALSE,TRUE,scraped_unverified
NEW0717,الوحدة الصحية بجريس,الوحدة الصحية بجريس,,ar,FALSE,Minya,Abu Qirqas,27.9130787,30.755962099999998,native_google,Google Maps,0.05,hospital,,unknown,map_only_unverified,low,1,FALSE,1,Google Maps,Google Maps,"WQ74+69P, Greis, Abu Qirqas, Minya Governorate 2362038, Egypt",FALSE,,,,FALSE,TRUE,scraped_unverified
NEW0718,اسعاف ابوقرقاص,اسعاف ابوقرقاص,,ar,FALSE,Minya,Abu Qirqas,27.932506999999998,30.821800900000003,native_google,Google Maps,0.05,hospital,,unknown,map_only_unverified,low,1,FALSE,1,Google Maps,Google Maps,"WRJC+XM2, Madinet Al Fekreyah (Include Monshaat Al Fekr), Abu Qirqas, Minya Governorate 2364445, Egypt",FALSE,,,,FALSE,TRUE,scraped_unverified
NEW0719,وحدة الكرم الصحية,وحدة الكرم الصحية,,ar,FALSE,Minya,Abu Qirqas,27.9537837,30.852831000000002,native_google,Google Maps,0.05,hospital,,unknown,map_only_unverified,low,1,FALSE,1,Google Maps,Google Maps,"الكرم،, أبو قرقاص،، Abu Qirqas, Minya Governorate 2366713, Egypt",FALSE,,,,FALSE,TRUE,scraped_unverified
NEW0720,مركز كمال الناجي الطبي,مركز كمال الناجي الطبي,,ar,FALSE,Minya,Minya,28.023846600000002,30.808632000000003,native_google,Google Maps,0.05,hospital,,unknown,map_only_unverified,low,1,FALSE,1,Google Maps,Google Maps,"2RF5+GFJ, Bani Hammad, Minya, Minya Governorate 2426367, Egypt",FALSE,011 19958788,011 19958788,mobile,TRUE,TRUE,scraped_unverified
NEW0721,عياده دكتور محمد يحي السويفي,عياده دكتور محمد يحي السويفي,,ar,FALSE,Minya,Abu Qirqas,27.9358304,30.821125099999996,native_google,Google Maps,0.05,hospital,,unknown,map_only_unverified,low,1,FALSE,1,Google Maps,Google Maps,"42, El-Fateh, Madinet Al Fekreyah (Include Monshaat Al Fekr), Abu Qirqas, Minya Governorate 61111, Egypt",FALSE,010 63737211,010 63737211,mobile,TRUE,TRUE,scraped_unverified
NEW0722,وحدة طب الاسرة بكوم الزهير,وحدة طب الاسرة بكوم الزهير,,ar,FALSE,Minya,Abu Qirqas,27.9820973,30.804542200000004,native_google,Google Maps,0.05,hospital,,unknown,map_only_unverified,low,1,FALSE,1,Google Maps,Google Maps,"XRJ3+RQH, Kom AZ Zoheir, Abu Qirqas, Minya Governorate 2364625, Egypt",FALSE,,,,FALSE,TRUE,scraped_unverified
NEW0723,مركز طب الأسرة بني حسن الشروق,مركز طب الاسرة بني حسن الشروق,,ar,FALSE,Minya,Abu Qirqas,27.894603099999998,30.854918799999997,native_google,Google Maps,0.05,hospital,,unknown,map_only_unverified,low,1,FALSE,1,Google Maps,Google Maps,"VVV3+RXV, Bani Hasan El-Shorouk, Abu Qirqas, Minya Governorate 2368540, Egypt",FALSE,,,,FALSE,TRUE,scraped_unverified
NEW0724,مركز د رامي الرويدي,مركز د رامي الرويدي,,ar,FALSE,Minya,Abu Qirqas,27.9309986,30.820906099999995,native_google,Google Maps,0.05,medical_center,,unknown,map_only_unverified,low,1,FALSE,1,Google Maps,Google Maps,"2 Elgomhoreia St، beside sednawi، Abu Qirqas, Minya Governorate 2364423, Egypt",FALSE,,,,FALSE,TRUE,scraped_unverified
NEW0725,د هاني وليم,د هاني وليم,,ar,FALSE,Minya,Abu Qirqas,27.9342825,30.822204199999998,native_google,Google Maps,0.05,hospital,,unknown,map_only_unverified,low,1,FALSE,1,Google Maps,Google Maps,"WRMC+MV7, Madinet Al Fekreyah (Include Monshaat Al Fekr), Abu Qirqas, Minya Governorate 2364443, Egypt",FALSE,,,,FALSE,TRUE,scraped_unverified
NEW0726,وحدة طب أسرة سفاي,وحدة طب اسرة سفاي,,ar,FALSE,Minya,Abu Qirqas,27.896549999999998,30.802810700000002,native_google,Google Maps,0.05,hospital,,unknown,map_only_unverified,low,1,FALSE,1,Google Maps,Google Maps,"VRW3+J47, Safay, Abu Qirqas, Minya Governorate 2364049, Egypt",FALSE,,,,FALSE,TRUE,scraped_unverified
NEW0727,مستوصف المحبة الخيرى,مستوصف المحبة الخيري,,ar,FALSE,Minya,Minya,28.050747599999998,30.7897034,native_google,Google Maps,0.05,hospital,,unknown,map_only_unverified,low,1,FALSE,1,Google Maps,Google Maps,"3Q2Q+7VW, Bani Ahmed, Minya, Minya Governorate 2426702, Egypt",FALSE,,,,FALSE,TRUE,scraped_unverified
NEW0728,الوحدة الصحية بالسحالة,الوحدة الصحية بالسحالة,,ar,FALSE,Minya,Abu Qirqas,27.9842338,30.825724599999997,native_google,Google Maps,0.05,hospital,,unknown,map_only_unverified,low,1,FALSE,1,Google Maps,Google Maps,"XRMG+M7, Abyouha, Abu Qirqas, Minya Governorate 2366401, Egypt",FALSE,,,,FALSE,TRUE,scraped_unverified
NEW0729,الوحدة الصحية بالفقاعي,الوحدة الصحية بالفقاعي,,ar,FALSE,Minya,Abu Qirqas,27.979915100000003,30.726673299999998,native_google,Google Maps,0.05,hospital,,unknown,map_only_unverified,low,1,FALSE,1,Google Maps,Google Maps,"XPHG+XM7, بني خيار, Al Foqai, Abu Qirqas, Minya Governorate 2361680, Egypt",FALSE,,,,FALSE,TRUE,scraped_unverified
NEW0730,مركز الاوائل للأشعة المقطعية والديجتال,مركز الاوائل للاشعة المقطعية والديجتال,,ar,FALSE,Minya,Abu Qirqas,27.937777699999998,30.823304300000004,native_google,Google Maps,0.05,medical_center,,unknown,map_only_unverified,low,1,FALSE,1,Google Maps,Google Maps,"WRQF+487, Madinet Al Fekreyah (Include Monshaat Al Fekr), Abu Qirqas, Minya Governorate 2364467, Egypt",FALSE,,,,FALSE,TRUE,scraped_unverified
NEW0731,وحدة البربا الجديدة,وحدة البربا الجديدة,,ar,FALSE,Minya,Abu Qirqas,27.9440001,30.743373799999997,native_google,Google Maps,0.05,medical_center,,unknown,map_only_unverified,low,1,FALSE,1,Google Maps,Google Maps,"WPVV+RCC, Bani Ebeid Nagaa Arab El-Soultan, Al Barba, Abu Qirqas, Minya Governorate 2361863, Egypt",FALSE,,,,FALSE,TRUE,scraped_unverified
NEW0732,عيادة دكتور محمود حامد,عيادة دكتور محمود حامد,,ar,FALSE,Minya,Abu Qirqas,27.936200300000003,30.822014399999993,native_google,Google Maps,0.05,hospital,,unknown,map_only_unverified,low,1,FALSE,1,Google Maps,Google Maps,"شارع محكمة الاسره، WRPC+FRJ, Abu Qurqas, Abu Qirqas, Minya Governorate 2364460, Egypt",FALSE,,,,FALSE,TRUE,scraped_unverified
NEW0733,وحدة طب الاسره,وحدة طب الاسره,,ar,FALSE,Minya,Abu Qirqas,27.9426792,30.876772299999995,native_google,Google Maps,0.05,hospital,,unknown,map_only_unverified,low,1,FALSE,1,Google Maps,Google Maps,"WVVG+3PC, Abu Qirqas, Minya Governorate 2368763, Egypt",FALSE,010 29417880,010 29417880,mobile,TRUE,TRUE,scraped_unverified
NEW0734,مركز الفيروز للعلاج الطبيعي دكتور / جمال الحيني,مركز الفيروز للعلاج الطبيعي دكتور / جمال الحيني,,ar,FALSE,Minya,Abu Qirqas,27.940514,30.822751999999994,native_google,Google Maps,0.05,medical_center,,unknown,map_only_unverified,low,1,FALSE,1,Google Maps,Google Maps,"El-Marwa, Madinet Al Fekreyah (Include Monshaat Al Fekr), Abu Qirqas, Minya Governorate 2364493, Egypt",FALSE,010 13307101,010 13307101,mobile,TRUE,TRUE,scraped_unverified
NEW0735,مركز الصفا للعلاج الطبيعي,مركز الصفا للعلاج الطبيعي,,ar,FALSE,Minya,Abu Qirqas,27.9376619,30.822877799999993,native_google,Google Maps,0.05,hospital,,unknown,map_only_unverified,low,1,FALSE,1,Google Maps,Google Maps,"WRQF+356, Fawzi Mohammed Mahmoud, Madinet Al Fekreyah (Include Monshaat Al Fekr), Abu Qirqas, Minya Governorate 2364467, Egypt",FALSE,086 2420799,086 2420799,landline,TRUE,TRUE,scraped_unverified
NEW0736,مركز كنوز الخيري,مركز كنوز الخيري,,ar,FALSE,Minya,مركز المنيا،,28.041887499999998,30.770400100000003,native_google,Google Maps,0.05,hospital,,unknown,map_only_unverified,low,1,FALSE,1,Google Maps,Google Maps,"إلى، 2QRC+Q52, Bani Ahmed, مركز المنيا،، Minya Governorate 2422808, Egypt",FALSE,011 14986420,011 14986420,mobile,TRUE,TRUE,scraped_unverified
NEW0737,الوحدة الصحية,الوحدة الصحية,,ar,FALSE,Minya,مركز ابو قرقاص,27.983587,30.8499962,native_google,Google Maps,0.05,hospital,,unknown,map_only_unverified,low,1,FALSE,1,Google Maps,Google Maps,"XRMX+5WM, XRMX+2VM، المطاهرة القبلية، مركز ابو قرقاص، محافظة المنيا 2366851, Egypt",FALSE,,,,FALSE,TRUE,scraped_unverified
NEW0738,وحدة طب أسرة بنى محمد شعراوى,وحدة طب اسرة بني محمد شعراوي,,ar,FALSE,Minya,Abu Qirqas,27.991916399999997,30.844675300000002,native_google,Google Maps,0.05,hospital,,unknown,map_only_unverified,low,1,FALSE,1,Google Maps,Google Maps,"XRRV+QV7, Al Matahrah Al Qebleyah, Abu Qirqas, Minya Governorate 2366940, Egypt",FALSE,,,,FALSE,TRUE,scraped_unverified
NEW0739,عياده عثمان ابو السباع,عياده عثمان ابو السباع,,ar,FALSE,Minya,Abu Qirqas,27.930413299999998,30.819357099999998,native_google,Google Maps,0.05,medical_center,,unknown,map_only_unverified,low,1,FALSE,1,Google Maps,Google Maps,"WRJ9+5P9, Abu Qurqas, Abu Qirqas, Minya Governorate 2364274, Egypt",FALSE,,,,FALSE,TRUE,scraped_unverified
NEW0740,المستشفى الشرقيه,المستشفي الشرقيه,,ar,FALSE,Minya,Minya,28.0214926,30.7177509,native_google,Google Maps,0.05,hospital,,unknown,map_only_unverified,low,1,FALSE,1,Google Maps,Google Maps,"2PC9+H4R, Demsha WA Hashem, Minya, Minya Governorate 2421905, Egypt",FALSE,,,,FALSE,TRUE,scraped_unverified
NEW0741,Abu Qirqas,abu qirqas,,en,FALSE,Minya,Abu Qirqas,27.947829199999997,30.7809676,native_google,Google Maps,0.05,hospital_unspecified,,unknown,map_only_unverified,low,1,FALSE,1,Google Maps,Google Maps,"Abu Qirqas, Minya Governorate, Egypt",FALSE,,,,FALSE,TRUE,scraped_unverified
NEW0742,مركز الدكتور مصطفى محمد موسي للنساء والتوليد,مركز الدكتور مصطفي محمد موسي للنساء والتوليد,,ar,FALSE,Minya,Abu Qirqas,27.930753,30.820548600000002,native_google,Google Maps,0.05,medical_center,,likely,map_only_unverified,low,1,FALSE,1,Google Maps,Google Maps,"WRJC+85G, Ramsis, Madinet Al Fekreyah (Include Monshaat Al Fekr), Abu Qirqas, Minya Governorate 2364274, Egypt",FALSE,,,,FALSE,TRUE,scraped_unverified
NEW0743,مستشفى فوقية,مستشفي فوقية,,ar,FALSE,Minya,First 6th of October,29.9842917,30.9839341,native_google,Google Maps,0.05,hospital,,unknown,map_only_unverified,low,1,FALSE,1,Google Maps,Google Maps,"53 Abd El-Aziz Basha Fahmy, First 6th of October, Giza Governorate 3237242, Egypt",FALSE,012 02228754,012 02228754,mobile,TRUE,TRUE,scraped_unverified
NEW0744,صيدليه د محمد محمود الب,صيدليه د محمد محمود الب,,ar,FALSE,Minya,Abu Qirqas,27.937147799999998,30.8184507,native_google,Google Maps,0.05,hospital,,unknown,map_only_unverified,low,1,FALSE,1,Google Maps,Google Maps,"WRP9+V94, Al Zamalek, Madinet Al Fekreyah (Include Monshaat Al Fekr), Abu Qirqas, Minya Governorate 2364455, Egypt",FALSE,010 06037341,010 06037341,mobile,TRUE,TRUE,scraped_unverified
NEW0745,وحدة طب الأسرة بني محمد شعراوب,وحدة طب الاسرة بني محمد شعراوب,,ar,FALSE,Minya,Abu Qirqas,27.991198999999998,30.8400818,native_google,Google Maps,0.05,hospital,,unknown,map_only_unverified,low,1,FALSE,1,Google Maps,Google Maps,"XRRR+F2G, Al Matahrah Al Qebleyah, Abu Qirqas, Minya Governorate 2366347, Egypt",FALSE,,,,FALSE,TRUE,scraped_unverified
NEW0746,مستشفى بنى مهدى,مستشفي بني مهدي,,ar,FALSE,Minya,Minya,28.034899,30.8047927,native_google,Google Maps,0.05,hospital,,unknown,map_only_unverified,low,1,FALSE,1,Google Maps,Google Maps,"2RM3+XW3, Unnamed Road, Al Matahrah Al Bahreyah, Minya, Minya Governorate 2426534, Egypt",FALSE,,,,FALSE,TRUE,scraped_unverified
NEW0747,الوحده الصحيه لقريه الديابه,الوحده الصحيه لقريه الديابه,,ar,FALSE,Minya,Abu Qirqas,27.942695399999998,30.876729399999995,native_google,Google Maps,0.05,hospital,,unknown,map_only_unverified,low,1,FALSE,1,Google Maps,Google Maps,"WVVG+3MH, Gazirat Sheybah, Abu Qirqas, Minya Governorate 2368763, Egypt",FALSE,010 29417880,010 29417880,mobile,TRUE,TRUE,scraped_unverified
NEW0748,مستشفى منشأة النصر العام,مستشفي منشاة النصر العام,,ar,FALSE,Minya,مركز ابو قرقاص,27.86955,30.776570099999997,native_google,Google Maps,0.05,hospital,,unknown,map_only_unverified,low,1,FALSE,1,Google Maps,Google Maps,"VQ9G+RJG، منشأة النصر، مركز ابو قرقاص، محافظة المنيا 2363162, Egypt",FALSE,,,,FALSE,TRUE,scraped_unverified
NEW0749,Al Quds Maternity hospital,al quds maternity hospital,,en,FALSE,Minya,مركز البدرشين,29.847943899999997,31.2731255,native_google,Google Maps,0.05,hospital,,likely,map_only_unverified,low,1,FALSE,1,Google Maps,Google Maps,"بجوار مركز شرطة البدرشين, مدينة البدراشين، مركز البدرشين، محافظة الجيزة 3367403, Egypt",FALSE,02 38031440,02 38031440,landline,TRUE,TRUE,scraped_unverified
NEW0750,SEHA - Corniche Hospital,seha - corniche hospital,,en,FALSE,Minya,Abu Dhabi,24.501085,54.369647099999995,native_google,Google Maps,0.05,hospital,,unknown,map_only_unverified,low,1,FALSE,1,Google Maps,Google Maps,Abu Dhabi - Al Zahiyah - E12 - Abu Dhabi - United Arab Emirates,FALSE,800 50,800 50,landline,TRUE,TRUE,scraped_unverified
NEW0751,مستشفى حمد أبوزيد,مستشفي حمد ابوزيد,,ar,FALSE,Minya,West Samalout,28.1804177,30.6354664,native_google,Google Maps,0.05,hospital,,unknown,map_only_unverified,low,1,FALSE,1,Google Maps,Google Maps,"5JJP+558, Bani Samarg, West Samalout, Minya Governorate 2470271, Egypt",FALSE,011 47844507,011 47844507,mobile,TRUE,TRUE,scraped_unverified
NEW0752,Dream land hospital,dream land hospital,,en,FALSE,Minya,First 6th of October,29.972262500000003,31.038507000000003,native_google,Google Maps,0.05,hospital,,unknown,map_only_unverified,low,1,FALSE,1,Google Maps,Google Maps,"First 6th of October, Giza Governorate 3291303, Egypt",FALSE,02 38580437,02 38580437,landline,TRUE,TRUE,scraped_unverified
NEW0753,Dream Hospital Emergency Dept.,dream hospital emergency dept.,,en,FALSE,Minya,First 6th of October,29.972749599999997,31.038330499999997,native_google,Google Maps,0.05,hospital,,unknown,map_only_unverified,low,1,FALSE,1,Google Maps,Google Maps,"First 6th of October, Giza Governorate 3291303, Egypt",FALSE,02 38580437,02 38580437,landline,TRUE,TRUE,scraped_unverified
NEW0754,مستشفى 6 اكتوبر للتأمين الصحى,مستشفي 6 اكتوبر للتامين الصحي,,ar,FALSE,Minya,Dokki,30.0373766,31.2143961,native_google,Google Maps,0.05,hospital,,unknown,map_only_unverified,low,1,FALSE,1,Google Maps,Google Maps,"5 Almosekar Ali Ismail, Ad Doqi, Dokki, Giza Governorate 3750330, Egypt",FALSE,02 37484411,02 37484411,landline,TRUE,TRUE,scraped_unverified
NEW0755,Elite Hospital,elite hospital,,en,FALSE,Minya,محرم بك,31.1716947,29.943535400000002,native_google,Google Maps,0.05,hospital,,unknown,map_only_unverified,low,1,FALSE,1,Google Maps,Google Maps,"شارع ( 1 حي الفيلات, الطريق الدائري، قطاع النهضة، محرم بك، محافظة الإسكندرية 5411043, Egypt",FALSE,015 01115461,015 01115461,mobile,TRUE,TRUE,scraped_unverified
NEW0756,El Taqwa Specialized Hospital,el taqwa specialized hospital,,en,FALSE,Minya,Heliopolis,30.1051568,31.324063900000002,native_google,Google Maps,0.05,hospital,,unknown,map_only_unverified,low,1,FALSE,1,Google Maps,Google Maps,"19, 6 Abd Al Aziz Al Beshri, El-Bostan, Heliopolis, Cairo Governorate 4460157, Egypt",FALSE,02 26328660,02 26328660,landline,TRUE,TRUE,scraped_unverified
NEW0757,El Ber & El Taqwa Hospital,el ber & el taqwa hospital,,en,FALSE,Minya,Al Basatin,29.9874588,31.2669671,native_google,Google Maps,0.05,hospital,,unknown,map_only_unverified,low,1,FALSE,1,Google Maps,Google Maps,"X7P8+XQP، دار السلام، Dar El-Salam, Al Basatin، Cairo Governorate 4232132, Egypt",FALSE,02 27047582,02 27047582,landline,TRUE,TRUE,scraped_unverified
NEW0758,Isis Central Hospital,isis central hospital,,en,FALSE,Minya,Luxor,25.6644376,32.6313605,native_google,Google Maps,0.05,hospital,,unknown,map_only_unverified,low,1,FALSE,1,Google Maps,Google Maps,"ش المصالح الحكومية، Madinet Al Bayadeyah, Luxor, Luxor Governorate 1351203, Egypt",FALSE,095 2300039,095 2300039,landline,TRUE,TRUE,scraped_unverified
NEW0759,Medina Specialized Hospital,medina specialized hospital,,en,FALSE,Minya,Luxor,25.6869831,32.6330818,native_google,Google Maps,0.05,hospital,,unknown,map_only_unverified,low,1,FALSE,1,Google Maps,Google Maps,"El Gawzat st. from Khaled Ebn El Waled st., in front of Steigenberger Nile Pala، MJPM+Q6W, Gazirat Al Awameyah, Luxor, Luxor Governorate 1362103, Egypt",FALSE,012 74666633,012 74666633,mobile,TRUE,TRUE,scraped_unverified
NEW0760,عيادات الحرية التخصصية,عيادات الحرية التخصصية,,ar,FALSE,Minya,Dokki,30.0487798,31.2070174,native_google,Google Maps,0.05,hospital,,unknown,map_only_unverified,low,1,FALSE,1,Google Maps,Google Maps,"9 Ahmed Khalaf, Ad Doqi, Dokki, Giza Governorate 12611, Egypt",FALSE,02 33389920,02 33389920,landline,TRUE,TRUE,scraped_unverified
NEW0761,العوابد,العوابد,,ar,FALSE,Minya,Tiba,25.7025464,32.6767543,native_google,Google Maps,0.05,general_hospital,,unknown,map_only_unverified,low,1,FALSE,1,Google Maps,Google Maps,"PM3G+2P6, El-Karnak El-Gadid, Tiba, Luxor Governorate 1365031, Egypt",FALSE,,,,FALSE,TRUE,scraped_unverified
NEW0762,Al Gazeera clinic,al gazeera clinic,,en,FALSE,Minya,Dokki,30.036744000000002,31.212960100000004,native_google,Google Maps,0.05,medical_clinic,,unknown,map_only_unverified,low,1,FALSE,1,Google Maps,Google Maps,"9 Kassim, Ad Doqi A, Dokki, Giza Governorate 3750306, Egypt",FALSE,010 99620372,010 99620372,mobile,TRUE,TRUE,scraped_unverified
NEW0763,Katameya Clinic hospital,katameya clinic hospital,,en,FALSE,Minya,New Cairo 1,30.059922600000004,31.445525099999998,native_google,Google Maps,0.05,hospital,,unknown,map_only_unverified,low,1,FALSE,1,Google Maps,Google Maps,"الشيخ جاد الحق، New Cairo 1, Cairo Governorate 11865, Egypt",FALSE,02 25865100,02 25865100,landline,TRUE,TRUE,scraped_unverified
NEW0764,الوحدةالصحية,الوحدةالصحية,,ar,FALSE,Minya,Abu Tesht,26.1387664,32.1472412,native_google,Google Maps,0.05,general_hospital,,unknown,map_only_unverified,low,1,FALSE,1,Google Maps,Google Maps,"44QW+GV5, Gazirat Ad Dom, Abu Tesht, Qena Governorate 1587161, Egypt",FALSE,,,,FALSE,TRUE,scraped_unverified
NEW0765,مركز ايفا للنساء و الولاده,مركز ايفا للنساء و الولاده,,ar,FALSE,Minya,El Marg,30.1653729,31.382553500000004,native_google,Google Maps,0.05,doctor,,likely,map_only_unverified,low,1,FALSE,1,Google Maps,Google Maps,"ش مؤسسة الزكاة, Kafr El-Basha, El Marg, Cairo Governorate 11721, Egypt",FALSE,015 01111098,015 01111098,mobile,TRUE,TRUE,scraped_unverified
NEW0766,مركز ايف للولادة والجراحة,مركز ايف للولادة والجراحة,,ar,FALSE,Minya,قسم ثان شبرا الخيمة,30.1183577,31.264111399999997,native_google,Google Maps,0.05,hospital,,likely,map_only_unverified,low,1,FALSE,1,Google Maps,Google Maps,"شارع عبدالعظيم عياد، قسم ثاني،, بهتيم، قسم ثان شبرا الخيمة، محافظة القليوبية 6220192, Egypt",FALSE,,,,FALSE,TRUE,scraped_unverified
NEW0767,مركز حواء الطبي,مركز حواء الطبي,,ar,FALSE,Minya,Ain Shams,30.112924399999997,31.315367199999994,native_google,Google Maps,0.05,hospital,,unknown,map_only_unverified,low,1,FALSE,1,Google Maps,Google Maps,"4878+549، كوبرى الحلمية، Helmeyat AZ Zaytoun, Ain Shams, Cairo Governorate 4540002, Egypt",FALSE,010 95096061,010 95096061,mobile,TRUE,TRUE,scraped_unverified
NEW0768,مركز حواء فيوتشر لجراحات النساء والتوليد,مركز حواء فيوتشر لجراحات النساء والتوليد,,ar,FALSE,Minya,El Marg,30.133126700000002,31.323284800000003,native_google,Google Maps,0.05,medical_center,,likely,map_only_unverified,low,1,FALSE,1,Google Maps,Google Maps,"١الفيروز، عين شمس الشرقية، عين شمس، محافظة القاهرة‬،، Al Khosous, El Marg, Cairo Governorate 4630013, Egypt",FALSE,02 24948631,02 24948631,landline,TRUE,TRUE,scraped_unverified
NEW0769,South Sinai Hospital,south sinai hospital,,en,FALSE,Minya,Sharm El Sheikh 2,27.868556599999998,34.2997006,native_google,Google Maps,0.05,hospital,,unknown,map_only_unverified,low,1,FALSE,1,Google Maps,Google Maps,"10 Ras Kennedy El-Salam, Sharm El Sheikh 2, South Sinai Governorate 46619, Egypt",FALSE,012 80000205,012 80000205,mobile,TRUE,TRUE,scraped_unverified
NEW0770,مستشفى ادكو المركزي,مستشفي ادكو المركزي,,ar,FALSE,Minya,Edku,31.3029479,30.311071599999995,native_google,Google Maps,0.05,hospital,,unknown,map_only_unverified,low,1,FALSE,1,Google Maps,Google Maps,"8836+3CV, Al Tabia - Khat Rashid, Edku, Beheira Governorate 5956062, Egypt",FALSE,,,,FALSE,TRUE,scraped_unverified
NEW0771,Agami Specialized Hospital,agami specialized hospital,,en,FALSE,Minya,Dekhela,31.1040388,29.785396,native_google,Google Maps,0.05,hospital,,unknown,map_only_unverified,low,1,FALSE,1,Google Maps,Google Maps,"بوابه 8، Manshyet Al Olamaa St, Al Agamy Al Bahri, Dekhela, Alexandria Governorate 5312401, Egypt",FALSE,03 3022520,03 3022520,landline,TRUE,TRUE,scraped_unverified
NEW0772,Al-Ekhwa Specialized Clinics,al-ekhwa specialized clinics,,en,FALSE,Minya,Maadi,29.9616543,31.247527199999997,native_google,Google Maps,0.05,hospital,,unknown,map_only_unverified,low,1,FALSE,1,Google Maps,Google Maps,"7 Nile Corniche, Maadi Al Khabiri Al Wasti, Maadi, Cairo Governorate 4211210, Egypt",FALSE,010 27010957,010 27010957,mobile,TRUE,TRUE,scraped_unverified
NEW0773,Ataa hospital,ataa hospital,,en,FALSE,Minya,El Manakh,31.261682200000003,32.2857348,native_google,Google Maps,0.05,hospital,,unknown,map_only_unverified,low,1,FALSE,1,Google Maps,Google Maps,"776P+M7H، الحرية، El Manakh, Port Said Governorate 42523, Egypt",FALSE,,,,FALSE,TRUE,scraped_unverified
NEW0774,مستشفى آل سليمان - Al soliman hospital,مستشفي ال سليمان - Al soliman hospital,,ar,FALSE,Minya,El Manakh,31.2695759,32.2923974,native_google,Google Maps,0.05,hospital,,unknown,map_only_unverified,low,1,FALSE,1,Google Maps,Google Maps,"مستشفي ال سليمان بورسعيد شارع سعد زغلول والامين، Saad Zaghloul, El Manakh, Port Said Governorate 42515, Egypt",FALSE,066 3220220,066 3220220,landline,TRUE,TRUE,scraped_unverified
NEW0775,Psychiatry and Addiction Hospital مستشفى الطب النفسي و علاج الادمان,Psychiatry and Addiction Hospital مستشفي الطب النفسي و علاج الادمان,,ar,FALSE,Minya,Old Cairo,30.031550399999997,31.2280204,native_google,Google Maps,0.05,hospital,,unknown,map_only_unverified,low,1,FALSE,1,Google Maps,Google Maps,"26JH+J6C, Old Cairo, Cairo Governorate 4240310, Egypt",FALSE,,,,FALSE,TRUE,scraped_unverified
NEW0776,مجمع عيادات أورا هيلث كلينك,مجمع عيادات اورا هيلث كلينك,,ar,FALSE,Minya,El Manakh,31.2672606,32.2956572,native_google,Google Maps,0.05,medical_center,,unknown,map_only_unverified,low,1,FALSE,1,Google Maps,Google Maps,"بجوار سينما مصر، برج المنتزه، شارع الثلاثيني، El Manakh, Port Said Governorate 8566355, Egypt",FALSE,015 55466564,015 55466564,mobile,TRUE,TRUE,scraped_unverified
NEW0777,City clinic,city clinic,,en,FALSE,Minya,Al Haram,29.9750109,31.1092931,native_google,Google Maps,0.05,hospital,,unknown,map_only_unverified,low,1,FALSE,1,Google Maps,Google Maps,"X4G5+2P3, Al Haram, Giza Governorate 3510532, Egypt",FALSE,,,,FALSE,TRUE,scraped_unverified
NEW0778,Oncology Hospital Ghamr,oncology hospital ghamr,,en,FALSE,Minya,Mit Ghamr,30.706264400000002,31.264458899999997,native_google,Google Maps,0.05,hospital,,unknown,map_only_unverified,low,1,FALSE,1,Google Maps,Google Maps,"P747+4WC, Madinet Mit Ghamr (Include Daqados), Mit Ghamr, Dakahlia Governorate 7510026, Egypt",FALSE,050 4956570,050 4956570,landline,TRUE,TRUE,scraped_unverified
NEW0779,دكتور محمد بهاء أستاذ جراحات الكبد والبنكرياس والقنوات الصفراوية,دكتور محمد بهاء استاذ جراحات الكبد والبنكرياس والقنوات الصفراوية,,ar,FALSE,Minya,قسم أول القاهرة الجديدة,30.000849300000002,31.532500400000004,native_google,Google Maps,0.05,medical_clinic,,unknown,map_only_unverified,low,1,FALSE,1,Google Maps,Google Maps,"مفيدا- ايتيرنا- الدور الثالث, ARC-14, قسم أول القاهرة الجديدة، محافظة القاهرة‬ 11835, Egypt",FALSE,010 01425462,010 01425462,mobile,TRUE,TRUE,scraped_unverified
NEW0780,Ain Shams University Hospitals (El Demerdash),ain shams university hospitals (el demerdash),,en,FALSE,Minya,الوايلى,30.074174799999998,31.2765855,native_google,Google Maps,0.05,hospital,,unknown,map_only_unverified,low,1,FALSE,1,Google Maps,Google Maps,"المدخل الرئيسي لمستشفى الدمرداش, لطفي السيد، الدمرداش، الوايلى، محافظة القاهرة‬ 4390042, Egypt",FALSE,02 24346001,02 24346001,landline,TRUE,TRUE,scraped_unverified
NEW0781,مركز علاجات اليوم الواحد,مركز علاجات اليوم الواحد,,ar,FALSE,Minya,Al Attarin,31.201317899999996,29.9039926,native_google,Google Maps,0.05,hospital,,unknown,map_only_unverified,low,1,FALSE,1,Google Maps,Google Maps,"Al Mesallah Sharq, Al Attarin, Alexandria Governorate 5372062, Egypt",FALSE,,,,FALSE,TRUE,scraped_unverified
NEW0782,New University Hospital,new university hospital,,en,FALSE,Minya,Sidi Gaber,31.2074233,29.947131700000003,native_google,Google Maps,0.05,hospital,,unknown,map_only_unverified,low,1,FALSE,1,Google Maps,Google Maps,"Ezbet Saad, Sidi Gaber, Alexandria Governorate 5432042, Egypt",FALSE,,,,FALSE,TRUE,scraped_unverified
NEW0783,مستشفى الحياه باسيوط,مستشفي الحياه باسيوط,,ar,FALSE,Assiut,Asyut 2,27.1908779,31.181089800000002,native_google,Google Maps,0.05,hospital,,unknown,map_only_unverified,low,1,FALSE,1,Google Maps,Google Maps,"Mecca El-Mokarrama, Al Walideyah Al Qebleyah, Asyut 2, Assiut Governorate 71511, Egypt",FALSE,010 60385669,010 60385669,mobile,TRUE,TRUE,scraped_unverified
NEW0784,Saint Maria Hospital..,saint maria hospital..,,en,FALSE,Assiut,Asyut,27.1911806,31.185426,native_google,Google Maps,0.05,hospital,,unknown,map_only_unverified,low,1,FALSE,1,Google Maps,Google Maps,"21 الحكمدار، حى شرق، Asyut, Assiut Governorate 2090377, Egypt",FALSE,088 2056925,088 2056925,landline,TRUE,TRUE,scraped_unverified
NEW0785,Archangel Hospital,archangel hospital,,en,FALSE,Assiut,Asyut 2,27.184063799999997,31.1863849,native_google,Google Maps,0.05,hospital,,unknown,map_only_unverified,low,1,FALSE,1,Google Maps,Google Maps,"11 Omar Ibn Abd Al Aziz, Al Hamraa Ath Thaneyah, Asyut 2, Assiut Governorate 2090250, Egypt",FALSE,088 2124000,088 2124000,landline,TRUE,TRUE,scraped_unverified
NEW0786,مستشفى الإصابات جامعة اسيوط Trauma Hospital Assiut University,مستشفي الاصابات جامعة اسيوط Trauma Hospital Assiut University,,ar,FALSE,Assiut,Asyut 1,27.182729900000002,31.166025899999998,native_google,Google Maps,0.05,hospital,,unknown,map_only_unverified,low,1,FALSE,1,Google Maps,Google Maps,"Assiut University hospital street, Al Walideyah Al Qebleyah, Asyut 1, Assiut Governorate 71515, Egypt",FALSE,,,,FALSE,TRUE,scraped_unverified
NEW0787,Asyut General Hospital,asyut general hospital,,en,FALSE,Assiut,Asyut 1,27.1774313,31.1834807,native_google,Google Maps,0.05,hospital,,unknown,map_only_unverified,low,1,FALSE,1,Google Maps,Google Maps,"ميدان المجذوب، Al Hamraa Ath Thaneyah, Asyut 1, Assiut Governorate 2073013, Egypt",FALSE,088 2333158,088 2333158,landline,TRUE,TRUE,scraped_unverified
NEW0788,As-Salam International Hospital Assiut Branch العيادات التخصصية لمستشفي السلام الدولي بأسيوط,As-Salam International Hospital Assiut Branch العيادات التخصصية لمستشفي السلام الدولي باسيوط,,ar,FALSE,Assiut,قسم ثان أسيوط,27.1918209,31.1863738,native_google,Google Maps,0.05,hospital,,unknown,map_only_unverified,low,1,FALSE,1,Google Maps,Google Maps,"2 Al Khulafaa Al Rashedeen, El-Gomhoreya, Asyut 2, Assiut Governorate 2nd 2nd floor أ2 شارع الخلفاء الراشدين من, محافظه اسيوط, الجمهورية، قسم ثان أسيوط، محافظة أسيوط 2090271, Egypt",FALSE,010 92001443,010 92001443,mobile,TRUE,TRUE,scraped_unverified
NEW0789,مستشفى الانسانيه,مستشفي الانسانيه,,ar,FALSE,Assiut,Asyut 1,27.1788197,31.1895119,native_google,Google Maps,0.05,hospital,,unknown,map_only_unverified,low,1,FALSE,1,Google Maps,Google Maps,"Mohammed Farid, Al Hamraa Ath Thaneyah, Asyut 1, Assiut Governorate 2073063, Egypt",FALSE,012 77209291,012 77209291,mobile,TRUE,TRUE,scraped_unverified
NEW0790,Police Hospital in Assiut..,police hospital in assiut..,,en,FALSE,Assiut,Asyut 2,27.1932279,31.179542499999997,native_google,Google Maps,0.05,hospital,,unknown,map_only_unverified,low,1,FALSE,1,Google Maps,Google Maps,"55VH+7RV, Kornish Al Ibrahimeya, Al Walideyah Al Qebleyah, Asyut 2, Assiut Governorate 2090343, Egypt",FALSE,088 2315466,088 2315466,landline,TRUE,TRUE,scraped_unverified
NEW0791,مستشفى دار الصفوة,مستشفي دار الصفوة,,ar,FALSE,Assiut,Asyut 1,27.1777423,31.183360099999994,native_google,Google Maps,0.05,hospital,,unknown,map_only_unverified,low,1,FALSE,1,Google Maps,Google Maps,"23 Youlio 23, Al Hamraa Ath Thaneyah, Asyut 1, Assiut Governorate 2073020, Egypt",FALSE,010 19999216,010 19999216,mobile,TRUE,TRUE,scraped_unverified
NEW0792,Assiut University Heart Hospital,assiut university heart hospital,,en,FALSE,Assiut,Asyut 1,27.187063499999997,31.1654737,native_google,Google Maps,0.05,hospital,,unknown,map_only_unverified,low,1,FALSE,1,Google Maps,Google Maps,"مدخل جامعة اسيوط، Al Walideyah Al Qebleyah, Asyut 1, Assiut Governorate 2074020, Egypt",FALSE,,,,FALSE,TRUE,scraped_unverified
NEW0793,مستشفى د/ جلال زكى دار السلام للعظام,مستشفي د/ جلال زكي دار السلام للعظام,,ar,FALSE,Assiut,Asyut 1,27.179089400000002,31.1863625,native_google,Google Maps,0.05,hospital,,unknown,map_only_unverified,low,1,FALSE,1,Google Maps,Google Maps,"عماره الاوقاف 1، ٢٣ يوليو .المحطه، Al Hamraa Ath Thaneyah, Asyut 1, Assiut Governorate 71111, Egypt",FALSE,012 81435554,012 81435554,mobile,TRUE,TRUE,scraped_unverified
NEW0794,Students Hospital of Asyut University,students hospital of asyut university,,en,FALSE,Assiut,Asyut 1,27.1870582,31.162762500000003,native_google,Google Maps,0.05,hospital,,unknown,map_only_unverified,low,1,FALSE,1,Google Maps,Google Maps,"55P7+R4C, Besery Way, Asyut 1, Assiut Governorate 2074020, Egypt",FALSE,,,,FALSE,TRUE,scraped_unverified
NEW0795,Women's Health Hospital,women's health hospital,,en,FALSE,Assiut,Asyut 2,27.1862443,31.166075799999998,native_google,Google Maps,0.05,hospital,,likely,map_only_unverified,low,1,FALSE,1,Google Maps,Google Maps,"Besery Way, Al Walideyah Al Qebleyah, Asyut 2, Assiut Governorate 2074020, Egypt",FALSE,,,,FALSE,TRUE,scraped_unverified
NEW0796,Sadr hospital in Assiut,sadr hospital in assiut,,en,FALSE,Assiut,Asyut 2,27.194690899999998,31.176602199999994,native_google,Google Maps,0.05,hospital,,unknown,map_only_unverified,low,1,FALSE,1,Google Maps,Google Maps,"55VG+VJH, Al Ibrahimeya, Al Walideyah Al Westaneyah, Asyut 2, Assiut Governorate 2091001, Egypt",FALSE,088 2148192,088 2148192,landline,TRUE,TRUE,scraped_unverified
NEW0797,Hikmah hospital,hikmah hospital,,en,FALSE,Assiut,Asyut 1,27.1805213,31.1874631,native_google,Google Maps,0.05,hospital,,unknown,map_only_unverified,low,1,FALSE,1,Google Maps,Google Maps,"55JP+6X4, Ismail Al Kabani, Al Hamraa Ath Thaneyah, Asyut 1, Assiut Governorate 2073065, Egypt",FALSE,010 20108417,010 20108417,mobile,TRUE,TRUE,scraped_unverified
NEW0798,Life Medical Center,life medical center,,en,FALSE,Assiut,قسم أول أسيوط,27.182355899999997,31.182638999999998,native_google,Google Maps,0.05,medical_center,,unknown,map_only_unverified,low,1,FALSE,1,Google Maps,Google Maps,"شارع احمد شوقي متفرع من, يسري راغب، الحمراء الثانية، قسم أول أسيوط، محافظة أسيوط 71511, Egypt",FALSE,088 2349757,088 2349757,landline,TRUE,TRUE,scraped_unverified
NEW0799,As-Salam International Specialized Clinics Assiut - عيادات السلام الدولي أسيوط- Alameda Healthcare Group,As-Salam International Specialized Clinics Assiut - عيادات السلام الدولي اسيوط- Alameda Healthcare Group,,ar,FALSE,Assiut,قسم ثان أسيوط,27.1839497,31.185251500000003,native_google,Google Maps,0.05,hospital,,unknown,map_only_unverified,low,1,FALSE,1,Google Maps,Google Maps,"12شارع الخلفاء, الجمهورية، من, قسم ثان أسيوط، محافظة أسيوط 2063045, Egypt",FALSE,010 11705116,010 11705116,mobile,TRUE,TRUE,scraped_unverified
NEW0800,Assiut University Hospital,assiut university hospital,,en,FALSE,Assiut,New Asyut,27.274579199999998,31.294494300000004,native_google,Google Maps,0.05,hospital,,unknown,map_only_unverified,low,1,FALSE,1,Google Maps,Google Maps,"77FV+RQQ, New Asyut, Assiut Governorate 2241453, Egypt",FALSE,,,,FALSE,TRUE,scraped_unverified
NEW0801,Al rajhy hospital,al rajhy hospital,,en,FALSE,Assiut,El Fateh,27.186939499999998,31.164854799999997,native_google,Google Maps,0.05,hospital,,unknown,map_only_unverified,low,1,FALSE,1,Google Maps,Google Maps,"55P7+QWH, Al Hamraa Ath Thaneyah, El Fateh, Assiut Governorate 2074020, Egypt",FALSE,,,,FALSE,TRUE,scraped_unverified
NEW0802,مستشفى الدكتور مراد التخصصى,مستشفي الدكتور مراد التخصصي,,ar,FALSE,Assiut,Asyut 1,27.1780163,31.1893305,native_google,Google Maps,0.05,hospital,,unknown,map_only_unverified,low,1,FALSE,1,Google Maps,Google Maps,"الشيخ فايق أبو المعالي، الحمراء الثانية، قسم ثان أسيوط، أسيوط،، 55HQ+6P4, Al Hamraa Ath Thaneyah, Asyut 1, Assiut Governorate 2073060, Egypt",FALSE,010 24588234,010 24588234,mobile,TRUE,TRUE,scraped_unverified
NEW0803,Ophthalmology Hospital in Assiut,ophthalmology hospital in assiut,,en,FALSE,Assiut,Asyut 2,27.193807099999997,31.1864314,native_google,Google Maps,0.05,hospital,,unknown,map_only_unverified,low,1,FALSE,1,Google Maps,Google Maps,"55VP+GHF, El-Gomhoreya, Asyut 2, Assiut Governorate 2090271, Egypt",FALSE,,,,FALSE,TRUE,scraped_unverified
NEW0804,Mariam Center مركز مريم للنساء والتوليد,Mariam Center مركز مريم للنساء والتوليد,,ar,FALSE,Assiut,Asyut 2,27.1817608,31.1871916,native_google,Google Maps,0.05,hospital,,likely,map_only_unverified,low,1,FALSE,1,Google Maps,Google Maps,"55JP+PV4، شارع الشركة المصريه للاتصالات، Al Hamraa Ath Thaneyah, Asyut 2, Assiut Governorate 2090204, Egypt",FALSE,010 20240404,010 20240404,mobile,TRUE,TRUE,scraped_unverified
NEW0805,مستشفى النساء والولادة والأطفال,مستشفي النساء والولادة والاطفال,,ar,FALSE,Assiut,Asyut 2,27.1795582,31.1817706,native_google,Google Maps,0.05,hospital,,likely,map_only_unverified,low,1,FALSE,1,Google Maps,Google Maps,"55HJ+RPC, Youlio Farouk Sbekn 26, Al Hamraa Ath Thaneyah, Asyut 2, Assiut Governorate 2073021, Egypt",FALSE,088 2334022,088 2334022,landline,TRUE,TRUE,scraped_unverified
NEW0806,مستشفى صحة اسيوط,مستشفي صحة اسيوط,,ar,FALSE,Assiut,Asyut 1,27.1751175,31.187816299999998,native_google,Google Maps,0.05,hospital,,unknown,map_only_unverified,low,1,FALSE,1,Google Maps,Google Maps,"الحمراء الثانية، قسم ثان أسيوط،، 55GQ+24W, Al Hamraa Ath Thaneyah, Asyut 1, Assiut Governorate 2072047, Egypt",FALSE,,,,FALSE,TRUE,scraped_unverified
NEW0807,OneHealth - Assiut Medical Center,onehealth - assiut medical center,,en,FALSE,Assiut,Asyut 2,27.184458199999998,31.1860133,native_google,Google Maps,0.05,medical_center,,unknown,map_only_unverified,low,1,FALSE,1,Google Maps,Google Maps,"Saraya Al Hamd Tower, El-Gomhoreya, St, Asyut 2, Assiut Governorate 2090250, Egypt",FALSE,,,,FALSE,TRUE,scraped_unverified
NEW0808,Children University Hospital - Assiut University...,children university hospital - assiut university...,,en,FALSE,Assiut,Asyut 1,27.1860152,31.164403499999995,native_google,Google Maps,0.05,hospital,,unknown,map_only_unverified,low,1,FALSE,1,Google Maps,Google Maps,"55P7+CQ2, Besery Way, Al Walideyah Al Qebleyah, Asyut 1, Assiut Governorate 2074020, Egypt",FALSE,088 2348764,088 2348764,landline,TRUE,TRUE,scraped_unverified
NEW0809,مستشفى شهوان,مستشفي شهوان,,ar,FALSE,Assiut,El Fateh,27.1779306,31.1847823,native_google,Google Maps,0.05,hospital,,unknown,map_only_unverified,low,1,FALSE,1,Google Maps,Google Maps,"55HM+5WF, Al Hamraa Ath Thaneyah, El Fateh, Assiut Governorate 2073013, Egypt",FALSE,,,,FALSE,TRUE,scraped_unverified
NEW0810,South Egypt Cancer Institute - Assiut University,south egypt cancer institute - assiut university,,en,FALSE,Assiut,Asyut 1,27.181509,31.1774124,native_google,Google Maps,0.05,medical_clinic,,unknown,map_only_unverified,low,1,FALSE,1,Google Maps,Google Maps,"55JG+JX3, Al Methaq Street, Ash Sheyakhah as Sabeah, Asyut 1, Assiut Governorate 71111, Egypt",FALSE,088 2086026,088 2086026,landline,TRUE,TRUE,scraped_unverified
NEW0811,مستشفى الدكتور / عصام الشريف لجراحات العظام المتخصصة,مستشفي الدكتور / عصام الشريف لجراحات العظام المتخصصة,,ar,FALSE,Assiut,Asyut 1,27.1806418,31.187130399999997,native_google,Google Maps,0.05,hospital,,unknown,map_only_unverified,low,1,FALSE,1,Google Maps,Google Maps,"الحمراء الأولى، قسم ثان أسيوط، Al Hamraa Al Oula, Asyut 1, Assiut Governorate 2073065, Egypt",FALSE,010 07735877,010 07735877,mobile,TRUE,TRUE,scraped_unverified
NEW0812,Al Orman Association,al orman association,,en,FALSE,Assiut,Asyut 1,27.1783117,31.1859257,native_google,Google Maps,0.05,hospital,,unknown,map_only_unverified,low,1,FALSE,1,Google Maps,Google Maps,"Al Hamraa Ath Thaneyah, Asyut 1, Assiut Governorate 2073013, Egypt",FALSE,088 2146959,088 2146959,landline,TRUE,TRUE,scraped_unverified
NEW0813,مستشفى الحميات - العيادات الخارجية,مستشفي الحميات - العيادات الخارجية,,ar,FALSE,Assiut,قسم أول أسيوط,27.175069099999998,31.187901,native_google,Google Maps,0.05,hospital,,unknown,map_only_unverified,low,1,FALSE,1,Google Maps,Google Maps,"الحمراء الثانية، قسم ثان أسيوط،،, 55GQ+25C، الحمراء الثانية، قسم أول أسيوط، محافظة أسيوط 2072047, Egypt",FALSE,,,,FALSE,TRUE,scraped_unverified
NEW0814,Tumor Hospital in Assiut,tumor hospital in assiut,,en,FALSE,Assiut,Asyut 1,27.1814975,31.177273099999997,native_google,Google Maps,0.05,medical_clinic,,unknown,map_only_unverified,low,1,FALSE,1,Google Maps,Google Maps,"55JG+HWR, El-Gaish, Ash Sheyakhah as Sabeah, Asyut 1, Assiut Governorate 2072306, Egypt",FALSE,088 2332016,088 2332016,landline,TRUE,TRUE,scraped_unverified
NEW0815,"مستشفى الجلدية والجذام, الحمراء الثانية, مركز الفتح, أسيوط","مستشفي الجلدية والجذام, الحمراء الثانية, مركز الفتح, اسيوط",,ar,FALSE,Assiut,El Fateh,27.1746804,31.189204699999998,native_google,Google Maps,0.05,hospital,,unknown,map_only_unverified,low,1,FALSE,1,Google Maps,Google Maps,"55FQ+VMG, Gisr Al Soltan, Al Hamraa Ath Thaneyah, El Fateh, Assiut Governorate 2072047, Egypt",FALSE,,,,FALSE,TRUE,scraped_unverified
NEW0816,Assiut Regional Blood Transfusion Center المركز الإقليمي لنقل الدم فرع أسيوط,Assiut Regional Blood Transfusion Center المركز الاقليمي لنقل الدم فرع اسيوط,,ar,FALSE,Assiut,قسم أول أسيوط,27.1794275,31.1817719,native_google,Google Maps,0.05,health,,unknown,map_only_unverified,low,1,FALSE,1,Google Maps,Google Maps,"55HJ+QPC, Ring Rd, الحمراء الثانية، قسم أول أسيوط، محافظة أسيوط 2073021, Egypt",FALSE,088 2370016,088 2370016,landline,TRUE,TRUE,scraped_unverified
NEW0817,El Hayat Hospital,el hayat hospital,,en,FALSE,Assiut,اسيوط,30.143191599999998,31.314274700000002,native_google,Google Maps,0.05,hospital,,unknown,map_only_unverified,low,1,FALSE,1,Google Maps,Google Maps,"ش مكة المكرمة، اسيوط، Al-Qalyubia Governorate 6232201, Egypt",FALSE,088 2285301,088 2285301,landline,TRUE,TRUE,scraped_unverified
NEW0818,مستشفى الحنان,مستشفي الحنان,,ar,FALSE,Assiut,Asyut 1,27.1792017,31.184926800000003,native_google,Google Maps,0.05,hospital,,unknown,map_only_unverified,low,1,FALSE,1,Google Maps,Google Maps,"أحمد عبد الله، الحمراء الثانية، قسم ثان أسيوط،، 55HM+MXM, Al Hamraa Ath Thaneyah, Asyut 1, Assiut Governorate 2073023, Egypt",FALSE,088 2334662,088 2334662,landline,TRUE,TRUE,scraped_unverified
NEW0819,مركز إنجاب للنساء و التوليد,مركز انجاب للنساء و التوليد,,ar,FALSE,Assiut,Asyut 2,27.1772217,31.1884845,native_google,Google Maps,0.05,hospital,,likely,map_only_unverified,low,1,FALSE,1,Google Maps,Google Maps,"55GQ+V9Q, Imtedad Borai Raghib, Al Hamraa Ath Thaneyah, Asyut 2, Assiut Governorate 2073060, Egypt",FALSE,088 2370987,088 2370987,landline,TRUE,TRUE,scraped_unverified
NEW0820,Alhekma Hospital,alhekma hospital,,en,FALSE,Assiut,El Fateh,27.180177399999998,31.187529200000004,native_google,Google Maps,0.05,hospital,,unknown,map_only_unverified,low,1,FALSE,1,Google Maps,Google Maps,"55JQ+32C, Yousry Raghib Rd, Al Hamraa Ath Thaneyah, El Fateh, Assiut Governorate 2073065, Egypt",FALSE,,,,FALSE,TRUE,scraped_unverified
NEW0821,دكتور محمد عبد المعطى مخ واعصاب أطفال و الطب النف,دكتور محمد عبد المعطي مخ واعصاب اطفال و الطب النف,,ar,FALSE,Assiut,Asyut 1,27.180076399999997,31.186027199999998,native_google,Google Maps,0.05,hospital,,unknown,map_only_unverified,low,1,FALSE,1,Google Maps,Google Maps,"امام بنك فيصل الاسلامي قصر نابولى, Yousry Raghib Rd, امتداد, Asyut 1, Assiut Governorate 2073026, Egypt",FALSE,010 01683963,010 01683963,mobile,TRUE,TRUE,scraped_unverified
NEW0822,Endemic Diseases Hospital,endemic diseases hospital,,en,FALSE,Assiut,Asyut 1,27.1750297,31.187699100000003,native_google,Google Maps,0.05,hospital,,unknown,map_only_unverified,low,1,FALSE,1,Google Maps,Google Maps,"55GQ+238, Al Hamraa Ath Thaneyah, Asyut 1, Assiut Governorate 2072047, Egypt",FALSE,,,,FALSE,TRUE,scraped_unverified
NEW0823,Prof Mohamed M Kotb clinic,prof mohamed m kotb clinic,,en,FALSE,Assiut,El Fateh,27.180226599999997,31.187520799999998,native_google,Google Maps,0.05,hospital,,unknown,map_only_unverified,low,1,FALSE,1,Google Maps,Google Maps,"55JQ+32R, Al Hamraa Ath Thaneyah, El Fateh, Assiut Governorate 2073065, Egypt",FALSE,088 2330500,088 2330500,landline,TRUE,TRUE,scraped_unverified
NEW0824,مركز الدكتور محمد بخيت لطب الاسنان,مركز الدكتور محمد بخيت لطب الاسنان,,ar,FALSE,Assiut,El Fateh,27.179028799999998,31.190042000000002,native_google,Google Maps,0.05,hospital,,unknown,map_only_unverified,low,1,FALSE,1,Google Maps,Google Maps,"El-Haramein, Al Hamraa Ath Thaneyah, El Fateh, Assiut Governorate 2090120, Egypt",FALSE,010 27921392,010 27921392,mobile,TRUE,TRUE,scraped_unverified
NEW0825,مجمع عيادات الصفوة التخصصية,مجمع عيادات الصفوة التخصصية,,ar,FALSE,Assiut,Asyut 1,27.1776737,31.183207499999998,native_google,Google Maps,0.05,medical_clinic,,unknown,map_only_unverified,low,1,FALSE,1,Google Maps,Google Maps,"ميدنة الصفوة الطبية أما مستشفى الشاملة - الميدوب، Al Hamraa Ath Thaneyah, Asyut 1, Assiut Governorate 71511, Egypt",FALSE,010 06502436,010 06502436,mobile,TRUE,TRUE,scraped_unverified
NEW0826,سحر محمد سلطان,سحر محمد سلطان,,ar,FALSE,Assiut,Asyut 1,27.1783117,31.1859257,native_google,Google Maps,0.05,hospital,,unknown,map_only_unverified,low,1,FALSE,1,Google Maps,Google Maps,"أسيوط ابراج القضاء عند، هارون الرشيد، Al Hamraa Ath Thaneyah, Asyut 1, Assiut Governorate 2073013, Egypt",FALSE,010 44995232,010 44995232,mobile,TRUE,TRUE,scraped_unverified
NEW0827,م ملوي,م ملوي,,ar,FALSE,Assiut,Asyut 1,27.1805468,31.1878173,native_google,Google Maps,0.05,hospital,,unknown,map_only_unverified,low,1,FALSE,1,Google Maps,Google Maps,"55JQ+638, Al Hamraa Al Oula, Asyut 1, Assiut Governorate 2073066, Egypt",FALSE,,,,FALSE,TRUE,scraped_unverified
NEW0828,Assiut University,assiut university,,en,FALSE,Assiut,El Fateh,27.1874915,31.170292399999997,native_google,Google Maps,0.05,university,,unknown,map_only_unverified,low,1,FALSE,1,Google Maps,Google Maps,"55PC+X4V، شارع المكتبات، El Fateh, Assiut Governorate 71515, Egypt",FALSE,011 13376317,011 13376317,mobile,TRUE,TRUE,scraped_unverified
NEW0829,عيادة دكتور عمر عرفات صادق إستشاري جراحة القلب والصدر,عيادة دكتور عمر عرفات صادق استشاري جراحة القلب والصدر,,ar,FALSE,Assiut,Asyut 1,27.177841299999997,31.184031999999995,native_google,Google Maps,0.05,medical_clinic,,unknown,map_only_unverified,low,1,FALSE,1,Google Maps,Google Maps,"بجوار مستشفى الشاملة, شارع 23 يوليو، Al Hamraa Ath Thaneyah, Asyut 1, Assiut Governorate 2073013, Egypt",FALSE,010 13141529,010 13141529,mobile,TRUE,TRUE,scraped_unverified
NEW0830,مركز النيل لجراحات المخ والأعصاب والعمود الفقري,مركز النيل لجراحات المخ والاعصاب والعمود الفقري,,ar,FALSE,Assiut,قسم أول أسيوط,27.1758147,31.1839598,native_google,Google Maps,0.05,medical_center,,unknown,map_only_unverified,low,1,FALSE,1,Google Maps,Google Maps,"شارع سعد زغلول برج السعد أما مسجد نور الهدى منطقة الشيخ, علي عبد الديم, الحمراء الثانية، قسم أول أسيوط، محافظة أسيوط 71111, Egypt",FALSE,011 22308060,011 22308060,mobile,TRUE,TRUE,scraped_unverified
NEW0831,برج ابن سينا,برج ابن سينا,,ar,FALSE,Assiut,Asyut 1,27.1779512,31.184366800000003,native_google,Google Maps,0.05,medical_clinic,,unknown,map_only_unverified,low,1,FALSE,1,Google Maps,Google Maps,"الحمراء الثانية، قسم ثان أسيوط،، 55HM+5PQ, Al Hamraa Ath Thaneyah, Asyut 1, Assiut Governorate 2073013, Egypt",FALSE,010 93881684,010 93881684,mobile,TRUE,TRUE,scraped_unverified
NEW0832,دكتور اميره,دكتور اميره,,ar,FALSE,Assiut,Asyut 1,27.1781611,31.1840916,native_google,Google Maps,0.05,hospital,,unknown,map_only_unverified,low,1,FALSE,1,Google Maps,Google Maps,"يوليو 23، الحمراء الثانية، قسم ثان أسيوط،، الحمراء الثانية، قسم أول أسيوط، أسيوط،، Al Hamraa Ath Thaneyah, Asyut 1, Assiut Governorate 2073020, Egypt",FALSE,,,,FALSE,TRUE,scraped_unverified
NEW0833,Faculty of Medicine - Assiut University,faculty of medicine - assiut university,,en,FALSE,Assiut,Asyut 1,27.187357,31.167375000000003,native_google,Google Maps,0.05,educational_institution,,unknown,map_only_unverified,low,1,FALSE,1,Google Maps,Google Maps,"شارع الشهيد اللواء أحمد كامل طريق، القصر، Kornish Al Ibrahimeya, Al Walideyah Al Qebleyah, Asyut 1, Assiut Governorate 2074020, Egypt",FALSE,088 2411900,088 2411900,landline,TRUE,TRUE,scraped_unverified
NEW0834,عيادة اسيوط,عيادة اسيوط,,ar,FALSE,Assiut,El Fateh,27.181060499999997,31.1847387,native_google,Google Maps,0.05,hospital,,unknown,map_only_unverified,low,1,FALSE,1,Google Maps,Google Maps,"55JM+CVH, Al Hamraa Ath Thaneyah, El Fateh, Assiut Governorate 2073028, Egypt",FALSE,,,,FALSE,TRUE,scraped_unverified
NEW0835,مركز زينة الحياة للحقن المجهري و أطفال الأنابيب و النساء و التوليد,مركز زينة الحياة للحقن المجهري و اطفال الانابيب و النساء و التوليد,,ar,FALSE,Assiut,Asyut 1,27.1805602,31.1868823,native_google,Google Maps,0.05,doctor,,likely,map_only_unverified,low,1,FALSE,1,Google Maps,Google Maps,"شارع بين الجناين، Al Hamraa Ath Thaneyah, Asyut 1, Assiut Governorate 71111, Egypt",FALSE,010 32127251,010 32127251,mobile,TRUE,TRUE,scraped_unverified
NEW0836,CardioThoracic Surgery Center مركز الاستاذ الدكتور / حسام علم الدين لجراحات القلب و الصدر و المناظير,CardioThoracic Surgery Center مركز الاستاذ الدكتور / حسام علم الدين لجراحات القلب و الصدر و المناظير,,ar,FALSE,Assiut,Asyut 1,27.177771699999997,31.183252299999996,native_google,Google Maps,0.05,hospital,,unknown,map_only_unverified,low,1,FALSE,1,Google Maps,Google Maps,"مركز الصفوه للمناظير ، امام مستشفى الشامله ، ميدان الميدوب, شارع 23 يوليو، Al Hamraa Ath Thaneyah, Asyut 1, Assiut Governorate 71122, Egypt",FALSE,010 13644067,010 13644067,mobile,TRUE,TRUE,scraped_unverified
NEW0837,معامل دار الطب للتحاليل الطبيه فرع خالد بن الوليد برج أ,معامل دار الطب للتحاليل الطبيه فرع خالد بن الوليد برج ا,,ar,FALSE,Assiut,Asyut 1,27.1805755,31.1874832,native_google,Google Maps,0.05,medical_center,,unknown,map_only_unverified,low,1,FALSE,1,Google Maps,Google Maps,"برج، امام محطة القطار، مدخل ا، Khaled Ibn Al Walid, Al Hamraa Al Oula, Asyut 1, Assiut Governorate 2073065, Egypt",FALSE,,,,FALSE,TRUE,scraped_unverified
NEW0838,Elsamalouty Medical Company,elsamalouty medical company,,en,FALSE,Assiut,قسم أول أسيوط,27.179118199999998,31.1878665,native_google,Google Maps,0.05,medical_center,,unknown,map_only_unverified,low,1,FALSE,1,Google Maps,Google Maps,"أسيوط ، ميدان المحطة برج الشيماء الدور الاول, علوي, الحمراء الثانية، قسم أول أسيوط، محافظة أسيوط 2073064, Egypt",FALSE,088 2332019,088 2332019,landline,TRUE,TRUE,scraped_unverified
NEW0839,عيادة سيدى جلال للطلاب التأمين الصحي,عيادة سيدي جلال للطلاب التامين الصحي,,ar,FALSE,Assiut,Asyut 1,27.1812854,31.186749600000002,native_google,Google Maps,0.05,medical_clinic,,unknown,map_only_unverified,low,1,FALSE,1,Google Maps,Google Maps,"55JP+GMM, Al Hamraa Ath Thaneyah, Asyut 1, Assiut Governorate 2073067, Egypt",FALSE,,,,FALSE,TRUE,scraped_unverified
NEW0840,مركز طب الأسرة الحضري بالحمراء,مركز طب الاسرة الحضري بالحمراء,,ar,FALSE,Assiut,Asyut 2,27.1788734,31.190776600000003,native_google,Google Maps,0.05,medical_center,,unknown,map_only_unverified,low,1,FALSE,1,Google Maps,Google Maps,"55HR+HJ3, Al Hamraa Ath Thaneyah, Asyut 2, Assiut Governorate 2090130, Egypt",FALSE,,,,FALSE,TRUE,scraped_unverified
NEW0841,مستشفي,مستشفي,,ar,TRUE,Assiut,Asyut 1,27.1783117,31.1859257,native_google,Google Maps,0.05,doctor,,unknown,map_only_unverified,low,1,FALSE,1,Google Maps,Google Maps,"55HP+89F, Al Hamraa Ath Thaneyah, Asyut 1, Assiut Governorate 2073013, Egypt",FALSE,,,,FALSE,TRUE,scraped_unverified
NEW0842,مستشفى أسيوط الوطني,مستشفي اسيوط الوطني,,ar,FALSE,Assiut,Asyut 2,27.1924355,31.1843066,native_google,Google Maps,0.05,hospital,,unknown,map_only_unverified,low,1,FALSE,1,Google Maps,Google Maps,"معهد الفتيات الأزهري، الوليدية القبلية، قسم ثان أسيوط، أسيوط،، Al Walideyah Al Qebleyah, Asyut 2, Assiut Governorate 71111, Egypt",FALSE,088 2059970,088 2059970,landline,TRUE,TRUE,scraped_unverified
NEW0843,Al-Azhar University Hospital,al-azhar university hospital,,en,FALSE,Assiut,Asyut 2,27.2037944,31.1640417,native_google,Google Maps,0.05,hospital,,unknown,map_only_unverified,low,1,FALSE,1,Google Maps,Google Maps,"6537+GJ7, Al Walideyah Al Bahreyah, Asyut 2, Assiut Governorate 2091110, Egypt",FALSE,,,,FALSE,TRUE,scraped_unverified
NEW0844,Shalaby Hospital,shalaby hospital,,en,FALSE,Assiut,Asyut 2,27.1889376,31.180985600000003,native_google,Google Maps,0.05,hospital,,unknown,map_only_unverified,low,1,FALSE,1,Google Maps,Google Maps,"Gamal Abd El-Nasir, Al Walideyah Al Qebleyah, Asyut 2, Assiut Governorate 2090330, Egypt",FALSE,,,,FALSE,TRUE,scraped_unverified
NEW0845,"Clinics University Hospital, Al-Azhar University, Assiut","clinics university hospital, al-azhar university, assiut",,en,FALSE,Assiut,Asyut 2,27.199969099999997,31.171413899999997,native_google,Google Maps,0.05,hospital,,unknown,map_only_unverified,low,1,FALSE,1,Google Maps,Google Maps,"Al Walideyah Al Westaneyah, Asyut 2, Assiut Governorate 2091110, Egypt",FALSE,,,,FALSE,TRUE,scraped_unverified
NEW0846,Elwan Central Hospital,elwan central hospital,,en,FALSE,Assiut,Asyut,27.1964217,31.1057686,native_google,Google Maps,0.05,hospital,,unknown,map_only_unverified,low,1,FALSE,1,Google Maps,Google Maps,"54W4+H86، طريق اسيوط القاهرة السريع، Manqabad, Asyut, Assiut Governorate 2081112, Egypt",FALSE,088 2270001,088 2270001,landline,TRUE,TRUE,scraped_unverified
NEW0847,El Reda Hospital,el reda hospital,,en,FALSE,Assiut,Asyut,27.18817,31.179875000000003,native_google,Google Maps,0.05,hospital,,unknown,map_only_unverified,low,1,FALSE,1,Google Maps,Google Maps,"55QH+7X6, El-Galaa, حى شرق، Asyut, Assiut Governorate 2090311, Egypt",FALSE,088 2329522,088 2329522,landline,TRUE,TRUE,scraped_unverified
NEW0848,Urology and Kidney Surgery University Hospital,urology and kidney surgery university hospital,,en,FALSE,Assiut,Asyut 1,27.1861014,31.167631899999996,native_google,Google Maps,0.05,hospital,,unknown,map_only_unverified,low,1,FALSE,1,Google Maps,Google Maps,"المستشفيات الجامعية ، جامعة أسيوط، قسم ثان أسيوط،، 55P9+C3R, Al Walideyah Al Qebleyah, Asyut 1, Assiut Governorate 2074020, Egypt",FALSE,,,,FALSE,TRUE,scraped_unverified
NEW0849,مستشفى أبنوب العام,مستشفي ابنوب العام,,ar,FALSE,Assiut,Abnub,27.2646658,31.1558358,native_google,Google Maps,0.05,hospital,,unknown,map_only_unverified,low,1,FALSE,1,Google Maps,Google Maps,"7574+V88، Unnamed Road، Abnub, Assiut Governorate 2251532, Egypt",FALSE,,,,FALSE,TRUE,scraped_unverified
NEW0850,عيادات القصر Kasr Clinics,عيادات القصر Kasr Clinics,,ar,FALSE,Assiut,Abnub,27.2658576,31.157870600000003,native_google,Google Maps,0.05,medical_clinic,,unknown,map_only_unverified,low,1,FALSE,1,Google Maps,Google Maps,"Abnub, Assiut Governorate 71111, Egypt",FALSE,010 10903770,010 10903770,mobile,TRUE,TRUE,scraped_unverified
NEW0851,مستشفي روفان,مستشفي روفان,,ar,FALSE,Assiut,El Fateh,27.1822091,31.219054999999997,native_google,Google Maps,0.05,hospital,,unknown,map_only_unverified,low,1,FALSE,1,Google Maps,Google Maps,"Al Wasti, El Fateh, Assiut Governorate 2232121, Egypt",FALSE,088 2743570,088 2743570,landline,TRUE,TRUE,scraped_unverified
NEW0852,مستشفى الرحاب التخصصى,مستشفي الرحاب التخصصي,,ar,FALSE,Assiut,Asyut 2,27.1966394,31.1751249,native_google,Google Maps,0.05,hospital,,unknown,map_only_unverified,low,1,FALSE,1,Google Maps,Google Maps,"Al Ibrahimeya, Al Walideyah Al Westaneyah, Asyut 2, Assiut Governorate 2091002, Egypt",FALSE,088 2148426,088 2148426,landline,TRUE,TRUE,scraped_unverified
NEW0853,مستشفى الرحاب التخصصى 2,مستشفي الرحاب التخصصي 2,,ar,FALSE,Assiut,Asyut 1,27.1811755,31.168843099999997,native_google,Google Maps,0.05,hospital,,unknown,map_only_unverified,low,1,FALSE,1,Google Maps,Google Maps,"البيسرى بعد قسم المطافى، Al Walideyah Al Qebleyah, Asyut 1, Assiut Governorate 2072350, Egypt",FALSE,010 99941905,010 99941905,mobile,TRUE,TRUE,scraped_unverified
NEW0854,دكتور محمد علاء محمد / مدرس واستشاري جراحة العظام والكسور وجراحات اليد والجراحات الميكرسكوبية,دكتور محمد علاء محمد / مدرس واستشاري جراحة العظام والكسور وجراحات اليد والجراحات الميكرسكوبية,,ar,FALSE,Assiut,Abnub,27.266024299999998,31.157538099999996,native_google,Google Maps,0.05,medical_clinic,,unknown,map_only_unverified,low,1,FALSE,1,Google Maps,Google Maps,"قبلي البلد - أعلى بنك مصر، Abnub, Assiut Governorate 71717, Egypt",FALSE,011 49449797,011 49449797,mobile,TRUE,TRUE,scraped_unverified
NEW0855,مستشفى الرحاب 3 ، مركز قسطرة القلب,مستشفي الرحاب 3 ، مركز قسطرة القلب,,ar,FALSE,Assiut,El Fateh,27.183544899999998,31.179785299999995,native_google,Google Maps,0.05,hospital,,unknown,map_only_unverified,low,1,FALSE,1,Google Maps,Google Maps,"55MH+CW7، محمد على مكارم، Al Hamraa Ath Thaneyah, El Fateh, Assiut Governorate 2073113, Egypt",FALSE,,,,FALSE,TRUE,scraped_unverified
NEW0856,Dr. Heba adeeb clinic,dr. heba adeeb clinic,,en,FALSE,Assiut,Asyut 1,27.182867299999998,31.183251,native_google,Google Maps,0.05,doctor,,unknown,map_only_unverified,low,1,FALSE,1,Google Maps,Google Maps,"Youssry ragheb, Al Hamraa Ath Thaneyah, Asyut 1, Assiut Governorate 2073140, Egypt",FALSE,010 61222252,010 61222252,mobile,TRUE,TRUE,scraped_unverified
NEW0857,عيادة دكتور اندرو يعقوب للنساء و التوليد,عيادة دكتور اندرو يعقوب للنساء و التوليد,,ar,FALSE,Assiut,Asyut 2,27.187371,31.180265100000003,native_google,Google Maps,0.05,doctor,,likely,map_only_unverified,low,1,FALSE,1,Google Maps,Google Maps,"55PJ+W4R, Al Walideyah Al Qebleyah, Asyut 2, Assiut Governorate 2074020, Egypt",FALSE,010 97519152,010 97519152,mobile,TRUE,TRUE,scraped_unverified
NEW0858,مركز بنون,مركز بنون,,ar,FALSE,Assiut,El Fateh,27.1903902,31.1831551,native_google,Google Maps,0.05,doctor,,unknown,map_only_unverified,low,1,FALSE,1,Google Maps,Google Maps,"Al Hamraa Ath Thaneyah, El Fateh, Assiut Governorate 2090371, Egypt",FALSE,010 00181928,010 00181928,mobile,TRUE,TRUE,scraped_unverified
NEW0859,مستشفى أبنوب المركزي بالمسح,مستشفي ابنوب المركزي بالمسح,,ar,FALSE,Assiut,Abnub,27.2813695,31.142117799999998,native_google,Google Maps,0.05,government_office,,unknown,map_only_unverified,low,1,FALSE,1,Google Maps,Google Maps,"74JR+GRX, Abnub, Assiut Governorate 2251872, Egypt",FALSE,,,,FALSE,TRUE,scraped_unverified
NEW0860,Abo-Teeg Model Hospital,abo-teeg model hospital,,en,FALSE,Assiut,Abu Tig,27.0533778,31.315438,native_google,Google Maps,0.05,hospital,,unknown,map_only_unverified,low,1,FALSE,1,Google Maps,Google Maps,"Abu Tig, Assiut Governorate 2043046, Egypt",FALSE,,,,FALSE,TRUE,scraped_unverified
NEW0861,مستشفى واحة الشفاء التخصصى,مستشفي واحة الشفاء التخصصي,,ar,FALSE,Assiut,Abu Tig,27.0491076,31.3177918,native_google,Google Maps,0.05,hospital,,unknown,map_only_unverified,low,1,FALSE,1,Google Maps,Google Maps,"28X9+J4V, El-Mosheer Ahmed Ismail, Abu Tig, Assiut Governorate 2043050, Egypt",FALSE,,,,FALSE,TRUE,scraped_unverified
NEW0862,Sahel Selim Central Hospital,sahel selim central hospital,,en,FALSE,Assiut,Sahel Selim,27.0642489,31.350460799999997,native_google,Google Maps,0.05,hospital,,unknown,map_only_unverified,low,1,FALSE,1,Google Maps,Google Maps,"ش 23 يوليو, Sahel Selim, Assiut Governorate 2222141, Egypt",FALSE,088 2630777,088 2630777,landline,TRUE,TRUE,scraped_unverified
NEW0863,مستشفى ابوخرص العام,مستشفي ابوخرص العام,,ar,FALSE,Assiut,Abu Tig,27.0016882,31.250639099999994,native_google,Google Maps,0.05,hospital,,unknown,map_only_unverified,low,1,FALSE,1,Google Maps,Google Maps,"2722+M7C, Abu Khars, Abu Tig, Assiut Governorate 2050062, Egypt",FALSE,,,,FALSE,TRUE,scraped_unverified
NEW0864,مستشفى مجمع الهلال الطبي,مستشفي مجمع الهلال الطبي,,ar,FALSE,Assiut,Sahel Selim,27.065281,31.342965099999994,native_google,Google Maps,0.05,hospital,,unknown,map_only_unverified,low,1,FALSE,1,Google Maps,Google Maps,"388V+458, Sahel Selim, Assiut Governorate 2221164, Egypt",FALSE,,,,FALSE,TRUE,scraped_unverified
NEW0865,ALGHANIM-ASUTE,alghanim-asute,,en,FALSE,Assiut,Abu Tig,27.053333,31.315311,native_google,Google Maps,0.05,hospital,,unknown,map_only_unverified,low,1,FALSE,1,Google Maps,Google Maps,"3838+46R, Abu Tig, Assiut Governorate 2043046, Egypt",FALSE,,,,FALSE,TRUE,scraped_unverified
NEW0866,الوحده الصحيه بالمسعودي,الوحده الصحيه بالمسعودي,,ar,FALSE,Assiut,أبو تيج,27.0196713,31.300445699999994,native_google,Google Maps,0.05,hospital,,unknown,map_only_unverified,low,1,FALSE,1,Google Maps,Google Maps,"2892+V58 مركز, Hafez Masoudi, المسعودي، أبو تيج، محافظة أسيوط 2051350, Egypt",FALSE,,,,FALSE,TRUE,scraped_unverified
NEW0867,معــمل الأمــــل للتحـاليــل الطـبـيـة,معــمل الامــــل للتحـاليــل الطـبـيـة,,ar,FALSE,Assiut,Abu Tig,27.048521299999997,31.3178362,native_google,Google Maps,0.05,hospital,,unknown,map_only_unverified,low,1,FALSE,1,Google Maps,Google Maps,"أسيوط - أبو تيج، مركز أبو تيج - ميدان أبوسعيدة بــجوار إسكندرية، 28X9+C44، ماركت، Abu Tig, Assiut Governorate 2043032, Egypt",FALSE,010 91912517,010 91912517,mobile,TRUE,TRUE,scraped_unverified
NEW0868,D Hani Abo Alam,d hani abo alam,,en,FALSE,Assiut,Abu Tig,27.0521574,31.3164458,native_google,Google Maps,0.05,hospital,,unknown,map_only_unverified,low,1,FALSE,1,Google Maps,Google Maps,"3828+VH8, Abu Tig, Assiut Governorate 2043043, Egypt",FALSE,011 27972044,011 27972044,mobile,TRUE,TRUE,scraped_unverified
NEW0869,Mostfa younis,mostfa younis,,en,FALSE,Assiut,أبو تيج,27.0475453,31.317304099999998,native_google,Google Maps,0.05,hospital,,unknown,map_only_unverified,low,1,FALSE,1,Google Maps,Google Maps,"Elmotrania, 28X8+2W7, street..abo teej،, أبو تيج، محافظة أسيوط 2041432, Egypt",FALSE,,,,FALSE,TRUE,scraped_unverified
NEW0870,مستشفى دار الشفا,مستشفي دار الشفا,,ar,FALSE,Assiut,Abu Tig,27.0421834,31.3207071,native_google,Google Maps,0.05,hostel,,unknown,map_only_unverified,low,1,FALSE,1,Google Maps,Google Maps,"28RC+V7G, Abu Tig, Assiut Governorate 2041228, Egypt",FALSE,,,,FALSE,TRUE,scraped_unverified
NEW0871,الوحدة البيطرية بابوتيج,الوحدة البيطرية بابوتيج,,ar,FALSE,Assiut,Abu Tig,27.0556092,31.3148417,native_google,Google Maps,0.05,hospital,,unknown,map_only_unverified,low,1,FALSE,1,Google Maps,Google Maps,"مركز, Abu Tig, Assiut Governorate 2043065, Egypt",FALSE,,,,FALSE,TRUE,scraped_unverified
NEW0872,مركز اجنه لأمراض النساء والتوليد لصاحبه د.عمرو مصطفي صالحين,مركز اجنه لامراض النساء والتوليد لصاحبه د.عمرو مصطفي صالحين,,ar,FALSE,Assiut,Abu Tig,27.04158,31.320535900000003,native_google,Google Maps,0.05,medical_center,,likely,map_only_unverified,low,1,FALSE,1,Google Maps,Google Maps,"ميدان الفرغل أمام الاداره الصحيه، برج اسلام الشناوي اعلي فرع وي، Abu Tig, Assiut Governorate 71511, Egypt",FALSE,011 42264727,011 42264727,mobile,TRUE,TRUE,scraped_unverified
NEW0873,el3defy clinic Abuteeg,el3defy clinic abuteeg,,en,FALSE,Assiut,Abu Tig,27.046526,31.319242899999995,native_google,Google Maps,0.05,medical_center,,unknown,map_only_unverified,low,1,FALSE,1,Google Maps,Google Maps,"28W9+JM9, Abou Haggag, Abu Tig, Assiut Governorate 2041442, Egypt",FALSE,,,,FALSE,TRUE,scraped_unverified
NEW0874,Abou Tesht Central Hospital,abou tesht central hospital,,en,FALSE,Assiut,قنا,26.125754399999998,32.101434499999996,native_google,Google Maps,0.05,hospital,,unknown,map_only_unverified,low,1,FALSE,1,Google Maps,Google Maps,"44G2+8H3، ش المستشفي، Qoseir Bakhanes, قنا، Qena Governorate 1584662, Egypt",FALSE,096 6710605,096 6710605,landline,TRUE,TRUE,scraped_unverified
NEW0875,الوحدة الصحية ابو خارص,الوحدة الصحية ابو خارص,,ar,FALSE,Assiut,Abu Tig,27.001679499999998,31.250545300000002,native_google,Google Maps,0.05,hospital,,unknown,map_only_unverified,low,1,FALSE,1,Google Maps,Google Maps,"2722+M6F، Unnamed Road، Abu Khars, Abu Tig, Assiut Governorate 2050062, Egypt",FALSE,,,,FALSE,TRUE,scraped_unverified
NEW0876,وحدة طب اسرة ابوسمبل السياحي,وحدة طب اسرة ابوسمبل السياحي,,ar,FALSE,Assiut,قسم الواحات الخارجة,22.346008599999998,31.6156242,native_google,Google Maps,0.05,hospital,,unknown,map_only_unverified,low,1,FALSE,1,Google Maps,Google Maps,"8JW8+C65, قسم الواحات الخارجة, Aswan Governorate 1211520, Egypt",FALSE,,,,FALSE,TRUE,scraped_unverified
NEW0877,الوحده الصحيه بكوم اسفحت,الوحده الصحيه بكوم اسفحت,,ar,FALSE,Assiut,Sodfa,26.9377192,31.3312093,native_google,Google Maps,0.05,general_hospital,,unknown,map_only_unverified,low,1,FALSE,1,Google Maps,Google Maps,"W8QJ+3FP, Kom Asfahat, Sodfa, Assiut Governorate 2030433, Egypt",FALSE,,,,FALSE,TRUE,scraped_unverified
NEW0878,عيادة د/ أماني علي لأمراض النساء والتوليد,عيادة د/ اماني علي لامراض النساء والتوليد,,ar,FALSE,Assiut,أبو تيج,27.052975999999997,31.3159167,native_google,Google Maps,0.05,medical_clinic,,likely,map_only_unverified,low,1,FALSE,1,Google Maps,Google Maps,"ش الجلاء بجوار مستشفى أبوتيج المركزي ابوتيج, أبو تيج، محافظة أسيوط 2043045, Egypt",FALSE,011 55500202,011 55500202,mobile,TRUE,TRUE,scraped_unverified
NEW0879,مستشفى مجد الاسلام,مستشفي مجد الاسلام,,ar,FALSE,Assiut,El Sahel,30.1027387,31.255121499999998,native_google,Google Maps,0.05,hospital,,unknown,map_only_unverified,low,1,FALSE,1,Google Maps,Google Maps,"4734+32X, Emtedad Ahmed Helmi, Menyat as Serg, El Sahel, Cairo Governorate 4354156, Egypt",FALSE,02 24304346,02 24304346,landline,TRUE,TRUE,scraped_unverified
NEW0880,SAFA MEDI HUB - SEASHELL صفا ميدي هاب - سي شل,SAFA MEDI HUB - SEASHELL صفا ميدي هاب - سي شل,,ar,FALSE,Assiut,El Alamein,30.9880508,28.693417000000004,native_google,Google Maps,0.05,hospital,,unknown,map_only_unverified,low,1,FALSE,1,Google Maps,Google Maps,"أمام قرية سي شل بالساحل الشمالى الساحل الشمالي, El Alamein, Marsa Matrouh Governorate 5062114, Egypt",FALSE,010 19999571,010 19999571,mobile,TRUE,TRUE,scraped_unverified
NEW0881,Seashell Hospital,seashell hospital,,en,FALSE,Assiut,New Cairo 3,29.992158199999995,31.508904299999998,native_google,Google Maps,0.05,hospital,,unknown,map_only_unverified,low,1,FALSE,1,Google Maps,Google Maps,"St. South Investor's Section, Al-Andalus Square, New Cairo 3, Cairo Governorate 4717161, Egypt",FALSE,0219569,0219569,landline,TRUE,TRUE,scraped_unverified
NEW0882,Sahel General Hospital,sahel general hospital,,en,FALSE,Assiut,Beirut,33.8581376,35.503777899999996,native_google,Google Maps,0.05,general_hospital,,unknown,map_only_unverified,low,1,FALSE,1,Google Maps,Google Maps,Haret Hreik، VG53+7G2، Beirut، Lebanon,FALSE,01 858 333,01 858 333,landline,TRUE,TRUE,scraped_unverified
NEW0883,عيادات دار الصفا بساحل سليم,عيادات دار الصفا بساحل سليم,,ar,FALSE,Assiut,Sahel Selim,27.067443700000002,31.3456247,native_google,Google Maps,0.05,hospital,,unknown,map_only_unverified,low,1,FALSE,1,Google Maps,Google Maps,"388W+X6H, Nazlet Bakhoum, Sahel Selim, Assiut Governorate 2221205, Egypt",FALSE,,,,FALSE,TRUE,scraped_unverified
NEW0884,El Salam Hospital - Hurghada,el salam hospital - hurghada,,en,FALSE,Assiut,Hurghada,27.242331,33.8433054,native_google,Google Maps,0.05,hospital,,unknown,map_only_unverified,low,1,FALSE,1,Google Maps,Google Maps,"6RRV+W8M، طريق الكورنيش، سقالة، Hurghada, Red Sea Governorate 1966807, Egypt",FALSE,012 86070606,012 86070606,mobile,TRUE,TRUE,scraped_unverified
NEW0885,Oasis Clinics,oasis clinics,,en,FALSE,Assiut,Sidi Abd El Rahman,30.9542264,28.7717109,native_google,Google Maps,0.05,medical_clinic,,unknown,map_only_unverified,low,1,FALSE,1,Google Maps,Google Maps,"Diplomatic Village 3 (Diplo), Sidi Abd El Rahman, محافظة مطروح 51732, Egypt",FALSE,010 04000776,010 04000776,mobile,TRUE,TRUE,scraped_unverified
NEW0886,AMC Aseel Medical Care Hospital,amc aseel medical care hospital,,en,FALSE,Assiut,Hurghada 1,27.2055215,33.8395291,native_google,Google Maps,0.05,hospital,,unknown,map_only_unverified,low,1,FALSE,1,Google Maps,Google Maps,"9 El Kamar District، Elhadaba Rd, Hurghada 1, Red Sea Governorate 84511, Egypt",FALSE,011 11107006,011 11107006,mobile,TRUE,TRUE,scraped_unverified
NEW0887,Sahl Hasheesh Medical Centre,sahl hasheesh medical centre,,en,FALSE,Assiut,قسم أول الغردقة,27.0207519,33.8906664,native_google,Google Maps,0.05,medical_center,,unknown,map_only_unverified,low,1,FALSE,1,Google Maps,Google Maps,"Sahl Hasheesh Inside Tropitel, Hotel, قسم أول الغردقة، محافظة البحر الأحمر 84521, Egypt",FALSE,012 73044562,012 73044562,mobile,TRUE,TRUE,scraped_unverified
NEW0888,El Khazendara General Hospital,el khazendara general hospital,,en,FALSE,Assiut,El Sahel,30.0830245,31.246291,native_google,Google Maps,0.05,hospital,,unknown,map_only_unverified,low,1,FALSE,1,Google Maps,Google Maps,"Shieban, El Barad, El Sahel, Cairo Governorate 4352032, Egypt",FALSE,02 22023649,02 22023649,landline,TRUE,TRUE,scraped_unverified
NEW0889,El Salloum Central Hospital,el salloum central hospital,,en,FALSE,Assiut,Sallum,31.560928999999998,25.159453,native_google,Google Maps,0.05,hospital,,unknown,map_only_unverified,low,1,FALSE,1,Google Maps,Google Maps,"Sallum, Marsa Matrouh Governorate 5020164, Egypt",FALSE,046 4800020,046 4800020,landline,TRUE,TRUE,scraped_unverified
NEW0890,Salam medical center (SMC Egypt),salam medical center (smc egypt),,en,FALSE,Assiut,El Qanater El Khayreya,30.1961636,31.133601099999996,native_google,Google Maps,0.05,hospital,,unknown,map_only_unverified,low,1,FALSE,1,Google Maps,Google Maps,"54WM+FC9, Madinet Al Qanater Al Khayreyah, El Qanater El Khayreya, Al-Qalyubia Governorate 6404211, Egypt",FALSE,010 66678838,010 66678838,mobile,TRUE,TRUE,scraped_unverified
NEW0891,مستشفى دكتور محمد عبد القوي,مستشفي دكتور محمد عبد القوي,,ar,FALSE,Assiut,Dairut,27.555945,30.808493099999996,native_google,Google Maps,0.05,hospital,,unknown,map_only_unverified,low,1,FALSE,1,Google Maps,Google Maps,"HR45+99H, El-Moalemin, Dayrout El-Shareef, Dairut, Assiut Governorate 2151840, Egypt",FALSE,010 23204019,010 23204019,mobile,TRUE,TRUE,scraped_unverified
NEW0892,دكتور أحمد عبدالجواد,دكتور احمد عبدالجواد,,ar,FALSE,Assiut,Dairut,27.549806,30.804520600000004,native_google,Google Maps,0.05,hospital,,unknown,map_only_unverified,low,1,FALSE,1,Google Maps,Google Maps,"GRX3+WRC, Dayrout El-Shareef, Dairut, Assiut Governorate 2151760, Egypt",FALSE,011 14145455,011 14145455,mobile,TRUE,TRUE,scraped_unverified
NEW0893,Crescent Hospital,crescent hospital,,en,FALSE,Assiut,Dairut,27.550538799999998,30.8140252,native_google,Google Maps,0.05,hospital,,unknown,map_only_unverified,low,1,FALSE,1,Google Maps,Google Maps,"HR27+6J6, Dayrout El-Shareef, Dairut, Assiut Governorate 2157012, Egypt",FALSE,,,,FALSE,TRUE,scraped_unverified
NEW0894,مركز د / محمد رفعت العياط للجراحة,مركز د / محمد رفعت العياط للجراحة,,ar,FALSE,Assiut,Dairut,27.553569,30.813264900000004,native_google,Google Maps,0.05,hospital,,unknown,map_only_unverified,low,1,FALSE,1,Google Maps,Google Maps,"HR37+C8C, Dayrout El-Shareef, Dairut, Assiut Governorate 2157020, Egypt",FALSE,010 02575915,010 02575915,mobile,TRUE,TRUE,scraped_unverified
NEW0895,مستشفى السلام التخصصي,مستشفي السلام التخصصي,,ar,FALSE,Assiut,Dairut,27.559625999999998,30.809027,native_google,Google Maps,0.05,hospital,,unknown,map_only_unverified,low,1,FALSE,1,Google Maps,Google Maps,"Port Saeed, Dayrout El-Shareef, Dairut, Assiut Governorate 2153042, Egypt",FALSE,010 19420143,010 19420143,mobile,TRUE,TRUE,scraped_unverified
NEW0896,مجمع جوهرة النيل الطبية,مجمع جوهرة النيل الطبية,,ar,FALSE,Assiut,Dairut,27.556259299999997,30.8124987,native_google,Google Maps,0.05,hospital,,unknown,map_only_unverified,low,1,FALSE,1,Google Maps,Google Maps,"HR47+J33, Abou Khater, Dayrout El-Shareef, Dairut, Assiut Governorate 2157101, Egypt",FALSE,010 04053575,010 04053575,mobile,TRUE,TRUE,scraped_unverified
NEW0897,مستشفي التوحيد,مستشفي التوحيد,,ar,FALSE,Assiut,Dairut,27.5550888,30.810755,native_google,Google Maps,0.05,hospital,,unknown,map_only_unverified,low,1,FALSE,1,Google Maps,Google Maps,"Unnamed Road, مزينة، مركز ديروط، أسيوط،، Dayrout El-Shareef, Dairut, Assiut Governorate 2151843, Egypt",FALSE,,,,FALSE,TRUE,scraped_unverified
NEW0898,مستشفى الدكتور محمد شندي,مستشفي الدكتور محمد شندي,,ar,FALSE,Assiut,Dairut,27.5537828,30.814250599999998,native_google,Google Maps,0.05,hospital,,unknown,map_only_unverified,low,1,FALSE,1,Google Maps,Google Maps,"تقسيم أبو جبل - شارع عثمان بن عفان ديروط، Dayrout El-Shareef, Dairut, Assiut Governorate 2157023, Egypt",FALSE,012 01316368,012 01316368,mobile,TRUE,TRUE,scraped_unverified
NEW0899,ORASCAN,orascan,,en,FALSE,Assiut,Dairut,27.5540706,30.814233999999995,native_google,Google Maps,0.05,medical_center,,unknown,map_only_unverified,low,1,FALSE,1,Google Maps,Google Maps,"عمارة العوامري - الدور الأول علوي, Assiut, Dayrout El-Shareef, Dairut, Assiut Governorate 16789, Egypt",FALSE,010 40050739,010 40050739,mobile,TRUE,TRUE,scraped_unverified
NEW0900,مستشفى دكتور محمد شندى,مستشفي دكتور محمد شندي,,ar,FALSE,Assiut,Dairut,27.5538261,30.8140684,native_google,Google Maps,0.05,hospital,,unknown,map_only_unverified,low,1,FALSE,1,Google Maps,Google Maps,"HR37+GJP, Dayrout El-Shareef, Dairut, Assiut Governorate 2157023, Egypt",FALSE,,,,FALSE,TRUE,scraped_unverified
NEW0901,مستشفى الامين التخصصى,مستشفي الامين التخصصي,,ar,FALSE,Assiut,Dairut,27.5536376,30.814140499999997,native_google,Google Maps,0.05,consultant,,unknown,map_only_unverified,low,1,FALSE,1,Google Maps,Google Maps,"HR37+9MV, Dayrout El-Shareef, Dairut, Assiut Governorate 2157022, Egypt",FALSE,,,,FALSE,TRUE,scraped_unverified
NEW0902,عيادة دكتور مصطفى احمد مثطفى,عيادة دكتور مصطفي احمد مثطفي,,ar,FALSE,Assiut,Dairut,27.552997500000004,30.813063699999997,native_google,Google Maps,0.05,medical_center,,unknown,map_only_unverified,low,1,FALSE,1,Google Maps,Google Maps,"HR37+56W, Dayrout El-Shareef, Dairut, Assiut Governorate 2157020, Egypt",FALSE,,,,FALSE,TRUE,scraped_unverified
NEW0903,مركز صنبو المتميز,مركز صنبو المتميز,,ar,FALSE,Assiut,Dairut,27.4921595,30.794576000000003,native_google,Google Maps,0.05,general_hospital,,unknown,map_only_unverified,low,1,FALSE,1,Google Maps,Google Maps,"قريه، صنبو، مركز ديروط، أسيوط،، Senbo, Dairut, Assiut Governorate 2150710, Egypt",FALSE,,,,FALSE,TRUE,scraped_unverified
NEW0904,مركز صحة المرأه بنجع خضر,مركز صحة المراه بنجع خضر,,ar,FALSE,Assiut,Dairut,27.4858408,30.724790799999997,native_google,Google Maps,0.05,general_hospital,,unknown,map_only_unverified,low,1,FALSE,1,Google Maps,Google Maps,"نجع خضر حمد، قسم الواحات الداخلة،، الوادي الجديد،، FPPF+8WM, Dairut, Assiut Governorate 2141018, Egypt",FALSE,,,,FALSE,TRUE,scraped_unverified
NEW0905,Royal Hospital Hurghada - مستشفى رويال الغردقة,Royal Hospital Hurghada - مستشفي رويال الغردقة,,ar,FALSE,Assiut,قسم أول الغردقة,27.2238077,33.8259712,native_google,Google Maps,0.05,hospital,,unknown,map_only_unverified,low,1,FALSE,1,Google Maps,Google Maps,"1 Airport road, infront of, Rajac hospital, قسم أول الغردقة، محافظة البحر الأحمر 1966020, Egypt",FALSE,012 71006200,012 71006200,mobile,TRUE,TRUE,scraped_unverified
NEW0906,Elfayrouz Hospital,elfayrouz hospital,,en,FALSE,Assiut,Hurghada,27.255281699999998,33.8160291,native_google,Google Maps,0.05,hospital,,unknown,map_only_unverified,low,1,FALSE,1,Google Maps,Google Maps,"ش اللواء سليمان مظهر، Hurghada, Red Sea Governorate 1972130, Egypt",FALSE,065 3552904,065 3552904,landline,TRUE,TRUE,scraped_unverified
NEW0907,مستشفي الانصار,مستشفي الانصار,,ar,FALSE,Assiut,El Qusiya,27.4143571,30.7538874,native_google,Google Maps,0.05,general_hospital,,unknown,map_only_unverified,low,1,FALSE,1,Google Maps,Google Maps,"CQ73+PHR, El-Ansar, El Qusiya, Assiut Governorate 2133065, Egypt",FALSE,,,,FALSE,TRUE,scraped_unverified
NEW0908,ALNOUR HOSPITAL,alnour hospital,,en,FALSE,Assiut,Hurghada 2,27.255417899999998,33.8090093,native_google,Google Maps,0.05,hospital,,unknown,map_only_unverified,low,1,FALSE,1,Google Maps,Google Maps,"رقم30، الغردقة،، Hurghada 2, Red Sea Governorate 1973531, Egypt",FALSE,012 24098777,012 24098777,mobile,TRUE,TRUE,scraped_unverified
NEW0909,Sharm El Sheikh International Hospital,sharm el sheikh international hospital,,en,FALSE,Assiut,Sharm El Sheikh 2,27.8817226,34.2997568,native_google,Google Maps,0.05,hospital,,unknown,map_only_unverified,low,1,FALSE,1,Google Maps,Google Maps,"طريق السلام، حى النور، Sharm El Sheikh 2, South Sinai Governorate 8761142, Egypt",FALSE,069 3660893,069 3660893,landline,TRUE,TRUE,scraped_unverified
NEW0910,Red Sea Hospital,red sea hospital,,en,FALSE,Assiut,Hurghada 1,27.2360798,33.8341534,native_google,Google Maps,0.05,hospital,,unknown,map_only_unverified,low,1,FALSE,1,Google Maps,Google Maps,"شارع الدهار نمشي النصر المقابل السنتر، 6RPM+CMJ الليبي، Hurghada 1, Red Sea Governorate 84511, Egypt",FALSE,012 27955549,012 27955549,mobile,TRUE,TRUE,scraped_unverified
NEW0911,Notre Dame University Hospital (NDUH),notre dame university hospital (nduh),,en,FALSE,Assiut,Jounieh,33.9816875,35.6278125,native_google,Google Maps,0.05,hospital,,unknown,map_only_unverified,low,1,FALSE,1,Google Maps,Google Maps,"XJJH+M3F, Fouad Chehab, Jounieh, Lebanon",FALSE,09 644 644,09 644 644,landline,TRUE,TRUE,scraped_unverified
NEW0912,Hopital des Soeurs du Rosaire,hopital des soeurs du rosaire,,en,FALSE,Assiut,Beirut,33.8957958,35.5151822,native_google,Google Maps,0.05,hospital,,unknown,map_only_unverified,low,1,FALSE,1,Google Maps,Google Maps,"VGW8+837, Beirut, Lebanon",FALSE,01 440 800,01 440 800,landline,TRUE,TRUE,scraped_unverified
NEW0913,Hôpital Notre Dame Maritime,hôpital notre dame maritime,,en,FALSE,Assiut,Byblos,34.115761000000006,35.6525162,native_google,Google Maps,0.05,hospital,,unknown,map_only_unverified,low,1,FALSE,1,Google Maps,Google Maps,"Byblos, Lebanon",FALSE,09 540 017,09 540 017,landline,TRUE,TRUE,scraped_unverified
NEW0914,STMC St Therese Medical Center . University Hospital مستشفى السانت تريز,STMC St Therese Medical Center . University Hospital مستشفي السانت تريز,,ar,FALSE,Assiut,Hadath,33.8442839,35.5272089,native_google,Google Maps,0.05,hospital,,unknown,map_only_unverified,low,1,FALSE,1,Google Maps,Google Maps,"Sainte Therese Street, Hadath, Lebanon",FALSE,05 463 100,05 463 100,landline,TRUE,TRUE,scraped_unverified
NEW0915,Notre Dame des Secours University Hospital (NDSUH),notre dame des secours university hospital (ndsuh),,en,FALSE,Assiut,Jbeil,34.1280296,35.659354199999996,native_google,Google Maps,0.05,hospital,,unknown,map_only_unverified,low,1,FALSE,1,Google Maps,Google Maps,"St. Charbel, Hboub, Jbeil, Lebanon",FALSE,09 940 400,09 940 400,landline,TRUE,TRUE,scraped_unverified
NEW0916,Rosary sisters hospital,rosary sisters hospital,,en,FALSE,Assiut,Bani Obeid District,32.5250334,35.8685636,native_google,Google Maps,0.05,hospital,,unknown,map_only_unverified,low,1,FALSE,1,Google Maps,Google Maps,شارع اربد عمان، Jordan,FALSE,(02) 710 2011,(02) 710 2011,landline,TRUE,TRUE,scraped_unverified
NEW0917,New Mazloum Hospital,new mazloum hospital,,en,FALSE,Assiut,Tripoli,34.4319542,35.8326432,native_google,Google Maps,0.05,general_hospital,,unknown,map_only_unverified,low,1,FALSE,1,Google Maps,Google Maps,"CRJM+Q3J, Tripoli, Lebanon",FALSE,06 410 025,06 410 025,landline,TRUE,TRUE,scraped_unverified
NEW0918,Sacre Coeur Hospital,sacre coeur hospital,,en,FALSE,Assiut,Baabda,33.849737499999996,35.5389219,native_google,Google Maps,0.05,hospital,,unknown,map_only_unverified,low,1,FALSE,1,Google Maps,Google Maps,"RGXQ+VHV, Baabda, Lebanon",FALSE,05 453 500,05 453 500,landline,TRUE,TRUE,scraped_unverified
NEW0919,Khoury Hospital,khoury hospital,,en,FALSE,Assiut,Beirut,33.898488799999996,35.4841407,native_google,Google Maps,0.05,hospital,,unknown,map_only_unverified,low,1,FALSE,1,Google Maps,Google Maps,"VFXM+9MR, Beirut, Lebanon",FALSE,01 344 173,01 344 173,landline,TRUE,TRUE,scraped_unverified
NEW0920,Specialized Hospital Haidar & Hajjar,specialized hospital haidar & hajjar,,en,FALSE,Assiut,Beirut,33.8820396,35.5042353,native_google,Google Maps,0.05,hospital,,unknown,map_only_unverified,low,1,FALSE,1,Google Maps,Google Maps,"VGJ3+RM9, Beirut, Lebanon",FALSE,,,,FALSE,TRUE,scraped_unverified
NEW0921,Baskinta Medical Center,baskinta medical center,,en,FALSE,Assiut,Baskinta,33.9418015,35.8016291,native_google,Google Maps,0.05,hospital,,unknown,map_only_unverified,low,1,FALSE,1,Google Maps,Google Maps,"WRR2+PMC, Baskinta, Lebanon",FALSE,78 988 655,78 988 655,landline,TRUE,TRUE,scraped_unverified
NEW0922,Hospital Wardieh,hospital wardieh,,en,FALSE,Assiut,Beirut,33.8957371,35.5149465,native_google,Google Maps,0.05,hospital,,unknown,map_only_unverified,low,1,FALSE,1,Google Maps,Google Maps,"VGW7+7XW, Beirut, Lebanon",FALSE,01 581 140,01 581 140,mobile,TRUE,TRUE,scraped_unverified
NEW0923,Beirut General Hospital,beirut general hospital,,en,FALSE,Assiut,Beirut,33.8725557,35.4918104,native_google,Google Maps,0.05,hospital,,unknown,map_only_unverified,low,1,FALSE,1,Google Maps,Google Maps,"VFCR+QRC, Beirut, Lebanon",FALSE,01 850 213,01 850 213,landline,TRUE,TRUE,scraped_unverified
NEW0924,One Day Surgeries Hospital - El Zawya El Hamra,one day surgeries hospital - el zawya el hamra,,en,FALSE,Assiut,Al-Zawya Al-Hamra,30.0875542,31.273129500000003,native_google,Google Maps,0.05,hospital,,unknown,map_only_unverified,low,1,FALSE,1,Google Maps,Google Maps,"3 Al-Kasarat Al-Baladiya Street, Al-Qasireen, Al-Zawya Al-Hamra, Cairo Governorate 4370022, Egypt",FALSE,011 41235789,011 41235789,mobile,TRUE,TRUE,scraped_unverified
NEW0925,Dallaa hospital,dallaa hospital,,en,FALSE,Assiut,Sidon,33.5571907,35.3775617,native_google,Google Maps,0.05,hospital,,unknown,map_only_unverified,low,1,FALSE,1,Google Maps,Google Maps,"H94H+V2F, Sidon, Lebanon",FALSE,,,,FALSE,TRUE,scraped_unverified
NEW0926,Qusiya Hospital,qusiya hospital,,en,FALSE,Assiut,El Qusiya,27.442986599999998,30.821716900000002,native_google,Google Maps,0.05,hospital,,unknown,map_only_unverified,low,1,FALSE,1,Google Maps,Google Maps,"CRVC+5MW, El-Zayem Gamal Abd El-Nasir, Fazarah, El Qusiya, Assiut Governorate 2135705, Egypt",FALSE,088 4750777,088 4750777,landline,TRUE,TRUE,scraped_unverified
NEW0927,Al-Aml hospital,al-aml hospital,,en,FALSE,Assiut,El Qusiya,27.439506599999998,30.820300999999997,native_google,Google Maps,0.05,hospital,,unknown,map_only_unverified,low,1,FALSE,1,Google Maps,Google Maps,"CRQC+R43, El-Galaa, Fazarah, El Qusiya, Assiut Governorate 2135652, Egypt",FALSE,,,,FALSE,TRUE,scraped_unverified
NEW0928,مستشفي الزهور التخصصي,مستشفي الزهور التخصصي,,ar,FALSE,Assiut,El Qusiya,27.3984624,30.775049299999996,native_google,Google Maps,0.05,hospital,,unknown,map_only_unverified,low,1,FALSE,1,Google Maps,Google Maps,"شارع مهران سليم - امام مجلس مدينة القوصية القوصية، أسيوط،، El-Ansar, El Qusiya, Assiut Governorate 2132416, Egypt",FALSE,010 01847548,010 01847548,mobile,TRUE,TRUE,scraped_unverified
NEW0929,مستشفى حميات القوصية,مستشفي حميات القوصية,,ar,FALSE,Assiut,El Qusiya,27.4432762,30.822264999999998,native_google,Google Maps,0.05,hospital,,unknown,map_only_unverified,low,1,FALSE,1,Google Maps,Google Maps,"CRVC+8W6 الزعيم, جمال عبد الناصر, Fazarah, El Qusiya, Assiut Governorate 2135705, Egypt",FALSE,,,,FALSE,TRUE,scraped_unverified
NEW0930,الشفاء,الشفاء,,ar,FALSE,Assiut,El Qusiya,27.439429399999998,30.8251467,native_google,Google Maps,0.05,hospital,,unknown,map_only_unverified,low,1,FALSE,1,Google Maps,Google Maps,"CRQG+Q3C, El-Galaa, Fazarah, El Qusiya, Assiut Governorate 2135392, Egypt",FALSE,,,,FALSE,TRUE,scraped_unverified
NEW0931,مركز الرعاية الصحية الاولية بالقوصية,مركز الرعاية الصحية الاولية بالقوصية,,ar,FALSE,Assiut,El Qusiya,27.440876000000003,30.819349699999997,native_google,Google Maps,0.05,hospital,,unknown,map_only_unverified,low,1,FALSE,1,Google Maps,Google Maps,"القوصية، صنبو، مركز ديروط، أسيوط،، CRR9+9P5, Fazarah, El Qusiya, Assiut Governorate 2135654, Egypt",FALSE,,,,FALSE,TRUE,scraped_unverified
NEW0932,مركز الندي الطبي,مركز الندي الطبي,,ar,FALSE,Assiut,El Qusiya,27.4385807,30.8119254,native_google,Google Maps,0.05,medical_center,,unknown,map_only_unverified,low,1,FALSE,1,Google Maps,Google Maps,"شارع Al Safa Wal Marwa, Bani Edrees, El Qusiya, Assiut Governorate 2135606, Egypt",FALSE,,,,FALSE,TRUE,scraped_unverified
NEW0933,قسم الأشعة بمستشفى القوصية المركزي,قسم الاشعة بمستشفي القوصية المركزي,,ar,FALSE,Assiut,El Qusiya,27.442829999999997,30.821671799999997,native_google,Google Maps,0.05,hospital,,unknown,map_only_unverified,low,1,FALSE,1,Google Maps,Google Maps,"CRVC+4MM, Al Qosayah, El Qusiya, Assiut Governorate 2135705, Egypt",FALSE,,,,FALSE,TRUE,scraped_unverified
NEW0934,Joyce Clinic جويس القوصية,Joyce Clinic جويس القوصية,,ar,FALSE,Assiut,El Qusiya,27.4394058,30.8211414,native_google,Google Maps,0.05,medical_center,,unknown,map_only_unverified,low,1,FALSE,1,Google Maps,Google Maps,"CRQC+PFW, El-Galaa, Fazarah, El Qusiya, Assiut Governorate 2135342, Egypt",FALSE,012 11112427,012 11112427,mobile,TRUE,TRUE,scraped_unverified
NEW0935,Fawkia Hospital for rehabilitation of the elderly,fawkia hospital for rehabilitation of the elderly,,en,FALSE,Assiut,First 6th of October,29.984273999999996,30.983926000000004,native_google,Google Maps,0.05,hospital,,unknown,map_only_unverified,low,1,FALSE,1,Google Maps,Google Maps,"53 Abd El-Aziz Basha Fahmy, First 6th of October, Giza Governorate 12568, Egypt",FALSE,012 00199013,012 00199013,mobile,TRUE,TRUE,scraped_unverified
NEW0936,مركز النخبة للأشعة التشخيصية,مركز النخبة للاشعة التشخيصية,,ar,FALSE,Assiut,El Qusiya,27.4384078,30.8165779,native_google,Google Maps,0.05,medical_center,,unknown,map_only_unverified,low,1,FALSE,1,Google Maps,Google Maps,"Senbo, El Qusiya, Assiut Governorate 2135624, Egypt",FALSE,010 25755807,010 25755807,mobile,TRUE,TRUE,scraped_unverified
NEW0937,كشك المستشفي,كشك المستشفي,,ar,FALSE,Assiut,El Qusiya,27.4425621,30.820756499999998,native_google,Google Maps,0.05,grocery_store,,unknown,map_only_unverified,low,1,FALSE,1,Google Maps,Google Maps,"CRVC+28C, Materniti, Fazarah, El Qusiya, Assiut Governorate 2135656, Egypt",FALSE,010 99505438,010 99505438,mobile,TRUE,TRUE,scraped_unverified
NEW0938,عيادة د.محمد فاروق السيد للجهاز الهضمي والمناظير والكبد,عيادة د.محمد فاروق السيد للجهاز الهضمي والمناظير والكبد,,ar,FALSE,Assiut,El Qusiya,27.439189499999998,30.818518299999997,native_google,Google Maps,0.05,hospital,,unknown,map_only_unverified,low,1,FALSE,1,Google Maps,Google Maps,"CRQ9+MCC, Omar Ibn Al Khatab, Fazarah, El Qusiya, Assiut Governorate 2135333, Egypt",FALSE,011 45730606,011 45730606,mobile,TRUE,TRUE,scraped_unverified
NEW0939,مركز الحنان للنساء والتوليد والحقن المجهرى,مركز الحنان للنساء والتوليد والحقن المجهري,,ar,FALSE,Assiut,El Qusiya,27.4389959,30.824630899999995,native_google,Google Maps,0.05,medical_center,,likely,map_only_unverified,low,1,FALSE,1,Google Maps,Google Maps,"القوصيه شارع السرايا متفرع من، El-Galaa, Fazarah, El Qusiya, Assiut Governorate 2135391, Egypt",FALSE,088 4757789,088 4757789,landline,TRUE,TRUE,scraped_unverified
NEW0940,مركز عظام,مركز عظام,,ar,FALSE,Assiut,El Qusiya,27.4380071,30.817375199999994,native_google,Google Maps,0.05,hospital,,unknown,map_only_unverified,low,1,FALSE,1,Google Maps,Google Maps,"CRQ8+6X2, Fazarah, El Qusiya, Assiut Governorate 2135265, Egypt",FALSE,,,,FALSE,TRUE,scraped_unverified
NEW0941,الوحده الصحية بقرية الشيخ داود,الوحده الصحية بقرية الشيخ داود,,ar,FALSE,Assiut,El Qusiya,27.4438402,30.8293664,native_google,Google Maps,0.05,hospital,,unknown,map_only_unverified,low,1,FALSE,1,Google Maps,Google Maps,"CRVH+GP, Fazarah, El Qusiya, Assiut Governorate 2136412, Egypt",FALSE,,,,FALSE,TRUE,scraped_unverified
NEW0942,مستشفي ديروط المركزي,مستشفي ديروط المركزي,,ar,FALSE,Assiut,Dairut,27.565531999999997,30.8069696,native_google,Google Maps,0.05,hospital,,unknown,map_only_unverified,low,1,FALSE,1,Google Maps,Google Maps,"HR84+6Q9, Dayrout El-Shareef, Dairut, Assiut Governorate 2153076, Egypt",FALSE,,,,FALSE,TRUE,scraped_unverified
NEW0943,عيادة الدكتور محمد عبدالباسط,عيادة الدكتور محمد عبدالباسط,,ar,FALSE,Assiut,El Qusiya,27.4393423,30.817215599999997,native_google,Google Maps,0.05,hospital,,unknown,map_only_unverified,low,1,FALSE,1,Google Maps,Google Maps,"CRQ8+PVP, Fazarah, El Qusiya, Assiut Governorate 2135333, Egypt",FALSE,,,,FALSE,TRUE,scraped_unverified
NEW0944,عيادات سيف,عيادات سيف,,ar,FALSE,Assiut,El Qusiya,27.439539,30.8226506,native_google,Google Maps,0.05,hospital,,unknown,map_only_unverified,low,1,FALSE,1,Google Maps,Google Maps,"CRQF+R36, El-Galaa, Fazarah, El Qusiya, Assiut Governorate 2135660, Egypt",FALSE,,,,FALSE,TRUE,scraped_unverified
NEW0945,Al-Galaa Radiology Center,al-galaa radiology center,,en,FALSE,Assiut,El Qusiya,27.4388482,30.8202747,native_google,Google Maps,0.05,hospital,,unknown,map_only_unverified,low,1,FALSE,1,Google Maps,Google Maps,"CRQC+G4J, Oqtobar 6, Fazarah, El Qusiya, Assiut Governorate 2135340, Egypt",FALSE,088 4754035,088 4754035,landline,TRUE,TRUE,scraped_unverified
NEW0946,معامل سرور,معامل سرور,,ar,FALSE,Assiut,مركز القوصية،,27.439539,30.8226506,native_google,Google Maps,0.05,hospital,,unknown,map_only_unverified,low,1,FALSE,1,Google Maps,Google Maps,"El-Galaa, ،، مركز القوصية،، Assiut Governorate 2135660, Egypt",FALSE,011 10333519,011 10333519,mobile,TRUE,TRUE,scraped_unverified
NEW0947,معمل تحاليل الرجاء,معمل تحاليل الرجاء,,ar,FALSE,Assiut,مركز القوصية,27.438208099999997,30.8248891,native_google,Google Maps,0.05,medical_center,,unknown,map_only_unverified,low,1,FALSE,1,Google Maps,Google Maps,"El Saraia street El Galaa, CRQF+7XJ, street, القوصية، مركز القوصية، محافظة أسيوط 71631, Egypt",FALSE,012 83630023,012 83630023,mobile,TRUE,TRUE,scraped_unverified
NEW0948,عيادة د/ كمال زهران استاذ أمراض النساء والتوليد جامعة اسيوط,عيادة د/ كمال زهران استاذ امراض النساء والتوليد جامعة اسيوط,,ar,FALSE,Assiut,El Qusiya,27.438737399999997,30.818923800000004,native_google,Google Maps,0.05,hospital,,likely,map_only_unverified,low,1,FALSE,1,Google Maps,Google Maps,"CRQ9+FHV, Salah Salem, Fazarah, El Qusiya, Assiut Governorate 2135334, Egypt",FALSE,,,,FALSE,TRUE,scraped_unverified
NEW0949,New Giza University Hospital,new giza university hospital,,en,FALSE,Assiut,First 6th of October,29.989659699999997,31.0630968,native_google,Google Maps,0.05,hospital,,unknown,map_only_unverified,low,1,FALSE,1,Google Maps,Google Maps,"X3Q6+HXP, New Giza Road, First 6th of October, Giza Governorate 3294501, Egypt",FALSE,0217272,0217272,landline,TRUE,TRUE,scraped_unverified
NEW0950,مركز هـــي لصحة المرأة والطفل,مركز هـــي لصحة المراة والطفل,,ar,FALSE,Assiut,قسم أول 6 أكتوبر,29.9675542,30.936187000000004,native_google,Google Maps,0.05,hospital,,unknown,map_only_unverified,low,1,FALSE,1,Google Maps,Google Maps,"6 أكتوبر ، المحور المركزي مباشرة ، رنا مول الدور الثاني, قسم أول 6 أكتوبر، محافظة الجيزة 3232012, Egypt",FALSE,010 02301699,010 02301699,mobile,TRUE,TRUE,scraped_unverified
NEW0951,مستشفى الغنايم المركزي,مستشفي الغنايم المركزي,,ar,FALSE,Assiut,El Ghanayem,26.885475999999997,31.3201775,native_google,Google Maps,0.05,general_hospital,,unknown,map_only_unverified,low,1,FALSE,1,Google Maps,Google Maps,"V8PC+53V, Shindi, El-Ghanayem, El Ghanayem, Assiut Governorate 2021131, Egypt",FALSE,,,,FALSE,TRUE,scraped_unverified
NEW0952,kom ishkaw hospital,kom ishkaw hospital,,en,FALSE,Assiut,Tima,26.840176399999997,31.422374199999997,native_google,Google Maps,0.05,general_hospital,,unknown,map_only_unverified,low,1,FALSE,1,Google Maps,Google Maps,"RCRC+3X6, Selim, Tima, Sohag Governorate 1762602, Egypt",FALSE,,,,FALSE,TRUE,scraped_unverified
NEW0953,مستشفي بني محمد العقب,مستشفي بني محمد العقب,,ar,FALSE,Assiut,Abnub,27.279141799999998,31.0769806,native_google,Google Maps,0.05,hospital,,unknown,map_only_unverified,low,1,FALSE,1,Google Maps,Google Maps,"73HG+MQ5, Bani Muhammadeyat, Abnub, Assiut Governorate 2253017, Egypt",FALSE,,,,FALSE,TRUE,scraped_unverified
NEW0954,مستشفي مركز القلب التخصصي والرعاية المركزه والطوارئ,مستشفي مركز القلب التخصصي والرعاية المركزه والطوارئ,,ar,FALSE,Assiut,6th of October City (2),29.930471200000003,30.9269946,native_google,Google Maps,0.05,hospital,,unknown,map_only_unverified,low,1,FALSE,1,Google Maps,Google Maps,"6th of October City (2), Giza Governorate 12511, Egypt",FALSE,,,,FALSE,TRUE,scraped_unverified
NEW0955,Fawkia,fawkia,,en,FALSE,Assiut,First 6th of October,29.984321899999998,30.9839442,native_google,Google Maps,0.05,service,,unknown,map_only_unverified,low,1,FALSE,1,Google Maps,Google Maps,"XXMM+PHG, El-Lewaa Ahmed Hamdy, First 6th of October, Giza Governorate 3237242, Egypt",FALSE,012 00199292,012 00199292,mobile,TRUE,TRUE,scraped_unverified
NEW0956,El Mowasah Educational and Medical Complex,el mowasah educational and medical complex,,en,FALSE,Assiut,Bab Shar',31.203181199999996,29.9273056,native_google,Google Maps,0.05,hospital,,unknown,map_only_unverified,low,1,FALSE,1,Google Maps,Google Maps,"6W3G+7WF، Fahmy Abdel Magid St، EL HADARA، Bab Shar', Alexandria Governorate 5422031, Egypt",FALSE,03 4282886,03 4282886,landline,TRUE,TRUE,scraped_unverified
NEW0957,Al-Azhar University Specialized Hospital,al-azhar university specialized hospital,,en,FALSE,Assiut,مدينة نصر,30.0543779,31.314137499999998,native_google,Google Maps,0.05,hospital,,unknown,map_only_unverified,low,1,FALSE,1,Google Maps,Google Maps,"شارع المخيم الدائم, صلاح سالم, جامعة الأزهر، مدينة نصر، محافظة القاهرة‬ 4434004, Egypt",FALSE,02 23868065,02 23868065,landline,TRUE,TRUE,scraped_unverified
NEW0958,Al-Azhar University Hospital,al-azhar university hospital,,en,FALSE,Assiut,New Damietta,31.427688900000003,31.683305400000002,native_google,Google Maps,0.05,hospital,,unknown,map_only_unverified,low,1,FALSE,1,Google Maps,Google Maps,"الحي الاول المجاورة السادسة، CMHM+38F, Tareeq El Sena'ea, Damietta El-Gadeeda City, New Damietta, Damietta Governorate 8023202, Egypt",FALSE,,,,FALSE,TRUE,scraped_unverified
NEW0959,Kasr Al Ainy Internal Medicine Hospital,kasr al ainy internal medicine hospital,,en,FALSE,Assiut,El Sayeda Zeinab,30.029687400000004,31.2322815,native_google,Google Maps,0.05,hospital,,unknown,map_only_unverified,low,1,FALSE,1,Google Maps,Google Maps,"Al Eini, El Sayeda Zeinab, Cairo Governorate 4262001, Egypt",FALSE,02 23644383,02 23644383,landline,TRUE,TRUE,scraped_unverified
NEW0960,مستشفي الزهراء التخصصي,مستشفي الزهراء التخصصي,,ar,FALSE,Assiut,El Ayyat,29.6157275,31.2528784,native_google,Google Maps,0.05,hospital,,unknown,map_only_unverified,low,1,FALSE,1,Google Maps,Google Maps,"Madinet Al Ayat, El Ayyat, Giza Governorate 3325412, Egypt",FALSE,011 12010111,011 12010111,mobile,TRUE,TRUE,scraped_unverified
NEW0961,مستشفى طب وجراحات الاطفال (مستشفى المنيا الجامعى لطب وجراحات الاطفال),مستشفي طب وجراحات الاطفال (مستشفي المنيا الجامعي لطب وجراحات الاطفال),,ar,FALSE,Assiut,Minya,28.1273968,30.739348499999995,native_google,Google Maps,0.05,doctor,,unknown,map_only_unverified,low,1,FALSE,1,Google Maps,Google Maps,"4PGQ+XP5, Damaris, Minya, Minya Governorate 2431436, Egypt",FALSE,010 90191037,010 90191037,mobile,TRUE,TRUE,scraped_unverified
NEW0962,Jordan University Hospital,jordan university hospital,,en,FALSE,Assiut,Al Jubeiha,32.0075503,35.8747652,native_google,Google Maps,0.05,hospital,,unknown,map_only_unverified,low,1,FALSE,1,Google Maps,Google Maps,"Al Jama'a Street, Amman, Jordan",FALSE,(06) 535 3444,(06) 535 3444,landline,TRUE,TRUE,scraped_unverified
NEW0963,"Elmwasah hospital, Alexandria","elmwasah hospital, alexandria",,en,FALSE,Assiut,Port al-Basal,31.1786498,29.8813075,native_google,Google Maps,0.05,hospital,,unknown,map_only_unverified,low,1,FALSE,1,Google Maps,Google Maps,"5VHJ+FG3, Al Qabari, Port al-Basal, Alexandria Governorate 5334012, Egypt",FALSE,03 4400861,03 4400861,landline,TRUE,TRUE,scraped_unverified
NEW0964,Mouasah University Hospital – Educational Complex,mouasah university hospital – educational complex,,en,FALSE,Assiut,Bab Shar',31.203848299999997,29.9282813,native_google,Google Maps,0.05,educational_institution,,unknown,map_only_unverified,low,1,FALSE,1,Google Maps,Google Maps,"6W3H+G8M, Gamee Al Moasah, Al Ibrahimeyah Qebli WA Al Hadrah Bahri, Bab Shar', Alexandria Governorate 5422031, Egypt",FALSE,010 05873820,010 05873820,mobile,TRUE,TRUE,scraped_unverified
NEW0965,Mostashfa zahraa,mostashfa zahraa,,en,FALSE,Assiut,El Weili,30.064557899999997,31.281177200000002,native_google,Google Maps,0.05,hospital,,unknown,map_only_unverified,low,1,FALSE,1,Google Maps,Google Maps,"377J+RFF, Greek Hospital St, As Sarayat, El Weili, Cairo Governorate 4391050, Egypt",FALSE,,,,FALSE,TRUE,scraped_unverified
NEW0966,Manfalout Central Hospital,manfalout central hospital,,en,FALSE,Assiut,Manfalut,27.3105226,30.9671873,native_google,Google Maps,0.05,hospital,,unknown,map_only_unverified,low,1,FALSE,1,Google Maps,Google Maps,"8X68+6V3, Gamal Abd El-Nasir, Manfalout, Manfalut, Assiut Governorate 2125260, Egypt",FALSE,088 4700777,088 4700777,landline,TRUE,TRUE,scraped_unverified
NEW0967,مستشفي المنيرة التخصصي,مستشفي المنيرة التخصصي,,ar,FALSE,Assiut,Manfalut,27.3072603,30.9702742,native_google,Google Maps,0.05,hospital,,unknown,map_only_unverified,low,1,FALSE,1,Google Maps,Google Maps,"8X4C+W42, Ali Ibn Abi Taleb, Manfalout, Manfalut, Assiut Governorate 2125203, Egypt",FALSE,,,,FALSE,TRUE,scraped_unverified
NEW0968,مستشفى سراوه,مستشفي سراوه,,ar,FALSE,Assiut,Manfalut,27.3113882,30.971496300000002,native_google,Google Maps,0.05,general_hospital,,unknown,map_only_unverified,low,1,FALSE,1,Google Maps,Google Maps,"شارع بيت حسن، سراوه، منفلوط، Manfalut, Assiut Governorate 2125243, Egypt",FALSE,010 10860003,010 10860003,mobile,TRUE,TRUE,scraped_unverified
NEW0969,مستشفى أبو النصر الخيري,مستشفي ابو النصر الخيري,,ar,FALSE,Assiut,Manfalut,27.309338699999998,30.974385399999996,native_google,Google Maps,0.05,hospital,,unknown,map_only_unverified,low,1,FALSE,1,Google Maps,Google Maps,"8X5F+PQJ, Manfalout, Manfalut, Assiut Governorate 2125191, Egypt",FALSE,088 4692020,088 4692020,landline,TRUE,TRUE,scraped_unverified
NEW0970,مستشفى صدفا,مستشفي صدفا,,ar,FALSE,Assiut,Sodfa,26.9649008,31.383349100000004,native_google,Google Maps,0.05,hospital,,unknown,map_only_unverified,low,1,FALSE,1,Google Maps,Google Maps,"X97M+X89, Sodfa, Assiut Governorate 2032230, Egypt",FALSE,,,,FALSE,TRUE,scraped_unverified
NEW0971,Al Badr Hospital,al badr hospital,,en,FALSE,Assiut,Heliopolis,30.093266699999997,31.3348717,native_google,Google Maps,0.05,hospital,,unknown,map_only_unverified,low,1,FALSE,1,Google Maps,Google Maps,"37 Mourad Bey St، Almazah, Heliopolis, Cairo Governorate 4460343, Egypt",FALSE,02 24155387,02 24155387,landline,TRUE,TRUE,scraped_unverified
NEW0972,Badr hospital- capital university,badr hospital- capital university,,en,FALSE,Assiut,Badr,30.145072999999996,31.723616900000003,native_google,Google Maps,0.05,hospital,,unknown,map_only_unverified,low,1,FALSE,1,Google Maps,Google Maps,"4PWF+2CH, Badr, Cairo Governorate 4951660, Egypt",FALSE,012 88501002,012 88501002,mobile,TRUE,TRUE,scraped_unverified
NEW0973,مستشفى مصبح التخصصى,مستشفي مصبح التخصصي,,ar,FALSE,Assiut,El Badari,26.990044100000002,31.4118807,native_google,Google Maps,0.05,hospital,,unknown,map_only_unverified,low,1,FALSE,1,Google Maps,Google Maps,"شارع Mohammed Ezzat Galal, Al Badari, El Badari, Assiut Governorate 2212540, Egypt",FALSE,,,,FALSE,TRUE,scraped_unverified
NEW0974,Badran Hospital مستشفي بدران,Badran Hospital مستشفي بدران,,ar,FALSE,Assiut,Al Giza,30.0480382,31.206779899999997,native_google,Google Maps,0.05,hospital,,unknown,map_only_unverified,low,1,FALSE,1,Google Maps,Google Maps,"3 El Ahrar St، Ad Doqi, Al Giza, Giza Governorate 3751321, Egypt",FALSE,0219986,0219986,landline,TRUE,TRUE,scraped_unverified
NEW0975,مستشفي الشرطة مركز بدر الطبي,مستشفي الشرطة مركز بدر الطبي,,ar,FALSE,Assiut,Badr,30.150292599999997,31.701150199999994,native_google,Google Maps,0.05,hospital,,unknown,map_only_unverified,low,1,FALSE,1,Google Maps,Google Maps,"4PX2+Q7F مسجد ام المؤمنين‎, بجوار طريق القاهرة السويس, Badr, Cairo Governorate 11829, Egypt",FALSE,010 97759078,010 97759078,mobile,TRUE,TRUE,scraped_unverified
NEW0976,الادارة الصحية بمركز البدارى,الادارة الصحية بمركز البداري,,ar,FALSE,Assiut,El Badari,26.994043899999998,31.4186306,native_google,Google Maps,0.05,hospital,,unknown,map_only_unverified,low,1,FALSE,1,Google Maps,Google Maps,"XCV9+JF6, Kom Saeda, El Badari, Assiut Governorate 2215392, Egypt",FALSE,088 2600433,088 2600433,landline,TRUE,TRUE,scraped_unverified
NEW0977,مستشفى البدراوى,مستشفي البدراوي,,ar,FALSE,Assiut,قسم سيدى جابر,31.216985400000002,29.9411169,native_google,Google Maps,0.05,hospital,,unknown,map_only_unverified,low,1,FALSE,1,Google Maps,Google Maps,"٣ شارع مصطفى النجار.. خلف أبراج سيدي جابر.. بجوار مستشفي ICC منطقة سموحة, عزبة سعد، قسم سيدى جابر، محافظة الإسكندرية 5432065, Egypt",FALSE,03 4284232,03 4284232,landline,TRUE,TRUE,scraped_unverified
NEW0978,مستشفى البدر الإسلامي,مستشفي البدر الاسلامي,,ar,FALSE,Assiut,Al Salam First,30.164004699999996,31.414616600000002,native_google,Google Maps,0.05,hospital,,unknown,map_only_unverified,low,1,FALSE,1,Google Maps,Google Maps,"41 Aal Al Bahr, El-Salam Sharkeya, Al Salam First, Cairo Governorate 4645052, Egypt",FALSE,02 37471000,02 37471000,landline,TRUE,TRUE,scraped_unverified
NEW0979,مركز مراد للأشعه و التحاليل,مركز مراد للاشعه و التحاليل,,ar,FALSE,Assiut,El Badari,26.990655099999998,31.4111701,native_google,Google Maps,0.05,medical_center,,unknown,map_only_unverified,low,1,FALSE,1,Google Maps,Google Maps,"XCR6+7F7, Al Badari, El Badari, Assiut Governorate 2212543, Egypt",FALSE,,,,FALSE,TRUE,scraped_unverified
NEW0980,مستشفي الشيخ البدري,مستشفي الشيخ البدري,,ar,FALSE,Assiut,Berber,18.0548461,33.9996406,native_google,Google Maps,0.05,hospital,,unknown,map_only_unverified,low,1,FALSE,1,Google Maps,Google Maps,"3X3X+WVJ, Berber, Sudan",FALSE,,,,FALSE,TRUE,scraped_unverified
NEW0981,مستشفى مؤسسة البدر الخيريه بتفهنا الاشراف,مستشفي مؤسسة البدر الخيريه بتفهنا الاشراف,,ar,FALSE,Assiut,Mit Ghamr,30.670551299999996,31.348429,native_google,Google Maps,0.05,hospital,,unknown,map_only_unverified,low,1,FALSE,1,Google Maps,Google Maps,"Tafahnah Al Ashraf, Mit Ghamr, Dakahlia Governorate 7523167, Egypt",FALSE,050 6863005,050 6863005,landline,TRUE,TRUE,scraped_unverified
NEW0982,Badr International Hospital,badr international hospital,,en,FALSE,Assiut,Ibb,13.9683828,44.1603106,native_google,Google Maps,0.05,general_hospital,,unknown,map_only_unverified,low,1,FALSE,1,Google Maps,Google Maps,"X596+C55, Ibb, Yemen",FALSE,0779 779 900,0779 779 900,landline,TRUE,TRUE,scraped_unverified
NEW0983,Al Badari,al badari,,en,FALSE,Assiut,Al Badari,26.991640699999998,31.4132987,native_google,Google Maps,0.05,hospital_unspecified,,unknown,map_only_unverified,low,1,FALSE,1,Google Maps,Google Maps,"Al Badari, El Badari, Assiut Governorate, Egypt",FALSE,,,,FALSE,TRUE,scraped_unverified
NEW0984,مستشفى شريان التخصصى,مستشفي شريان التخصصي,,ar,FALSE,Assiut,Al Salam First,30.150008199999995,31.3925781,native_google,Google Maps,0.05,hospital,,unknown,map_only_unverified,low,1,FALSE,1,Google Maps,Google Maps,"محور عدلى منصور، Berket an Nasr, Al Salam First, Cairo Governorate 11828, Egypt",FALSE,011 21754555,011 21754555,mobile,TRUE,TRUE,scraped_unverified
NEW0985,Post Office - El Wasta Asiout,post office - el wasta asiout,,en,FALSE,Assiut,El Badari,26.9915219,31.415616099999998,native_google,Google Maps,0.05,hospital,,unknown,map_only_unverified,low,1,FALSE,1,Google Maps,Google Maps,"XCR8+J65, Al Badari, El Badari, Assiut Governorate 2215322, Egypt",FALSE,088 2460378,088 2460378,landline,TRUE,TRUE,scraped_unverified
NEW0986,Cardio Tech Hospital,cardio tech hospital,,en,FALSE,Assiut,Dokki,30.048122099999997,31.2068171,native_google,Google Maps,0.05,hospital,,unknown,map_only_unverified,low,1,FALSE,1,Google Maps,Google Maps,"١٧شارع، Mohammed Hafez, Ad Doqi, Dokki, Giza Governorate 3751321, Egypt",FALSE,,,,FALSE,TRUE,scraped_unverified
NEW0987,الوحده البيطريه بالبدارى,الوحده البيطريه بالبداري,,ar,FALSE,Assiut,El Badari,26.9984812,31.421533099999994,native_google,Google Maps,0.05,veterinary_care,,unknown,map_only_unverified,low,1,FALSE,1,Google Maps,Google Maps,"XCXC+9JV, Kom Saeda, El Badari, Assiut Governorate 2216108, Egypt",FALSE,,,,FALSE,TRUE,scraped_unverified
NEW0988,بيطري,بيطري,,ar,FALSE,Assiut,العقال,26.991577399999997,31.4155591,native_google,Google Maps,0.05,veterinary_care,,unknown,map_only_unverified,low,1,FALSE,1,Google Maps,Google Maps,"Al Badari, العقال، Assiut Governorate 2215323, Egypt",FALSE,012 26025858,012 26025858,mobile,TRUE,TRUE,scraped_unverified
NEW0989,Horus Hospital,horus hospital,,en,FALSE,Assiut,Hada'iq El Qobbah,30.080840799999997,31.2824633,native_google,Google Maps,0.05,health,,unknown,map_only_unverified,low,1,FALSE,1,Google Maps,Google Maps,"16 Al Dwidar, Hadaeq Al Qubbah, Hada'iq El Qobbah, Cairo Governorate 4381611, Egypt",FALSE,02 26829969,02 26829969,landline,TRUE,TRUE,scraped_unverified
NEW0990,Cleopatra Hospitals Group,cleopatra hospitals group,,en,FALSE,Assiut,El Basatin,29.981217199999996,31.3176029,native_google,Google Maps,0.05,corporate_office,,unknown,map_only_unverified,low,1,FALSE,1,Google Maps,Google Maps,"X8JC+Q74, El-Basatin Sharkeya, El Basatin, Cairo Governorate 4236004, Egypt",FALSE,,,,FALSE,TRUE,scraped_unverified
NEW0991,وحدة صحة الاسرة بالجباب,وحدة صحة الاسرة بالجباب,,ar,FALSE,Assiut,Tima,26.888996,31.394477999999996,native_google,Google Maps,0.05,general_hospital,,unknown,map_only_unverified,low,1,FALSE,1,Google Maps,Google Maps,"V9QV+HXQ, Al Gabab, Tima, Sohag Governorate 1764160, Egypt",FALSE,,,,FALSE,TRUE,scraped_unverified
NEW0992,مستشفى دار المرأة للنساء والتوليد - Dar El maraa,مستشفي دار المراة للنساء والتوليد - Dar El maraa,,ar,FALSE,Assiut,West Nubariyah,30.679261999999994,30.069782300000004,native_google,Google Maps,0.05,medical_center,,likely,map_only_unverified,low,1,FALSE,1,Google Maps,Google Maps,"بجوار واحة الجراري و مطعم كفيار، Cairo - Alexandria Desert Rd, West Nubariyah, Beheira Governorate 22773, Egypt",FALSE,010 10962259,010 10962259,mobile,TRUE,TRUE,scraped_unverified
NEW0993,Badr Central Hospital El Madares St.,badr central hospital el madares st.,,en,FALSE,Assiut,Badr,30.5731841,30.708503699999998,native_google,Google Maps,0.05,hospital,,unknown,map_only_unverified,low,1,FALSE,1,Google Maps,Google Maps,"HPF5+7CC, Nabel Al Wakad, Badr, Beheira Governorate 5743101, Egypt",FALSE,,,,FALSE,TRUE,scraped_unverified
NEW0994,Badrashin Central Hospital,badrashin central hospital,,en,FALSE,Assiut,Badrshein,29.853298900000002,31.278492,native_google,Google Maps,0.05,hospital,,unknown,map_only_unverified,low,1,FALSE,1,Google Maps,Google Maps,"V73H+899, Aswan Western Agricultural Rd, Madinet Al Badrashin, Badrshein, Giza Governorate 3394431, Egypt",FALSE,03 8020526,03 8020526,landline,TRUE,TRUE,scraped_unverified
NEW0995,Bir El Abd Central Hospital,bir el abd central hospital,,en,FALSE,Assiut,Bir El Abd,31.011042300000003,32.9951127,native_google,Google Maps,0.05,hospital,,unknown,map_only_unverified,low,1,FALSE,1,Google Maps,Google Maps,"2X6W+C29, Bir El Abd, North Sinai Governorate 8942216, Egypt",FALSE,068 3540190,068 3540190,landline,TRUE,TRUE,scraped_unverified
NEW0996,El Quseir Central Hospital,el quseir central hospital,,en,FALSE,Assiut,El Qoseir,26.104032099999998,34.279350199999996,native_google,Google Maps,0.05,hospital,,unknown,map_only_unverified,low,1,FALSE,1,Google Maps,Google Maps,"473H+JP9, El Qoseir, Red Sea Governorate 1932357, Egypt",FALSE,065 3330070,065 3330070,landline,TRUE,TRUE,scraped_unverified
NEW0997,مستشفي بدر العام بالبحيرة,مستشفي بدر العام بالبحيرة,,ar,FALSE,Assiut,مركز كوم حمادة،,30.572575599999997,30.708796300000003,native_google,Google Maps,0.05,hospital,,unknown,map_only_unverified,low,1,FALSE,1,Google Maps,Google Maps,"بدر،، Nabel Al Wakad, مركز كوم حمادة،، Beheira Governorate 5743101, Egypt",FALSE,,,,FALSE,TRUE,scraped_unverified
NEW0998,Al Fath Hospital,al fath hospital,,en,FALSE,Assiut,قسم أول الرمل,31.234283599999998,29.9637763,native_google,Google Maps,0.05,hospital,,unknown,map_only_unverified,low,1,FALSE,1,Google Maps,Google Maps,"77 Khalf Al Fath, فلمنج، قسم أول الرمل، محافظة الإسكندرية 5450122, Egypt",FALSE,03 5826768,03 5826768,landline,TRUE,TRUE,scraped_unverified
NEW0999,مستشفى فاميلى هيلث كير,مستشفي فاميلي هيلث كير,,ar,FALSE,Assiut,First 6th of October,29.9603679,30.930882,native_google,Google Maps,0.05,hospital,,unknown,map_only_unverified,low,1,FALSE,1,Google Maps,Google Maps,"ميدان النجدة، First 6th of October, Giza Governorate 00202, Egypt",FALSE,010 80095843,010 80095843,mobile,TRUE,TRUE,scraped_unverified
NEW1000,مستشفى الجزيرة,مستشفي الجزيرة,,ar,FALSE,Assiut,El Omraniya,30.0101476,31.192368899999998,native_google,Google Maps,0.05,hospital,,unknown,map_only_unverified,low,1,FALSE,1,Google Maps,Google Maps,"احمد لطفى السيد، المساحه فيصل، Al Omraneyah Al Gharbeyah, El Omraniya, Giza Governorate 3546238, Egypt",FALSE,02 33925413,02 33925413,landline,TRUE,TRUE,scraped_unverified
NEW1001,Teacher's Hospital,teacher's hospital,,en,FALSE,Assiut,Zamalek,30.044389199999998,31.2247634,native_google,Google Maps,0.05,hospital,,unknown,map_only_unverified,low,1,FALSE,1,Google Maps,Google Maps,"Al، Al Khortom, Zamalek, Cairo Governorate 4270022, Egypt",FALSE,02 27374726,02 27374726,landline,TRUE,TRUE,scraped_unverified
NEW1002,Tabarak New Cairo Hospital (TNCH),tabarak new cairo hospital (tnch),,en,FALSE,Assiut,قسم أول القاهرة الجديدة,30.0146757,31.4179874,native_google,Google Maps,0.05,hospital,,unknown,map_only_unverified,low,1,FALSE,1,Google Maps,Google Maps,"رقم 53 الحي الأول, المنطقه السابعه تقاطع, مع الشويفات, التسعين الجنوبي، قسم أول القاهرة الجديدة، محافظة القاهرة‬ 11835, Egypt",FALSE,,,,FALSE,TRUE,scraped_unverified
NEW1003,مستشفى الياسمين بالمعادي - Yasmeen Hospital Al Maadi,مستشفي الياسمين بالمعادي - Yasmeen Hospital Al Maadi,,ar,FALSE,Assiut,El Basatin,29.984033599999997,31.272676299999997,native_google,Google Maps,0.05,hospital,,unknown,map_only_unverified,low,1,FALSE,1,Google Maps,Google Maps,"X7MF+J37, Al Gazaer, Maadi as Sarayat Al Gharbeyah, El Basatin, Cairo Governorate 4234501, Egypt",FALSE,010 14111130,010 14111130,mobile,TRUE,TRUE,scraped_unverified
NEW1004,Shifa Hospitals Group,shifa hospitals group,,en,FALSE,Assiut,El Shorouk,30.133442799999994,31.6190222,native_google,Google Maps,0.05,hospital,,unknown,map_only_unverified,low,1,FALSE,1,Google Maps,Google Maps,"قطعه رقم 4 شمال شرق, Villa 25 West Neighborhood Club, El-Shorouk City Rd, El Shorouk, Cairo Governorate 4921207, Egypt",FALSE,0215051,0215051,landline,TRUE,TRUE,scraped_unverified
NEW1005,مستشفى با قريه العزبه المستجده,مستشفي با قريه العزبه المستجده,,ar,FALSE,Assiut,Tima,26.855280699999998,31.4526565,native_google,Google Maps,0.05,general_hospital,,unknown,map_only_unverified,low,1,FALSE,1,Google Maps,Google Maps,"VF43+437, Al Hasamdah, Tima, Sohag Governorate 1763481, Egypt",FALSE,,,,FALSE,TRUE,scraped_unverified
NEW1006,مستشفي ساقلتة المركزى,مستشفي ساقلتة المركزي,,ar,FALSE,Assiut,Saqultah,26.658505400000003,31.6663815,native_google,Google Maps,0.05,hospital,,unknown,map_only_unverified,low,1,FALSE,1,Google Maps,Google Maps,"MM58+CH2, Unnamed Road, Saqetlah, Saqultah, Sohag Governorate 1832616, Egypt",FALSE,,,,FALSE,TRUE,scraped_unverified
NEW1007,Tahta General Hospital,tahta general hospital,,en,FALSE,Assiut,Tahta,26.7739223,31.4973541,native_google,Google Maps,0.05,hospital,,unknown,map_only_unverified,low,1,FALSE,1,Google Maps,Google Maps,"QFFW+HW9، احمد عنبر، Tahta, Sohag Governorate 1743246, Egypt",FALSE,093 4772994,093 4772994,landline,TRUE,TRUE,scraped_unverified
NEW1008,مستشفي الهيشة العام,مستشفي الهيشة العام,,ar,FALSE,Assiut,Tima,26.8705173,31.4438565,native_google,Google Maps,0.05,government_office,,unknown,map_only_unverified,low,1,FALSE,1,Google Maps,Google Maps,"VCCV+6G5، Unnamed Road، Al Hama, Tima, Sohag Governorate 1763334, Egypt",FALSE,,,,FALSE,TRUE,scraped_unverified
NEW1009,October Clinic Hospital - مستشفي أكتوبر كلينك,October Clinic Hospital - مستشفي اكتوبر كلينك,,ar,FALSE,Assiut,First 6th of October,29.983902299999997,30.9843193,native_google,Google Maps,0.05,hospital,,unknown,map_only_unverified,low,1,FALSE,1,Google Maps,Google Maps,"شارع عبد المنعم رياض، ميدان رامو, قطعة رابعة مستشفيات, First 6th of October, Giza Governorate 3237247, Egypt",FALSE,011 12223505,011 12223505,mobile,TRUE,TRUE,scraped_unverified
NEW1010,Al-Rahma Hospital,al-rahma hospital,,en,FALSE,Assiut,Tahta,26.7765389,31.4948953,native_google,Google Maps,0.05,hospital,,unknown,map_only_unverified,low,1,FALSE,1,Google Maps,Google Maps,"مستشفى الرحمة التخصصي، شارع 28 خلف جامع الانصاري، Tahta, Sohag Governorate 82621, Egypt",FALSE,010 25192222,010 25192222,mobile,TRUE,TRUE,scraped_unverified
NEW1011,مستشفى الصفيحة,مستشفي الصفيحة,,ar,FALSE,Assiut,Tahta,26.7897277,31.409860100000003,native_google,Google Maps,0.05,general_hospital,,unknown,map_only_unverified,low,1,FALSE,1,Google Maps,Google Maps,"QCQ5+VWX, As Safihah, Tahta, Sohag Governorate 1751650, Egypt",FALSE,,,,FALSE,TRUE,scraped_unverified
NEW1012,مركز الصفاء لتفتيت الحصوات بالجيزة,مركز الصفاء لتفتيت الحصوات بالجيزة,,ar,FALSE,Assiut,First 6th of October,29.960312499999997,30.930937500000002,native_google,Google Maps,0.05,medical_center,,unknown,map_only_unverified,low,1,FALSE,1,Google Maps,Google Maps,"XW6J+49، ميدان النجدة، First 6th of October, Giza Governorate 00202, Egypt",FALSE,011 26421773,011 26421773,mobile,TRUE,TRUE,scraped_unverified
NEW1013,Tanta University Educational Hospital,tanta university educational hospital,,en,FALSE,Assiut,Tanta,30.8013391,30.9960939,native_google,Google Maps,0.05,hospital,,unknown,map_only_unverified,low,1,FALSE,1,Google Maps,Google Maps,"RX2W+GCQ, Tanta Qism 2, Tanta, Gharbia Governorate 6624033, Egypt",FALSE,040 3350371,040 3350371,landline,TRUE,TRUE,scraped_unverified
NEW1014,Sohag University Hospitals,sohag university hospitals,,en,FALSE,Sohag,Sohag 2,26.5671514,31.7073872,native_google,Google Maps,0.05,hospital,,unknown,map_only_unverified,low,1,FALSE,1,Google Maps,Google Maps,"المستشفى الجامعه، Sohag 2, Sohag Governorate 1684097, Egypt",FALSE,093 4600114,093 4600114,landline,TRUE,TRUE,scraped_unverified
NEW1015,Al-Hayah Hospital,al-hayah hospital,,en,FALSE,Sohag,Sohag 1,26.5416566,31.6989969,native_google,Google Maps,0.05,hospital,,unknown,map_only_unverified,low,1,FALSE,1,Google Maps,Google Maps,"شارع الجلاء امام مسجد الحق، El-Shareef, Sohag 1, Sohag Governorate 82511, Egypt",FALSE,010 28090740,010 28090740,mobile,TRUE,TRUE,scraped_unverified
NEW1016,Sohag General Hospital,sohag general hospital,,en,FALSE,Sohag,Sohag 1,26.546315,31.7008128,native_google,Google Maps,0.05,hospital,,unknown,map_only_unverified,low,1,FALSE,1,Google Maps,Google Maps,"ميدان العارف، GPW2+G8G، شارع المحطةا لورشة، El-Shareef, Sohag 1, Sohag Governorate 1674023, Egypt",FALSE,093 2339797,093 2339797,landline,TRUE,TRUE,scraped_unverified
NEW1017,مستشفي مصر سوهاج,مستشفي مصر سوهاج,,ar,FALSE,Sohag,Sohag 2,26.554742599999997,31.7077724,native_google,Google Maps,0.05,hospital,,unknown,map_only_unverified,low,1,FALSE,1,Google Maps,Google Maps,"شارع مستشفي مصر, كورنيش النيل الشرقي, Sohag 2, Sohag Governorate 1684071, Egypt",FALSE,010 18000515,010 18000515,mobile,TRUE,TRUE,scraped_unverified
NEW1018,مستشفى طيبة رويال,مستشفي طيبة رويال,,ar,FALSE,Sohag,Sohag 1,26.561746799999998,31.719925099999998,native_google,Google Maps,0.05,hospital,,unknown,map_only_unverified,low,1,FALSE,1,Google Maps,Google Maps,"Sohag Taiba Towers Road، El-Khouly, Sohag 1, Sohag Governorate 1823301, Egypt",FALSE,093 4611001,093 4611001,landline,TRUE,TRUE,scraped_unverified
NEW1019,Sohag Hospital generations,sohag hospital generations,,en,FALSE,Sohag,Sohag 2,26.5697266,31.681384400000002,native_google,Google Maps,0.05,hospital,,unknown,map_only_unverified,low,1,FALSE,1,Google Maps,Google Maps,"HM9J+VHR, El-Tahrir, Awlad Naseer, Sohag 2, Sohag Governorate 1681065, Egypt",FALSE,010 16700305,010 16700305,mobile,TRUE,TRUE,scraped_unverified
NEW1020,El Helal Hospital,el helal hospital,,en,FALSE,Sohag,Sohag,26.5592421,31.695672100000003,native_google,Google Maps,0.05,hospital,,unknown,map_only_unverified,low,1,FALSE,1,Google Maps,Google Maps,"شارع التحرير، Qelfaw, Sohag, Sohag Governorate 1683003, Egypt",FALSE,093 2327049,093 2327049,landline,TRUE,TRUE,scraped_unverified
NEW1021,Hospital Medicine House,hospital medicine house,,en,FALSE,Sohag,Sohag 1,26.5542989,31.6890127,native_google,Google Maps,0.05,hospital,,unknown,map_only_unverified,low,1,FALSE,1,Google Maps,Google Maps,"El-Khouly, Sohag 1, Sohag Governorate 1673285, Egypt",FALSE,010 02044557,010 02044557,mobile,TRUE,TRUE,scraped_unverified
NEW1022,Teachers Hospital in Sohag,teachers hospital in sohag,,en,FALSE,Sohag,Sohag 2,26.565595700000003,31.6934076,native_google,Google Maps,0.05,hospital,,unknown,map_only_unverified,low,1,FALSE,1,Google Maps,Google Maps,"HM8V+69M، شارع التحرير، Al Kabsh, Sohag 2, Sohag Governorate 1683040, Egypt",FALSE,093 2313103,093 2313103,landline,TRUE,TRUE,scraped_unverified
NEW1023,Sohag teaching hospital,sohag teaching hospital,,en,FALSE,Sohag,Sohag 2,26.538770399999997,31.706494699999997,native_google,Google Maps,0.05,hospital,,unknown,map_only_unverified,low,1,FALSE,1,Google Maps,Google Maps,"Kornish Al Nile, Al Kabsh, Sohag 2, Sohag Governorate 1670032, Egypt",FALSE,,,,FALSE,TRUE,scraped_unverified
NEW1024,Al Hanaa Hospital,al hanaa hospital,,en,FALSE,Sohag,Sohag 2,26.560598499999998,31.6909842,native_google,Google Maps,0.05,hospital,,unknown,map_only_unverified,low,1,FALSE,1,Google Maps,Google Maps,"Asuit - Sohag Rd, Al Kabsh, Sohag 2, Sohag Governorate 1681013, Egypt",FALSE,093 2116169,093 2116169,landline,TRUE,TRUE,scraped_unverified
NEW1025,Sohag Military Hospital مستشفي سوهاج العسكري,Sohag Military Hospital مستشفي سوهاج العسكري,,ar,FALSE,Sohag,Sohag 1,26.537307000000002,31.7086464,native_google,Google Maps,0.05,hospital,,unknown,map_only_unverified,low,1,FALSE,1,Google Maps,Google Maps,"GPP5+WFC, Sohag Bridge, Al Kabsh, Sohag 1, Sohag Governorate 1670030, Egypt",FALSE,,,,FALSE,TRUE,scraped_unverified
NEW1026,مستشفى امشاج,مستشفي امشاج,,ar,FALSE,Sohag,Sohag 2,26.5709759,31.686835400000003,native_google,Google Maps,0.05,hospital,,unknown,map_only_unverified,low,1,FALSE,1,Google Maps,Google Maps,"Qelfaw, Sohag 2, Sohag Governorate 1681068, Egypt",FALSE,010 29807060,010 29807060,mobile,TRUE,TRUE,scraped_unverified
NEW1027,elrehab hospital in sohag,elrehab hospital in sohag,,en,FALSE,Sohag,Akhmim,26.545958199999998,31.718420100000003,native_google,Google Maps,0.05,hospital,,unknown,map_only_unverified,low,1,FALSE,1,Google Maps,Google Maps,"امام مركز اصدار البطاقات، 86 تقسيم الغزل، Arab Al Atawlah, Akhmim, Sohag Governorate 1821054, Egypt",FALSE,011 11553918,011 11553918,mobile,TRUE,TRUE,scraped_unverified
NEW1028,Sanit Beshoy Hospital,sanit beshoy hospital,,en,FALSE,Sohag,Akhmim,26.5613247,31.712391399999998,native_google,Google Maps,0.05,hospital,,unknown,map_only_unverified,low,1,FALSE,1,Google Maps,Google Maps,"HP66+GXC، Unnamed Road، Akhmim, Sohag Governorate 1823112, Egypt",FALSE,093 4601310,093 4601310,landline,TRUE,TRUE,scraped_unverified
NEW1029,Dar ElShefa Hospital,dar elshefa hospital,,en,FALSE,Sohag,Sohag 2,26.5553162,31.696683499999995,native_google,Google Maps,0.05,hospital,,unknown,map_only_unverified,low,1,FALSE,1,Google Maps,Google Maps,"HM4W+4MF, El-Khouly, Sohag 2, Sohag Governorate 1680039, Egypt",FALSE,010 99060551,010 99060551,mobile,TRUE,TRUE,scraped_unverified
NEW1030,Sohag Heart and GIT Specialized Center,sohag heart and git specialized center,,en,FALSE,Sohag,Sohag 1,26.5393299,31.705947700000003,native_google,Google Maps,0.05,hospital,,unknown,map_only_unverified,low,1,FALSE,1,Google Maps,Google Maps,"Kornish Al Nile, Al Kabsh, Sohag 1, Sohag Governorate 1670032, Egypt",FALSE,093 2305133,093 2305133,landline,TRUE,TRUE,scraped_unverified
NEW1031,مستشفي العروبة الطبي,مستشفي العروبة الطبي,,ar,FALSE,Sohag,قسم أول سوهاج,26.5554186,31.6932123,native_google,Google Maps,0.05,hospital,,unknown,map_only_unverified,low,1,FALSE,1,Google Maps,Google Maps,"العروبة - أبراج رويال بلازا محمد أبو رمضان, أمام مسجـد خالد بـن الوليد, الخولي، قسم أول سوهاج، محافظة سوهاج 82511, Egypt",FALSE,010 11444167,010 11444167,mobile,TRUE,TRUE,scraped_unverified
NEW1032,Ritaj Specialized Hospital | مستشفى ريتاج التخصصي,Ritaj Specialized Hospital | مستشفي ريتاج التخصصي,,ar,FALSE,Sohag,Sohag Al Gadida City,26.436325699999998,31.676727399999997,native_google,Google Maps,0.05,hospital,,unknown,map_only_unverified,low,1,FALSE,1,Google Maps,Google Maps,"بجوار خير زمان, مول ريتاج, 1 امتداد ميدان, Sohag Al Gadida City, Sohag Governorate 1642001, Egypt",FALSE,015 03888877,015 03888877,mobile,TRUE,TRUE,scraped_unverified
NEW1033,مستشفى راشد حمادي,مستشفي راشد حمادي,,ar,FALSE,Sohag,Sohag 2,26.5570159,31.7068967,native_google,Google Maps,0.05,hospital,,unknown,map_only_unverified,low,1,FALSE,1,Google Maps,Google Maps,"HP44+RQR, Sohag 2, Sohag Governorate 1684073, Egypt",FALSE,010 29988310,010 29988310,mobile,TRUE,TRUE,scraped_unverified
NEW1034,دار الطب - فرع سوهاج,دار الطب - فرع سوهاج,,ar,FALSE,Sohag,Sohag 2,26.554705499999997,31.706062499999998,native_google,Google Maps,0.05,hospital,,unknown,map_only_unverified,low,1,FALSE,1,Google Maps,Google Maps,"برج الرفاعي – الكورنيش الشرقي – أول شارع مستشفى مصر, Sohag 2, Sohag Governorate 82511, Egypt",FALSE,010 00778702,010 00778702,mobile,TRUE,TRUE,scraped_unverified
NEW1035,Fever Hospital Sohag,fever hospital sohag,,en,FALSE,Sohag,Sohag 2,26.5607948,31.6943386,native_google,Google Maps,0.05,hospital,,unknown,map_only_unverified,low,1,FALSE,1,Google Maps,Google Maps,"HM6V+8P8، شارع الكاشف، Al Kabsh, Sohag 2, Sohag Governorate 1682022, Egypt",FALSE,093 2325644,093 2325644,landline,TRUE,TRUE,scraped_unverified
NEW1036,مستشفى رمد سوهاج,مستشفي رمد سوهاج,,ar,FALSE,Sohag,Sohag 1,26.556303200000002,31.698442000000004,native_google,Google Maps,0.05,hospital,,unknown,map_only_unverified,low,1,FALSE,1,Google Maps,Google Maps,"HM4X+G9G, Kornish Al Nile, El-Khouly, Sohag 1, Sohag Governorate 1683001, Egypt",FALSE,093 2323027,093 2323027,landline,TRUE,TRUE,scraped_unverified
NEW1037,Sohag Oncology Institute معهد الاورام بسوهاج,Sohag Oncology Institute معهد الاورام بسوهاج,,ar,FALSE,Sohag,Sohag 1,26.538467999999998,31.7072511,native_google,Google Maps,0.05,hospital,,unknown,map_only_unverified,low,1,FALSE,1,Google Maps,Google Maps,"Kornish Al Nile, Al Kabsh, Sohag 1, Sohag Governorate 1670032, Egypt",FALSE,093 2320003,093 2320003,landline,TRUE,TRUE,scraped_unverified
NEW1038,مستشفي نور الحياة,مستشفي نور الحياة,,ar,FALSE,Sohag,Al Monshaah,26.4763791,31.8006264,native_google,Google Maps,0.05,hospital,,unknown,map_only_unverified,low,1,FALSE,1,Google Maps,Google Maps,"FRG2+H72, Al Monshaah, Sohag Governorate 1666102, Egypt",FALSE,010 21077865,010 21077865,mobile,TRUE,TRUE,scraped_unverified
NEW1039,مستشفى الصفا للأطفال,مستشفي الصفا للاطفال,,ar,FALSE,Sohag,Sohag 2,26.56197,31.690967199999996,native_google,Google Maps,0.05,hospital,,unknown,map_only_unverified,low,1,FALSE,1,Google Maps,Google Maps,"شارع الأرقم متفرع من، 15 St, Al Kabsh, Sohag 2, Sohag Governorate 1681017, Egypt",FALSE,012 10020054,012 10020054,mobile,TRUE,TRUE,scraped_unverified
NEW1040,Legislation Association Hospital For Premature Infants & Newborns,legislation association hospital for premature infants & newborns,,en,FALSE,Sohag,Sohag 2,26.5603041,31.6918148,native_google,Google Maps,0.05,hospital,,unknown,map_only_unverified,low,1,FALSE,1,Google Maps,Google Maps,"HM6R+4PG مدينة العرائس، Al Kabsh, Sohag 2, Sohag Governorate 1681012, Egypt",FALSE,093 2303310,093 2303310,landline,TRUE,TRUE,scraped_unverified
NEW1041,مركز الدكتور عبد الباسط عبد الحميد لأمراض النساء و التوليد,مركز الدكتور عبد الباسط عبد الحميد لامراض النساء و التوليد,,ar,FALSE,Sohag,Sohag 2,26.555441,31.696451500000002,native_google,Google Maps,0.05,hospital,,likely,map_only_unverified,low,1,FALSE,1,Google Maps,Google Maps,"برج الفردوس, ميدان الثقافة، شارع بورسعيد, Al Kabsh, Sohag 2, Sohag Governorate 82511, Egypt",FALSE,010 32338687,010 32338687,mobile,TRUE,TRUE,scraped_unverified
NEW1042,مستشفى الشهيد عبد المنعم رياض القديم,مستشفي الشهيد عبد المنعم رياض القديم,,ar,FALSE,Sohag,Sohag 1,26.550001899999998,31.693884899999997,native_google,Google Maps,0.05,hospital,,unknown,map_only_unverified,low,1,FALSE,1,Google Maps,Google Maps,"HM2V+2H2, El-Khouly, Sohag 1, Sohag Governorate 1674210, Egypt",FALSE,,,,FALSE,TRUE,scraped_unverified
NEW1043,مركز الدكتور هانى امين شحاتة للنساء و الولادة,مركز الدكتور هاني امين شحاتة للنساء و الولادة,,ar,FALSE,Sohag,قسم ثان سوهاج,26.5607679,31.6964083,native_google,Google Maps,0.05,medical_center,,likely,map_only_unverified,low,1,FALSE,1,Google Maps,Google Maps,"الكبش، قسم ثان سوهاج،، الكبش، قسم ثان سوهاج، سوهاج،،, الكبش، قسم ثان سوهاج، محافظة سوهاج 1683021, Egypt",FALSE,012 24342200,012 24342200,mobile,TRUE,TRUE,scraped_unverified
NEW1044,مستشفي جنين لجراحات النساء وعلاج العقم,مستشفي جنين لجراحات النساء وعلاج العقم,,ar,FALSE,Sohag,Sohag 1,26.560288600000003,31.695932900000003,native_google,Google Maps,0.05,hospital,,likely,map_only_unverified,low,1,FALSE,1,Google Maps,Google Maps,"HM6W+497, Al Shareaa Al Gadid, El-Khouly, Sohag 1, Sohag Governorate 1683021, Egypt",FALSE,010 91616990,010 91616990,mobile,TRUE,TRUE,scraped_unverified
NEW1045,مركز د/ ديفيد كمال للنساء و التوليد,مركز د/ ديفيد كمال للنساء و التوليد,,ar,FALSE,Sohag,Sohag 1,26.551881299999998,31.693789799999998,native_google,Google Maps,0.05,medical_center,,likely,map_only_unverified,low,1,FALSE,1,Google Maps,Google Maps,"العروبة, El-Khouly, Sohag 1, Sohag Governorate 1674220, Egypt",FALSE,012 03550088,012 03550088,mobile,TRUE,TRUE,scraped_unverified
NEW1046,InShape Clinic Sohag,inshape clinic sohag,,en,FALSE,Sohag,قسم ثان سوهاج,26.5670759,31.696191199999998,native_google,Google Maps,0.05,medical_center,,unknown,map_only_unverified,low,1,FALSE,1,Google Maps,Google Maps,"ش الجمهوريه امام محطة مياه غرب, اعلي carina, الكبش، قسم ثان سوهاج، محافظة سوهاج 1683083, Egypt",FALSE,02 21266800,02 21266800,landline,TRUE,TRUE,scraped_unverified
NEW1047,Rashid Hospital Pharmacy,rashid hospital pharmacy,,en,FALSE,Sohag,Sohag 1,26.556972299999998,31.706870900000002,native_google,Google Maps,0.05,pharmacy,,unknown,map_only_unverified,low,1,FALSE,1,Google Maps,Google Maps,"HP44+QPQ, El-Khouly, Sohag 1, Sohag Governorate 1684073, Egypt",FALSE,,,,FALSE,TRUE,scraped_unverified
NEW1048,مستشفي اجيال,مستشفي اجيال,,ar,FALSE,Sohag,Sohag 1,26.5535015,31.698169099999998,native_google,Google Maps,0.05,spa,,unknown,map_only_unverified,low,1,FALSE,1,Google Maps,Google Maps,"HM3X+C73, El-Khouly, Sohag 1, Sohag Governorate 1680036, Egypt",FALSE,,,,FALSE,TRUE,scraped_unverified
NEW1049,Sohag Cancer Center,sohag cancer center,,en,FALSE,Sohag,Sohag 2,26.5590737,31.6956705,native_google,Google Maps,0.05,medical_clinic,,unknown,map_only_unverified,low,1,FALSE,1,Google Maps,Google Maps,"Corniche El Nil El Gharby، El-Khouly, Sohag 2, Sohag Governorate 1683003, Egypt",FALSE,093 2320001,093 2320001,landline,TRUE,TRUE,scraped_unverified
NEW1050,د. بيشوي الشايب - استشاري النسا والتوليد,د. بيشوي الشايب - استشاري النسا والتوليد,,ar,FALSE,Sohag,Sohag 2,26.5593978,31.6961589,native_google,Google Maps,0.05,doctor,,likely,map_only_unverified,low,1,FALSE,1,Google Maps,Google Maps,"خلف مستشفي الهلال امام عصائر الخلاط, Al Kabsh, Sohag 2, Sohag Governorate 82522, Egypt",FALSE,,,,FALSE,TRUE,scraped_unverified
NEW1051,مركز جنين الطبي - أ.د/ محمد نور الدين سالم,مركز جنين الطبي - ا.د/ محمد نور الدين سالم,,ar,FALSE,Sohag,قسم ثان سوهاج,26.5590737,31.6956705,native_google,Google Maps,0.05,point_of_interest,,unknown,map_only_unverified,low,1,FALSE,1,Google Maps,Google Maps,"سوهاج – خلف مستشفى الهلال – برج الحاج طه عثمان أمام كافيه, سلطانة, الكبش، قسم ثان سوهاج، محافظة سوهاج 1683003, Egypt",FALSE,011 46860009,011 46860009,mobile,TRUE,TRUE,scraped_unverified
NEW1052,Chest Hospital,chest hospital,,en,FALSE,Sohag,Sohag 2,26.561659499999998,31.6935926,native_google,Google Maps,0.05,hospital,,unknown,map_only_unverified,low,1,FALSE,1,Google Maps,Google Maps,"HM6V+MC8، شارع التحرير، Al Kabsh, Sohag 2, Sohag Governorate 1682023, Egypt",FALSE,,,,FALSE,TRUE,scraped_unverified
NEW1053,مستشفي الامراض المتواطنه,مستشفي الامراض المتواطنه,,ar,FALSE,Sohag,Sohag 2,26.563175299999997,31.693500399999994,native_google,Google Maps,0.05,hospital,,unknown,map_only_unverified,low,1,FALSE,1,Google Maps,Google Maps,"HM7V+7CC، شارع التحرير، Qelfaw, Sohag 2, Sohag Governorate 1682026, Egypt",FALSE,,,,FALSE,TRUE,scraped_unverified
NEW1054,معامل المتحدة للتحاليل الطبية,معامل المتحدة للتحاليل الطبية,,ar,FALSE,Sohag,قسم أول سوهاج,26.552570199999998,31.696256899999998,native_google,Google Maps,0.05,hospital,,unknown,map_only_unverified,low,1,FALSE,1,Google Maps,Google Maps,"شارع المحطةا بجوار مسجد السكة الحديد, الكبش، قسم أول سوهاج، محافظة سوهاج 1674140, Egypt",FALSE,012 05104055,012 05104055,mobile,TRUE,TRUE,scraped_unverified
NEW1055,عيادة العاشر من رمضان بسوهاج,عيادة العاشر من رمضان بسوهاج,,ar,FALSE,Sohag,Sohag 2,26.5590737,31.6956705,native_google,Google Maps,0.05,hospital,,unknown,map_only_unverified,low,1,FALSE,1,Google Maps,Google Maps,"HM5W+J7F, Al Kabsh, Sohag 2, Sohag Governorate 1683003, Egypt",FALSE,,,,FALSE,TRUE,scraped_unverified
NEW1056,مركز كارما لجراحات النساء والتوليد وجراحات المناظير بسزهاج,مركز كارما لجراحات النساء والتوليد وجراحات المناظير بسزهاج,,ar,FALSE,Sohag,Sohag 2,26.556079999999998,31.695165,native_google,Google Maps,0.05,consultant,,likely,map_only_unverified,low,1,FALSE,1,Google Maps,Google Maps,"شارع بسطا امام محطه القطار بجوار مستشفي جريت توماس أمام شركة الكبش الموتوسيكلات, Al Kabsh, Sohag 2, Sohag Governorate 1680051, Egypt",FALSE,012 05925676,012 05925676,mobile,TRUE,TRUE,scraped_unverified
NEW1057,مركز العوضي الطبي,مركز العوضي الطبي,,ar,FALSE,Sohag,Sohag 2,26.5590737,31.6956705,native_google,Google Maps,0.05,hospital,,unknown,map_only_unverified,low,1,FALSE,1,Google Maps,Google Maps,"جرجا بندار مرور بنجع كمالي، البياضي والقرية، قسم مدينة جرجا، جرجا، Al Kabsh, Sohag 2, Sohag Governorate 1683003, Egypt",FALSE,010 06334111,010 06334111,mobile,TRUE,TRUE,scraped_unverified
NEW1058,مركز أطباء القاهرة أفضل الاستشاريين,مركز اطباء القاهرة افضل الاستشاريين,,ar,FALSE,Sohag,Sohag 1,26.553892299999998,31.694533699999997,native_google,Google Maps,0.05,medical_center,,unknown,map_only_unverified,low,1,FALSE,1,Google Maps,Google Maps,"HM3V+CPF, El-Khouly, Sohag 1, Sohag Governorate 1674222, Egypt",FALSE,,,,FALSE,TRUE,scraped_unverified
NEW1059,مراكز نوفا سكوب لجراحات النسا والتوليد دكتور مينا اسكندر,مراكز نوفا سكوب لجراحات النسا والتوليد دكتور مينا اسكندر,,ar,FALSE,Sohag,Sohag 2,26.563534399999998,31.687258599999996,native_google,Google Maps,0.05,medical_center,,likely,map_only_unverified,low,1,FALSE,1,Google Maps,Google Maps,"أمام مجمع محاكم سوهاج شارع مستشفي ناصر للاطفال, Asuit - Sohag Rd, Al Kabsh, Sohag 2, Sohag Governorate 1681022, Egypt",FALSE,010 19593886,010 19593886,mobile,TRUE,TRUE,scraped_unverified
NEW1060,gosam hospital,gosam hospital,,en,FALSE,Sohag,Sohag 2,26.562980099999997,31.6942206,native_google,Google Maps,0.05,hospital,,unknown,map_only_unverified,low,1,FALSE,1,Google Maps,Google Maps,"HM7V+5MX أمام معهد الفتيات, Al Kabsh, Sohag 2, Sohag Governorate 1683023, Egypt",FALSE,011 21990569,011 21990569,mobile,TRUE,TRUE,scraped_unverified
NEW1061,Faculty Of Medicine Sohag university,faculty of medicine sohag university,,en,FALSE,Sohag,Sohag 2,26.5648977,31.7075379,native_google,Google Maps,0.05,educational_institution,,unknown,map_only_unverified,low,1,FALSE,1,Google Maps,Google Maps,"Sohag University St, Sohag 2, Sohag Governorate 1684097, Egypt",FALSE,093 4602963,093 4602963,landline,TRUE,TRUE,scraped_unverified
NEW1062,بسمة سنتر-Basma Gameel center,بسمة سنتر-Basma Gameel center,,ar,FALSE,Sohag,Sohag 2,26.5601816,31.695772399999996,native_google,Google Maps,0.05,medical_center,,unknown,map_only_unverified,low,1,FALSE,1,Google Maps,Google Maps,"سوهاج ش الكاشف المتفرع من ش الجمهورية خلف مستشفى الهلال سوهاج، Al Kabsh, Sohag 2, Sohag Governorate 82749, Egypt",FALSE,010 06336148,010 06336148,mobile,TRUE,TRUE,scraped_unverified
NEW1063,دار سلامة عبدالله للامومة والطفولة,دار سلامة عبدالله للامومة والطفولة,,ar,FALSE,Sohag,قسم ثان سوهاج,26.557538700000002,31.695123899999995,native_google,Google Maps,0.05,hospital,,likely,map_only_unverified,low,1,FALSE,1,Google Maps,Google Maps,"بجوار, Al Thakafah, الكبش، قسم ثان سوهاج، محافظة سوهاج 1682001, Egypt",FALSE,,,,FALSE,TRUE,scraped_unverified
NEW1064,الهلال سكان,الهلال سكان,,ar,FALSE,Sohag,مركز سوهاج,26.5654313,31.6966371,native_google,Google Maps,0.05,hospital,,unknown,map_only_unverified,low,1,FALSE,1,Google Maps,Google Maps,"53 الجمهورية،, قلفاو، مركز سوهاج، محافظة سوهاج 1683081, Egypt",FALSE,,,,FALSE,TRUE,scraped_unverified
NEW1065,Regional Union For Sohag Labors Syndicates,regional union for sohag labors syndicates,,en,FALSE,Sohag,Sohag 2,26.5590737,31.6956705,native_google,Google Maps,0.05,hospital,,unknown,map_only_unverified,low,1,FALSE,1,Google Maps,Google Maps,"Al Kabsh, Sohag 2, Sohag Governorate 1683003, Egypt",FALSE,093 2334347,093 2334347,landline,TRUE,TRUE,scraped_unverified
NEW1066,د. يسري عثمان الحفيضي,د. يسري عثمان الحفيضي,,ar,FALSE,Sohag,Sohag 1,26.5535663,31.6942917,native_google,Google Maps,0.05,medical_center,,unknown,map_only_unverified,low,1,FALSE,1,Google Maps,Google Maps,"El-Khouly, Sohag 1, Sohag Governorate 1674222, Egypt",FALSE,011 42683450,011 42683450,mobile,TRUE,TRUE,scraped_unverified
NEW1067,مركز الأمل للطب النفسى وعلاج الإدمان,مركز الامل للطب النفسي وعلاج الادمان,,ar,FALSE,Sohag,Sohag 2,26.5737962,31.695609299999997,native_google,Google Maps,0.05,hospital,,unknown,map_only_unverified,low,1,FALSE,1,Google Maps,Google Maps,"HMFW+G69, Qelfaw, Sohag 2, Sohag Governorate 1683088, Egypt",FALSE,012 70600102,012 70600102,mobile,TRUE,TRUE,scraped_unverified
NEW1068,مركز جزيرة العرب لجراحات العيون,مركز جزيرة العرب لجراحات العيون,,ar,FALSE,Sohag,قسم أول سوهاج,26.5546108,31.693953199999996,native_google,Google Maps,0.05,medical_center,,unknown,map_only_unverified,low,1,FALSE,1,Google Maps,Google Maps,"ميدان العروبة- برج خالد بن الوليد - اعلي صيدلية البرج, الكبش، قسم أول سوهاج، محافظة سوهاج 82511, Egypt",FALSE,,,,FALSE,TRUE,scraped_unverified
NEW1069,مركز د.مينا مكرم لجراحة المناظير والاورام والجراحه العامة وجراحات السمنة,مركز د.مينا مكرم لجراحة المناظير والاورام والجراحه العامة وجراحات السمنة,,ar,FALSE,Sohag,Sohag 2,26.559899100000003,31.695816499999996,native_google,Google Maps,0.05,medical_center,,unknown,map_only_unverified,low,1,FALSE,1,Google Maps,Google Maps,"El gehad st, Al Kabsh, Sohag 2, Sohag Governorate 1683020, Egypt",FALSE,010 01567447,010 01567447,mobile,TRUE,TRUE,scraped_unverified
NEW1070,المركز المصري للعيون,المركز المصري للعيون,,ar,FALSE,Sohag,Sohag 2,26.560593700000002,31.690974599999997,native_google,Google Maps,0.05,hospital,,unknown,map_only_unverified,low,1,FALSE,1,Google Maps,Google Maps,"HM6R+69Q, Asuit - Sohag Rd, Al Kabsh, Sohag 2, Sohag Governorate 1681013, Egypt",FALSE,,,,FALSE,TRUE,scraped_unverified
NEW1071,Dr. Bavly Hany Amin – Gynecologic Laparoscopy | Sohag,dr. bavly hany amin – gynecologic laparoscopy | sohag,,en,FALSE,Sohag,Sohag 2,26.5606561,31.696474499999997,native_google,Google Maps,0.05,medical_center,,likely,map_only_unverified,low,1,FALSE,1,Google Maps,Google Maps,"شارع الجهاد, Al Kabsh, Sohag 2, Sohag Governorate 82511, Egypt",FALSE,012 04942009,012 04942009,mobile,TRUE,TRUE,scraped_unverified
NEW1072,شركة الإيمان للخدمات الطبية المنزلية,شركة الايمان للخدمات الطبية المنزلية,,ar,FALSE,Sohag,Sohag 2,26.5590737,31.6956705,native_google,Google Maps,0.05,hospital,,unknown,map_only_unverified,low,1,FALSE,1,Google Maps,Google Maps,"الزهراء خلف البنك الأهلي بجوار كازيون، Al Kabsh, Sohag 2, Sohag Governorate 1683003, Egypt",FALSE,010 30373918,010 30373918,mobile,TRUE,TRUE,scraped_unverified
NEW1073,St. George church,st. george church,,en,FALSE,Sohag,Sohag 2,26.558235399999997,31.695215700000002,native_google,Google Maps,0.05,church,,unknown,map_only_unverified,low,1,FALSE,1,Google Maps,Google Maps,"شارع التحرير مستشفى الهلال عند كنيسه ماري جرجس بجوار سامح سنتر بتاع، Al Kabsh, Sohag 2, Sohag Governorate 1682001, Egypt",FALSE,093 2332988,093 2332988,landline,TRUE,TRUE,scraped_unverified
NEW1074,New Sohag University Hospital,new sohag university hospital,,en,FALSE,Sohag,Kharga,26.445848200000004,31.6670543,native_google,Google Maps,0.05,hospital,,unknown,map_only_unverified,low,1,FALSE,1,Google Maps,Google Maps,"Unnamed Road, Kharga, محافظة الوادي الجديد 1646081, Egypt",FALSE,,,,FALSE,TRUE,scraped_unverified
NEW1075,المستشفى العام,المستشفي العام,,ar,FALSE,Sohag,Sohag 1,26.5535015,31.698169099999998,native_google,Google Maps,0.05,general_hospital,,unknown,map_only_unverified,low,1,FALSE,1,Google Maps,Google Maps,"HM3X+C73, El-Khouly, Sohag 1, Sohag Governorate 1680036, Egypt",FALSE,,,,FALSE,TRUE,scraped_unverified
NEW1076,مستشفي حواء لأمراض النساء,مستشفي حواء لامراض النساء,,ar,FALSE,Sohag,Sohag,26.571194799999997,31.6863238,native_google,Google Maps,0.05,medical_center,,likely,map_only_unverified,low,1,FALSE,1,Google Maps,Google Maps,"HMCP+FGG, El-Tahrir, Awlad Naseer, Sohag, Sohag Governorate 1697040, Egypt",FALSE,,,,FALSE,TRUE,scraped_unverified
NEW1077,مركز د. شريف عوض للنساء و التوليد,مركز د. شريف عوض للنساء و التوليد,,ar,FALSE,Sohag,Sohag 1,26.5523243,31.6914274,native_google,Google Maps,0.05,hospital,,likely,map_only_unverified,low,1,FALSE,1,Google Maps,Google Maps,"El-Khouly, Sohag 1, Sohag Governorate 1674205, Egypt",FALSE,011 44440070,011 44440070,mobile,TRUE,TRUE,scraped_unverified
NEW1078,Sara Center For Obs. & Gyna Sohag مركز سارة للنساء والتوليد وجراحات المناظير بسوهاج,Sara Center For Obs. & Gyna Sohag مركز سارة للنساء والتوليد وجراحات المناظير بسوهاج,,ar,FALSE,Sohag,مركز سوهاج,26.5551198,31.6971967,native_google,Google Maps,0.05,doctor,,likely,map_only_unverified,low,1,FALSE,1,Google Maps,Google Maps,"Abdalmeniem Street, Beside Alkhalifa Tower, Althaqafa Square, الكبش، مركز سوهاج، محافظة سوهاج 82511, Egypt",FALSE,015 54397095,015 54397095,mobile,TRUE,TRUE,scraped_unverified
NEW1079,مستشفى جنات,مستشفي جنات,,ar,FALSE,Sohag,Sohag,26.531776299999997,31.701826200000003,native_google,Google Maps,0.05,hospital,,unknown,map_only_unverified,low,1,FALSE,1,Google Maps,Google Maps,"100 تقسيم الشروق - طريق بلصفورة، Saleh, Sohag, Sohag Governorate 82311, Egypt",FALSE,,,,FALSE,TRUE,scraped_unverified
NEW1080,مستشفى د.محمود فهمى منصور,مستشفي د.محمود فهمي منصور,,ar,FALSE,Sohag,Sohag,26.561709,31.6842074,native_google,Google Maps,0.05,hospital,,unknown,map_only_unverified,low,1,FALSE,1,Google Maps,Google Maps,"كوبرى المرور، Awlad Naseer, Sohag, Sohag Governorate 1694007, Egypt",FALSE,093 2357373,093 2357373,landline,TRUE,TRUE,scraped_unverified
NEW1081,مركز حواء للولادة والاطفال,مركز حواء للولادة والاطفال,,ar,FALSE,Sohag,Sohag 2,26.5709216,31.6859319,native_google,Google Maps,0.05,hospital,,likely,map_only_unverified,low,1,FALSE,1,Google Maps,Google Maps,"HMCP+997, Awlad Naseer, Sohag 2, Sohag Governorate 1681068, Egypt",FALSE,,,,FALSE,TRUE,scraped_unverified
NEW1082,مركز د. السيد ياسين Dr.El-Sayed Yassin Center,مركز د. السيد ياسين Dr.El-Sayed Yassin Center,,ar,FALSE,Sohag,قسم أول سوهاج,26.5700171,31.6953917,native_google,Google Maps,0.05,hospital,,unknown,map_only_unverified,low,1,FALSE,1,Google Maps,Google Maps,"Sohag, الخولي، قسم أول سوهاج، محافظة سوهاج 1683086, Egypt",FALSE,010 62452178,010 62452178,mobile,TRUE,TRUE,scraped_unverified
NEW1083,مركز الدكتور : حازم عبد الغفار / للنساء والتوليد والحقن المجهري,مركز الدكتور : حازم عبد الغفار / للنساء والتوليد والحقن المجهري,,ar,FALSE,Sohag,Sohag 1,26.5472461,31.702390599999998,native_google,Google Maps,0.05,doctor,,likely,map_only_unverified,low,1,FALSE,1,Google Maps,Google Maps,"Unnamed Road الكبش، قسم ثان سوهاج،، GPW2+VXR, Sohag 1, Sohag Governorate 1671006, Egypt",FALSE,010 10104491,010 10104491,mobile,TRUE,TRUE,scraped_unverified
NEW1084,مركز الدكتور باسم جلال نسا وتوليد,مركز الدكتور باسم جلال نسا وتوليد,,ar,FALSE,Sohag,Sohag 2,26.5513484,31.700910999999994,native_google,Google Maps,0.05,medical_center,,likely,map_only_unverified,low,1,FALSE,1,Google Maps,Google Maps,"El-Khouly, Sohag 2, Sohag Governorate 82519, Egypt",FALSE,012 72273444,012 72273444,mobile,TRUE,TRUE,scraped_unverified
NEW1085,مستشفى جريت توماس التخصصي الخيرى,مستشفي جريت توماس التخصصي الخيري,,ar,FALSE,Sohag,Sohag 1,26.550265699999997,31.697236699999998,native_google,Google Maps,0.05,hospital,,unknown,map_only_unverified,low,1,FALSE,1,Google Maps,Google Maps,"شارع بسطه، متفرع من شارع المحطه، El-Khouly, Sohag 1, Sohag Governorate 1674120, Egypt",FALSE,012 07242204,012 07242204,mobile,TRUE,TRUE,scraped_unverified
NEW1086,مركز الدكتور صموئيل جورج لأمراض النساء والتوليد,مركز الدكتور صموئيل جورج لامراض النساء والتوليد,,ar,FALSE,Sohag,Sohag 2,26.566268200000003,31.694482200000003,native_google,Google Maps,0.05,doctor,,likely,map_only_unverified,low,1,FALSE,1,Google Maps,Google Maps,"بجوار بيت الرحمة شارع 16، Al Kabsh, Sohag 2, Sohag Governorate 1683040, Egypt",FALSE,093 2710678,093 2710678,landline,TRUE,TRUE,scraped_unverified
NEW1087,مركز سان بولا ( د/ أمجد عبده ),مركز سان بولا ( د/ امجد عبده ),,ar,FALSE,Sohag,Sohag 2,26.5694061,31.683686899999994,native_google,Google Maps,0.05,doctor,,unknown,map_only_unverified,low,1,FALSE,1,Google Maps,Google Maps,"شارع رقم ٧٢، سيتي, سوهاج،, الكبش، قسم ثان سوهاج، سوهاج 1681061،، Al Kabsh, Sohag 2, Sohag Governorate 1681066, Egypt",FALSE,012 24977670,012 24977670,mobile,TRUE,TRUE,scraped_unverified
NEW1088,ا.د علام العديسي,ا.د علام العديسي,,ar,FALSE,Sohag,Sohag 1,26.534041,31.7003366,native_google,Google Maps,0.05,hospital,,unknown,map_only_unverified,low,1,FALSE,1,Google Maps,Google Maps,"GPM2+J48, Al Moinshaa - Souhag Rd, Saleh, Sohag 1, Sohag Governorate 1672001, Egypt",FALSE,012 26323651,012 26323651,mobile,TRUE,TRUE,scraped_unverified
NEW1089,مركز الام والجنين,مركز الام والجنين,,ar,FALSE,Sohag,Sohag 1,26.5471263,31.7024869,native_google,Google Maps,0.05,hospital,,unknown,map_only_unverified,low,1,FALSE,1,Google Maps,Google Maps,"سوهاج، الكبش، قسم ثان سوهاج،، GPW2+VX5, Sohag 1, Sohag Governorate 1671006, Egypt",FALSE,,,,FALSE,TRUE,scraped_unverified
NEW1090,Ibn Sina Hospital,ibn sina hospital,,en,FALSE,Sohag,Sohag 2,26.5471331,31.702477,native_google,Google Maps,0.05,hospital,,unknown,map_only_unverified,low,1,FALSE,1,Google Maps,Google Maps,"GPW2+VX5، شارع المحطةا لورشة، Al Kabsh, Sohag 2, Sohag Governorate 1671006, Egypt",FALSE,093 2323675,093 2323675,landline,TRUE,TRUE,scraped_unverified
NEW1091,دكتور محمد مقبل مركز ألفا للولادة و علاج العقم,دكتور محمد مقبل مركز الفا للولادة و علاج العقم,,ar,FALSE,Sohag,Sohag 2,26.5517288,31.7013048,native_google,Google Maps,0.05,hospital,,likely,map_only_unverified,low,1,FALSE,1,Google Maps,Google Maps,"HP22+MGV قبل مؤسسة النظارات و بحوار فندق جراند ابو الوفا, شارع البحر, Al Kabsh, Sohag 2, Sohag Governorate 1680011, Egypt",FALSE,010 20021171,010 20021171,mobile,TRUE,TRUE,scraped_unverified
NEW1092,مستشفى الأمل,مستشفي الامل,,ar,FALSE,Sohag,Sohag,26.5613694,31.684997300000003,native_google,Google Maps,0.05,hospital,,unknown,map_only_unverified,low,1,FALSE,1,Google Maps,Google Maps,"HM6M+FXW, Awlad Naseer, Sohag, Sohag Governorate 1694007, Egypt",FALSE,,,,FALSE,TRUE,scraped_unverified
NEW1093,Akhmeem Central Hospital,akhmeem central hospital,,en,FALSE,Sohag,Akhmim,26.5623242,31.7298819,native_google,Google Maps,0.05,hospital,,unknown,map_only_unverified,low,1,FALSE,1,Google Maps,Google Maps,"HP6H+WXC، طريق ناصر الزراعى، Akhmim, Sohag Governorate 1821457, Egypt",FALSE,093 2859263,093 2859263,landline,TRUE,TRUE,scraped_unverified
NEW1094,El Shahid Abdel Moneim Riad Hospital,el shahid abdel moneim riad hospital,,en,FALSE,Sohag,Sohag 1,26.5565057,31.687331200000003,native_google,Google Maps,0.05,hospital,,unknown,map_only_unverified,low,1,FALSE,1,Google Maps,Google Maps,"HM4P+JW4، ش الجرجاوية الشرقى، حى غرب، Sohag 1, Sohag Governorate 1674312, Egypt",FALSE,093 2333110,093 2333110,landline,TRUE,TRUE,scraped_unverified
NEW1095,Health Affairs Directorate - Sohag,health affairs directorate - sohag,,en,FALSE,Sohag,Sohag,26.557159,31.711440999999997,native_google,Google Maps,0.05,medical_clinic,,unknown,map_only_unverified,low,1,FALSE,1,Google Maps,Google Maps,"ش مصنع البيبسى، سوهاج، Sohag, Sohag Governorate 1684080, Egypt",FALSE,093 4601248,093 4601248,landline,TRUE,TRUE,scraped_unverified
NEW1096,مستشفي جهينة النموذجي,مستشفي جهينة النموذجي,,ar,FALSE,Sohag,Juhaynah West,26.669190099999998,31.5028564,native_google,Google Maps,0.05,hospital,,unknown,map_only_unverified,low,1,FALSE,1,Google Maps,Google Maps,"امام مستشفي، شارع الشهداء، جهينة، Juhaynah West, Sohag Governorate 1731345, Egypt",FALSE,,,,FALSE,TRUE,scraped_unverified
NEW1097,Safaga Central Hospital,safaga central hospital,,en,FALSE,Sohag,سفاجا,26.7556664,33.9409855,native_google,Google Maps,0.05,hospital,,unknown,map_only_unverified,low,1,FALSE,1,Google Maps,Google Maps,"QW4V+F2G، سفاجا،، سفاجا، محافظة البحر الأحمر 1943301, Egypt",FALSE,065 3251549,065 3251549,landline,TRUE,TRUE,scraped_unverified
NEW1098,مستشفى جهينة العام,مستشفي جهينة العام,,ar,FALSE,Sohag,Juhaynah West,26.6691821,31.5026528,native_google,Google Maps,0.05,hospital,,unknown,map_only_unverified,low,1,FALSE,1,Google Maps,Google Maps,"MG93+M3C, Geheinah, Juhaynah West, Sohag Governorate 1731345, Egypt",FALSE,,,,FALSE,TRUE,scraped_unverified
NEW1099,معمل الاسراء المركزي,معمل الاسراء المركزي,,ar,FALSE,Sohag,Sohag 2,26.564142399999998,31.6857308,native_google,Google Maps,0.05,medical_center,,unknown,map_only_unverified,low,1,FALSE,1,Google Maps,Google Maps,"سوهاج - طهطا أولاد نصير، مركز سوهاج، HM7P+M75, Awlad Naseer, Sohag 2, Sohag Governorate 1681004, Egypt",FALSE,,,,FALSE,TRUE,scraped_unverified
NEW1100,Safety Hospital,safety hospital,,en,FALSE,Sohag,Akhmim,26.5714111,31.755129899999996,native_google,Google Maps,0.05,hospital,,unknown,map_only_unverified,low,1,FALSE,1,Google Maps,Google Maps,"HQC4+H36، الخلوه، Akhmim, Sohag Governorate 1821858, Egypt",FALSE,,,,FALSE,TRUE,scraped_unverified
NEW1101,مجمع العبيدان الطبي فرع أخميم,مجمع العبيدان الطبي فرع اخميم,,ar,FALSE,Sohag,مركز أخميم,26.5612086,31.7364044,native_google,Google Maps,0.05,hospital,,unknown,map_only_unverified,low,1,FALSE,1,Google Maps,Google Maps,"شارع حلمي الشريف - امام زاوية مفتاح, أخميم، مركز أخميم، محافظة سوهاج 82714, Egypt",FALSE,011 51577789,011 51577789,mobile,TRUE,TRUE,scraped_unverified
NEW1102,مستشفي الياسمين,مستشفي الياسمين,,ar,FALSE,Sohag,Akhmim,26.566441200000003,31.751058299999993,native_google,Google Maps,0.05,hospital,,unknown,map_only_unverified,low,1,FALSE,1,Google Maps,Google Maps,"HQ82+H98, Akhmim, Sohag Governorate 1821835, Egypt",FALSE,,,,FALSE,TRUE,scraped_unverified
NEW1103,Al_Khelwa Medical Unit,al_khelwa medical unit,,en,FALSE,Sohag,Akhmim,26.5781451,31.7502399,native_google,Google Maps,0.05,hospital,,unknown,map_only_unverified,low,1,FALSE,1,Google Maps,Google Maps,"HQH2+735, Akhmim, Sohag Governorate 1823831, Egypt",FALSE,,,,FALSE,TRUE,scraped_unverified
NEW1104,مستشفي عبد الحليم محمود الاسلامي,مستشفي عبد الحليم محمود الاسلامي,,ar,FALSE,Sohag,Akhmim,26.5657072,31.7491592,native_google,Google Maps,0.05,hospital,,unknown,map_only_unverified,low,1,FALSE,1,Google Maps,Google Maps,"HP8X+7MM, Akhmim, Sohag Governorate 1821828, Egypt",FALSE,011 10444775,011 10444775,mobile,TRUE,TRUE,scraped_unverified
NEW1105,الادارة الصحية باخميم,الادارة الصحية باخميم,,ar,FALSE,Sohag,Akhmim,26.562331999999998,31.729968999999997,native_google,Google Maps,0.05,hospital,,unknown,map_only_unverified,low,1,FALSE,1,Google Maps,Google Maps,"بجوار مستشفى المركزى, شارع ناصر الزراعي, Akhmim, Sohag Governorate 1821457, Egypt",FALSE,093 2582036,093 2582036,landline,TRUE,TRUE,scraped_unverified
NEW1106,الجمعيه الخيريه الاسلاميه باخميم,الجمعيه الخيريه الاسلاميه باخميم,,ar,FALSE,Sohag,Akhmim,26.565658,31.749112600000004,native_google,Google Maps,0.05,hospital,,unknown,map_only_unverified,low,1,FALSE,1,Google Maps,Google Maps,"HP8X+7J9، شارع العقيد، Akhmim, Sohag Governorate 1821828, Egypt",FALSE,,,,FALSE,TRUE,scraped_unverified
NEW1107,مركز الدار للطب النفسى وعلاج الإدمان,مركز الدار للطب النفسي وعلاج الادمان,,ar,FALSE,Sohag,مركز أخميم,26.5692667,31.736787300000003,native_google,Google Maps,0.05,medical_center,,unknown,map_only_unverified,low,1,FALSE,1,Google Maps,Google Maps,"٤٢ طريق, أخميم - سوهاج، أخميم، مركز أخميم، محافظة سوهاج 1823430, Egypt",FALSE,011 16380538,011 16380538,mobile,TRUE,TRUE,scraped_unverified
NEW1108,مستشفى السوق,مستشفي السوق,,ar,FALSE,Sohag,Akhmim,26.562989599999998,31.7481843,native_google,Google Maps,0.05,hospital,,unknown,map_only_unverified,low,1,FALSE,1,Google Maps,Google Maps,"HP7X+792, Akhmim, Sohag Governorate 1821663, Egypt",FALSE,,,,FALSE,TRUE,scraped_unverified
NEW1109,مركز الشفاء الطبي للنساء والتوليد(د.دولت القاضي د. شهرت القاضي),مركز الشفاء الطبي للنساء والتوليد(د.دولت القاضي د. شهرت القاضي),,ar,FALSE,Sohag,مركز أخميم,26.5608911,31.7447913,native_google,Google Maps,0.05,hospital,,likely,map_only_unverified,low,1,FALSE,1,Google Maps,Google Maps,"الاتحاد العربي, اخميم -بحري الري بجوار السوبر جيت, HP6V+9W3، أخميم، مركز أخميم، محافظة سوهاج 1821628, Egypt",FALSE,012 02675864,012 02675864,mobile,TRUE,TRUE,scraped_unverified
NEW1110,مستوصف الديابات الطبي بعمارة اولاد المرحوم الحاج زكي همام يوسف,مستوصف الديابات الطبي بعمارة اولاد المرحوم الحاج زكي همام يوسف,,ar,FALSE,Sohag,Akhmim,26.5794352,31.7855726,native_google,Google Maps,0.05,medical_center,,unknown,map_only_unverified,low,1,FALSE,1,Google Maps,Google Maps,"بجوار المدرسه الابتدائية ومنزل اولا المرحوم الحاج زكي همام يوسف، Ad Dababat, Akhmim, Sohag Governorate 1824620, Egypt",FALSE,,,,FALSE,TRUE,scraped_unverified
NEW1111,مستشفى محمد جلال ابو طالب بندر اخميم,مستشفي محمد جلال ابو طالب بندر اخميم,,ar,FALSE,Sohag,مركز أخميم,26.571801299999997,31.7463636,native_google,Google Maps,0.05,hospital,,unknown,map_only_unverified,low,1,FALSE,1,Google Maps,Google Maps,"HPCW+PGH، بندر، مركز أخميم، محافظة سوهاج 1823617, Egypt",FALSE,,,,FALSE,TRUE,scraped_unverified
NEW1112,مجمع عيادات ومعمل تحاليل الزهراء التخصصي,مجمع عيادات ومعمل تحاليل الزهراء التخصصي,,ar,FALSE,Sohag,Akhmim,26.5533902,31.739857899999997,native_google,Google Maps,0.05,medical_center,,unknown,map_only_unverified,low,1,FALSE,1,Google Maps,Google Maps,"HP3Q+9W5, Akhmim, Sohag Governorate 1821421, Egypt",FALSE,010 13374594,010 13374594,mobile,TRUE,TRUE,scraped_unverified
NEW1113,El Fayoumy Hospital,el fayoumy hospital,,en,FALSE,Sohag,Toukh,30.357430299999997,31.197161,native_google,Google Maps,0.05,hospital,,unknown,map_only_unverified,low,1,FALSE,1,Google Maps,Google Maps,"954W+XVF, Toukh City, Toukh, Al-Qalyubia Governorate 6440601, Egypt",FALSE,013 2460177,013 2460177,landline,TRUE,TRUE,scraped_unverified
NEW1114,The Behman Hospital,the behman hospital,,en,FALSE,Sohag,Helwan,29.8552644,31.338829099999995,native_google,Google Maps,0.05,hospital,,unknown,map_only_unverified,low,1,FALSE,1,Google Maps,Google Maps,"32 El-Marsad St، V83P+QR4, Al Marsad, Helwan Sharkeya, Helwan, Cairo Governorate 4036464, Egypt",FALSE,02 28166610,02 28166610,landline,TRUE,TRUE,scraped_unverified
NEW1115,"Al-Mabarra Hospital, Old Cairo","al-mabarra hospital, old cairo",,en,FALSE,Sohag,Old Cairo,30.017131499999998,31.231689300000003,native_google,Google Maps,0.05,hospital,,unknown,map_only_unverified,low,1,FALSE,1,Google Maps,Google Maps,"268J+VM4, Al Seka Al Hadid, Al Anwar WA Ashash Al Baroun, Old Cairo, Cairo Governorate 4246010, Egypt",FALSE,02 23625680,02 23625680,landline,TRUE,TRUE,scraped_unverified
NEW1116,Al Mahaba Hospital,al mahaba hospital,,en,FALSE,Sohag,Rod El Farag,30.065431,31.2433332,native_google,Google Maps,0.05,hospital,,unknown,map_only_unverified,low,1,FALSE,1,Google Maps,Google Maps,"368V+58G, Qasouret Ash Shawam, Rod El Farag, Cairo Governorate 4341250, Egypt",FALSE,02 25769269,02 25769269,landline,TRUE,TRUE,scraped_unverified
NEW1117,Health unit in the village of Pindar Akarmanah,health unit in the village of pindar akarmanah,,en,FALSE,Sohag,Sohag,26.5494916,31.7757708,native_google,Google Maps,0.05,hospital,,unknown,map_only_unverified,low,1,FALSE,1,Google Maps,Google Maps,"GQXG+Q8R, Bendar Al Kermaneyah, Sohag, Sohag Governorate 1696744, Egypt",FALSE,,,,FALSE,TRUE,scraped_unverified
NEW1118,Fayoumy hospital,fayoumy hospital,,en,FALSE,Sohag,العبور,30.179006,31.4511767,native_google,Google Maps,0.05,hospital,,unknown,map_only_unverified,low,1,FALSE,1,Google Maps,Google Maps,"قطعة 8 بلوك 20044 امتداد غرب, العبور، محافظة القليوبية 6360001, Egypt",FALSE,,,,FALSE,TRUE,scraped_unverified
NEW1119,مستوصف العكش,مستوصف العكش,,ar,FALSE,Sohag,Sohag,26.531238800000004,31.736396000000003,native_google,Google Maps,0.05,hospital,,unknown,map_only_unverified,low,1,FALSE,1,Google Maps,Google Maps,"GPHP+QF7, Sohag, Sohag Governorate 1696211, Egypt",FALSE,,,,FALSE,TRUE,scraped_unverified
NEW1120,مؤسسة هيمو كيور سوهاج,مؤسسة هيمو كيور سوهاج,,ar,FALSE,Sohag,Akhmim,26.562226,31.7267297,native_google,Google Maps,0.05,hospital,,unknown,map_only_unverified,low,1,FALSE,1,Google Maps,Google Maps,"HP6G+VMX, Akhmim, Sohag Governorate 1821454, Egypt",FALSE,,,,FALSE,TRUE,scraped_unverified
NEW1121,وحدة صحة الاسرة بالحواويش,وحدة صحة الاسرة بالحواويش,,ar,FALSE,Sohag,Akhmim,26.589219699999997,31.7820283,native_google,Google Maps,0.05,hospital,,unknown,map_only_unverified,low,1,FALSE,1,Google Maps,Google Maps,"HQQJ+MRJ, Al Hawaweesh - Sohag, الدبابات، Akhmim, Sohag Governorate 1824688, Egypt",FALSE,,,,FALSE,TRUE,scraped_unverified
NEW1122,صيدليات الرحمة فرع مستشفى أخميم,صيدليات الرحمة فرع مستشفي اخميم,,ar,FALSE,Sohag,Akhmim,26.5629173,31.729700299999994,native_google,Google Maps,0.05,pharmacy,,unknown,map_only_unverified,low,1,FALSE,1,Google Maps,Google Maps,"HP7H+5V8, Akhmim, Sohag Governorate 1823402, Egypt",FALSE,,,,FALSE,TRUE,scraped_unverified
NEW1123,Alexandria New Medical Center (ANMC),alexandria new medical center (anmc),,en,FALSE,Sohag,Sidi Gaber,31.2134114,29.9502466,native_google,Google Maps,0.05,general_hospital,,unknown,map_only_unverified,low,1,FALSE,1,Google Maps,Google Maps,"14 14th of May Bridge Rd, Ezbet Saad, Sidi Gaber, Alexandria Governorate 5432080, Egypt",FALSE,03 4272663,03 4272663,landline,TRUE,TRUE,scraped_unverified
NEW1124,مستشفي بلطيم التخصصي,مستشفي بلطيم التخصصي,,ar,FALSE,Sohag,Burullus,31.557614899999994,31.081721299999998,native_google,Google Maps,0.05,hospital,,unknown,map_only_unverified,low,1,FALSE,1,Google Maps,Google Maps,"شارع المصيف بجوار موقف، Al Bananin, Burullus, Kafr El-Sheikh Governorate 6975060, Egypt",FALSE,047 2510860,047 2510860,landline,TRUE,TRUE,scraped_unverified
NEW1125,"El Shorouk Hospital,alexandria","el shorouk hospital,alexandria",,en,FALSE,Sohag,El Raml 1,31.238808799999997,29.9614703,native_google,Google Maps,0.05,hospital,,unknown,map_only_unverified,low,1,FALSE,1,Google Maps,Google Maps,"9 Mostafa Fahmy, San Stefano, El Raml 1, Alexandria Governorate 5451009, Egypt",FALSE,03 5856549,03 5856549,landline,TRUE,TRUE,scraped_unverified
NEW1126,عيادة دكتور عمرو سراج للعيون,عيادة دكتور عمرو سراج للعيون,,ar,FALSE,Sohag,Akhmim,26.5625365,31.744966599999998,native_google,Google Maps,0.05,medical_center,,unknown,map_only_unverified,low,1,FALSE,1,Google Maps,Google Maps,"HP7V+2X8 شارع بنك القريه, Akhmim, Sohag Governorate 1821720, Egypt",FALSE,,,,FALSE,TRUE,scraped_unverified
NEW1127,مستشفى أولاد شلول,مستشفي اولاد شلول,,ar,FALSE,Sohag,Sohag,26.539883300000003,31.7827451,native_google,Google Maps,0.05,hospital,,unknown,map_only_unverified,low,1,FALSE,1,Google Maps,Google Maps,"GQQM+X35, Awlad Mamen, Sohag, Sohag Governorate 1696327, Egypt",FALSE,,,,FALSE,TRUE,scraped_unverified
NEW1128,الصفوه للعيون,الصفوه للعيون,,ar,FALSE,Sohag,Akhmim,26.5619859,31.7214379,native_google,Google Maps,0.05,hospital,,unknown,map_only_unverified,low,1,FALSE,1,Google Maps,Google Maps,"HP6C+QHW, Al Hawaweesh - Sohag, Al Izbah WA Al Arab, Akhmim, Sohag Governorate 1823301, Egypt",FALSE,,,,FALSE,TRUE,scraped_unverified
NEW1129,MISR HOSPITAL,misr hospital,,en,FALSE,Sohag,أول شرم الشيخ,27.8791016,34.3010482,native_google,Google Maps,0.05,hospital,,unknown,map_only_unverified,low,1,FALSE,1,Google Maps,Google Maps,"طريق السلام امام مستشفى شرم الشيخ الدولي،, السلام، أول شرم الشيخ، محافظة جنوب سيناء 8762121, Egypt",FALSE,069 3666766,069 3666766,landline,TRUE,TRUE,scraped_unverified
NEW1130,Heliopolis Hospital,heliopolis hospital,,en,FALSE,Sohag,El Nozha,30.1064433,31.336616399999997,native_google,Google Maps,0.05,hospital,,unknown,map_only_unverified,low,1,FALSE,1,Google Maps,Google Maps,"El Hegaz St, Al Matar, El Nozha, Cairo Governorate 4470108, Egypt",FALSE,02 26339870,02 26339870,landline,TRUE,TRUE,scraped_unverified
NEW1131,Hurghada General Hospital,hurghada general hospital,,en,FALSE,Sohag,Hurghada 2,27.2603795,33.818209599999996,native_google,Google Maps,0.05,hospital,,unknown,map_only_unverified,low,1,FALSE,1,Google Maps,Google Maps,"7R69+574, El-Bahr, Hurghada 2, Red Sea Governorate 1973650, Egypt",FALSE,,,,FALSE,TRUE,scraped_unverified
NEW1132,The Coptic Hospital,the coptic hospital,,en,FALSE,Sohag,Qesm Moharram Beik,31.1925386,29.9148641,native_google,Google Maps,0.05,hospital,,unknown,map_only_unverified,low,1,FALSE,1,Google Maps,Google Maps,"Emberouz WA Moharram Beik, Qesm Moharram Beik, Alexandria Governorate 5413415, Egypt",FALSE,03 3921401,03 3921401,landline,TRUE,TRUE,scraped_unverified
NEW1133,Luxor Medical Center (LMC),luxor medical center (lmc),,en,FALSE,Sohag,Luxor,25.6886637,32.6334336,native_google,Google Maps,0.05,medical_clinic,,unknown,map_only_unverified,low,1,FALSE,1,Google Maps,Google Maps,"Luxor City, Luxor, Luxor Governorate 1362104, Egypt",FALSE,010 20047091,010 20047091,mobile,TRUE,TRUE,scraped_unverified
NEW1134,Dar El-Omm Maternity Center,dar el-omm maternity center,,en,FALSE,Sohag,قسم,30.0138434,31.2857359,native_google,Google Maps,0.05,hospital,,likely,map_only_unverified,low,1,FALSE,1,Google Maps,Google Maps,"9th، Street 9, Al Abageyah, قسم, Cairo Governorate 11571, Egypt",FALSE,,,,FALSE,TRUE,scraped_unverified
NEW1135,Gerga General Hospital,gerga general hospital,,en,FALSE,Sohag,Gerga,26.3461189,31.887517,native_google,Google Maps,0.05,general_hospital,,unknown,map_only_unverified,low,1,FALSE,1,Google Maps,Google Maps,"8VWQ+C2R، ش المستشفي، Al Bayadi WA Al Kareyah, Gerga, Sohag Governorate 82951, Egypt",FALSE,093 4676034,093 4676034,landline,TRUE,TRUE,scraped_unverified
NEW1136,مستشفي الجمعية الشرعيه,مستشفي الجمعية الشرعيه,,ar,FALSE,Sohag,Gerga,26.3489923,31.8842042,native_google,Google Maps,0.05,hospital,,unknown,map_only_unverified,low,1,FALSE,1,Google Maps,Google Maps,"8VXM+JJ5، مساكن الزراعيين، Al Bayadi WA Al Kareyah, Gerga, Sohag Governorate 1631156, Egypt",FALSE,,,,FALSE,TRUE,scraped_unverified
NEW1137,مستشفي زمزم التخصصي,مستشفي زمزم التخصصي,,ar,FALSE,Sohag,Gerga,26.3255277,31.891411200000004,native_google,Google Maps,0.05,hospital,,unknown,map_only_unverified,low,1,FALSE,1,Google Maps,Google Maps,"8VGR+7C7, شارع ابو عاصم البصري, Gerga, Sohag Governorate 1631002, Egypt",FALSE,093 4650222,093 4650222,landline,TRUE,TRUE,scraped_unverified
NEW1138,Mecca Hospital,mecca hospital,,en,FALSE,Sohag,Girga,26.329739200000002,31.886002500000004,native_google,Google Maps,0.05,hospital,,unknown,map_only_unverified,low,1,FALSE,1,Google Maps,Google Maps,"8VHP+VCR, Gerga, Girga, Sohag Governorate 1625435, Egypt",FALSE,010 68664448,010 68664448,mobile,TRUE,TRUE,scraped_unverified
NEW1139,Hospital Nahda Islamic Klutih,hospital nahda islamic klutih,,en,FALSE,Sohag,Gerga,26.338281,31.896483500000002,native_google,Google Maps,0.05,hospital,,unknown,map_only_unverified,low,1,FALSE,1,Google Maps,Google Maps,"8VQW+8H9, Fakhry Abdelnour Rd, Gerga, Sohag Governorate 82951, Egypt",FALSE,093 4673827,093 4673827,landline,TRUE,TRUE,scraped_unverified
NEW1140,Tiba Hospital,tiba hospital,,en,FALSE,Sohag,Gerga,26.3468394,31.8827724,native_google,Google Maps,0.05,hospital,,unknown,map_only_unverified,low,1,FALSE,1,Google Maps,Google Maps,"8VWM+P4J, Al Bayadi WA Al Kareyah, Gerga, Sohag Governorate 1631148, Egypt",FALSE,011 55206025,011 55206025,mobile,TRUE,TRUE,scraped_unverified
NEW1141,مستشفي نورالأملnooralamalhospital,مستشفي نورالاملnooralamalhospital,,ar,FALSE,Sohag,Girga,26.3418755,31.887567899999997,native_google,Google Maps,0.05,health,,unknown,map_only_unverified,low,1,FALSE,1,Google Maps,Google Maps,"8VRQ+Q24, 8RQW+J4Rالبريا, Girga, Sohag Governorate 1632225, Egypt",FALSE,,,,FALSE,TRUE,scraped_unverified
NEW1142,Al-Awadi Hospital,al-awadi hospital,,en,FALSE,Sohag,Girga,26.3622288,31.859799799999998,native_google,Google Maps,0.05,hospital,,unknown,map_only_unverified,low,1,FALSE,1,Google Maps,Google Maps,"نجع الدراسه، Bendar at Tbeinat, Girga, Sohag Governorate 1627540, Egypt",FALSE,010 06334111,010 06334111,mobile,TRUE,TRUE,scraped_unverified
NEW1143,Tribal District Hospital,tribal district hospital,,en,FALSE,Sohag,Gerga,26.332705999999998,31.893018200000004,native_google,Google Maps,0.05,hospital,,unknown,map_only_unverified,low,1,FALSE,1,Google Maps,Google Maps,"8VMV+36J، شارع عبدالكافي أحمد فراج، Gerga, Sohag Governorate 1632114, Egypt",FALSE,,,,FALSE,TRUE,scraped_unverified
NEW1144,مستشفى عيون الخليج,مستشفي عيون الخليج,,ar,FALSE,Sohag,قسم مدينة جرجا,26.332345999999998,31.896783300000003,native_google,Google Maps,0.05,hospital,,unknown,map_only_unverified,low,1,FALSE,1,Google Maps,Google Maps,"مسجد ال البيت, الجزيرة - خلف, جرجا، قسم مدينة جرجا، محافظة سوهاج 1632323, Egypt",FALSE,011 01057514,011 01057514,mobile,TRUE,TRUE,scraped_unverified
NEW1145,مستشفى الانبا مينا,مستشفي الانبا مينا,,ar,FALSE,Sohag,Gerga,26.3417094,31.889871699999997,native_google,Google Maps,0.05,hospital,,unknown,map_only_unverified,low,1,FALSE,1,Google Maps,Google Maps,"8VRQ+MWQ, Gerga, Sohag Governorate 1632238, Egypt",FALSE,,,,FALSE,TRUE,scraped_unverified
NEW1146,عيادات الأسرة family clinic,عيادات الاسرة family clinic,,ar,FALSE,Sohag,Gerga,26.3475838,31.887276800000002,native_google,Google Maps,0.05,hospital,,unknown,map_only_unverified,low,1,FALSE,1,Google Maps,Google Maps,"قسم مدينة جرجا،، Al Bayadi WA Al Kareyah, Gerga, Sohag Governorate 82524, Egypt",FALSE,010 64666420,010 64666420,mobile,TRUE,TRUE,scraped_unverified
NEW1147,Chest Hospital,chest hospital,,en,FALSE,Sohag,Gerga,26.34577,31.887757,native_google,Google Maps,0.05,hospital,,unknown,map_only_unverified,low,1,FALSE,1,Google Maps,Google Maps,"جرجا،، 8VWQ+842, Al Bayadi WA Al Kareyah, Gerga, Sohag Governorate 1632280, Egypt",FALSE,,,,FALSE,TRUE,scraped_unverified
NEW1148,مركز رحم للنساء والتوليد د. إسلام عجاج,مركز رحم للنساء والتوليد د. اسلام عجاج,,ar,FALSE,Sohag,Girga,26.3351318,31.888983800000002,native_google,Google Maps,0.05,hospital,,likely,map_only_unverified,low,1,FALSE,1,Google Maps,Google Maps,"شارع نجوع بندار، Bendar at Tbeinat, Girga, Sohag Governorate 1631043, Egypt",FALSE,010 11791170,010 11791170,mobile,TRUE,TRUE,scraped_unverified
NEW1149,Hospital,hospital,,en,FALSE,Sohag,Girga,26.3217976,31.890820099999996,native_google,Google Maps,0.05,hospital,,unknown,map_only_unverified,low,1,FALSE,1,Google Maps,Google Maps,"8VCR+G82, Parks Rd, Al Khelafeyah, Girga, Sohag Governorate 1625315, Egypt",FALSE,,,,FALSE,TRUE,scraped_unverified
NEW1150,عيادة دكتور مينا ثروت عياد طبيب اسنان,عيادة دكتور مينا ثروت عياد طبيب اسنان,,ar,FALSE,Sohag,Gerga,26.3377372,31.889757999999997,native_google,Google Maps,0.05,hospital,,unknown,map_only_unverified,low,1,FALSE,1,Google Maps,Google Maps,"19 ش الصراف، Gerga, Sohag Governorate 1632202, Egypt",FALSE,012 03347111,012 03347111,mobile,TRUE,TRUE,scraped_unverified
NEW1151,مركز الخيوطي للعلاج الطبيعي والتأهيل والتخاطب والتكامل الحسي للأطفال,مركز الخيوطي للعلاج الطبيعي والتاهيل والتخاطب والتكامل الحسي للاطفال,,ar,FALSE,Sohag,Girga,26.329708,31.884890700000003,native_google,Google Maps,0.05,medical_clinic,,unknown,map_only_unverified,low,1,FALSE,1,Google Maps,Google Maps,"بجوار مستشفى مكه التخصصي، مدخل البلد، Gerga, Girga, Sohag Governorate 1625441, Egypt",FALSE,011 00536387,011 00536387,mobile,TRUE,TRUE,scraped_unverified
NEW1152,مركز النور للحضانات,مركز النور للحضانات,,ar,FALSE,Sohag,قسم مدينة جرجا,26.3381266,31.887936099999997,native_google,Google Maps,0.05,hospital,,unknown,map_only_unverified,low,1,FALSE,1,Google Maps,Google Maps,"شيخ العرب،, 8VQQ+753، جرجا، قسم مدينة جرجا، محافظة سوهاج 1631116, Egypt",FALSE,010 16611571,010 16611571,mobile,TRUE,TRUE,scraped_unverified
NEW1153,معامل نيولاب بجرجا,معامل نيولاب بجرجا,,ar,FALSE,Sohag,قسم مدينة جرجا,26.3401081,31.888199599999997,native_google,Google Maps,0.05,medical_center,,unknown,map_only_unverified,low,1,FALSE,1,Google Maps,Google Maps,"شارع الساحة،, 8VRQ+27W، جرجا، قسم مدينة جرجا، محافظة سوهاج 1632206, Egypt",FALSE,,,,FALSE,TRUE,scraped_unverified
NEW1154,Dr/kamal Ahmed Hospital,dr/kamal ahmed hospital,,en,FALSE,Sohag,Gerga,26.347067700000004,31.8880856,native_google,Google Maps,0.05,hospital,,unknown,map_only_unverified,low,1,FALSE,1,Google Maps,Google Maps,"8VWQ+R6G, Al Bayadi WA Al Kareyah, Gerga, Sohag Governorate 1632290, Egypt",FALSE,093 4671666,093 4671666,landline,TRUE,TRUE,scraped_unverified
NEW1155,Dar El Hekma Incubators Center,dar el hekma incubators center,,en,FALSE,Sohag,Gerga,26.3410314,31.890348399999993,native_google,Google Maps,0.05,hospital,,unknown,map_only_unverified,low,1,FALSE,1,Google Maps,Google Maps,"8VRR+C49, Gerga, Sohag Governorate 1632238, Egypt",FALSE,011 11438310,011 11438310,mobile,TRUE,TRUE,scraped_unverified
NEW1156,General Hospital Pardis,general hospital pardis,,en,FALSE,Sohag,El Balyana,26.279498099999998,31.945931199999997,native_google,Google Maps,0.05,general_hospital,,unknown,map_only_unverified,low,1,FALSE,1,Google Maps,Google Maps,"7WHW+Q9V, Al Saed Morsy Osman El Aaref Rd, Monshaat Bardis, El Balyana, Sohag Governorate 1615504, Egypt",FALSE,,,,FALSE,TRUE,scraped_unverified
NEW1157,مستشفى النجع القبلي,مستشفي النجع القبلي,,ar,FALSE,Sohag,Al Monshaah,26.3771278,31.864299400000004,native_google,Google Maps,0.05,general_hospital,,unknown,map_only_unverified,low,1,FALSE,1,Google Maps,Google Maps,"9VG7+RPH, Alkolh St, Gazirat Awlad Hamzah, Al Monshaah, Sohag Governorate 1656302, Egypt",FALSE,,,,FALSE,TRUE,scraped_unverified
NEW1158,The Shepherd Hospital,the shepherd hospital,,en,FALSE,Sohag,El Maragha,26.7037376,31.6054364,native_google,Google Maps,0.05,hospital,,unknown,map_only_unverified,low,1,FALSE,1,Google Maps,Google Maps,"Al Maraghah, El Maragha, Sohag Governorate 82641, Egypt",FALSE,010 30538720,010 30538720,mobile,TRUE,TRUE,scraped_unverified
NEW1159,Hurghada Medical Center,hurghada medical center,,en,FALSE,Sohag,قسم أول الغردقة,27.1945991,33.824398099999996,native_google,Google Maps,0.05,hospital,,unknown,map_only_unverified,low,1,FALSE,1,Google Maps,Google Maps,"Kawthar Area, in front of, Housing and Development Bank, القرى السياحية، قسم أول الغردقة، محافظة البحر الأحمر 84517, Egypt",FALSE,010 69368072,010 69368072,mobile,TRUE,TRUE,scraped_unverified
NEW1160,الوحده الصحيه بنجع موسي حمد,الوحده الصحيه بنجع موسي حمد,,ar,FALSE,Sohag,Aserat,26.389828899999998,31.843677300000003,native_google,Google Maps,0.05,general_hospital,,unknown,map_only_unverified,low,1,FALSE,1,Google Maps,Google Maps,"جزيرة أولاد حمزة، مركز المنشأة،، 9RQV+WFM, Gazirat Awlad Hamzah, Aserat, Sohag Governorate 1656416, Egypt",FALSE,,,,FALSE,TRUE,scraped_unverified
NEW1161,مستشفى ال عرفات,مستشفي ال عرفات,,ar,FALSE,Sohag,Al Monshaah,26.377296299999998,31.8638026,native_google,Google Maps,0.05,general_hospital,,unknown,map_only_unverified,low,1,FALSE,1,Google Maps,Google Maps,"9VG7+RPH, Alkolh St, Gazirat Awlad Hamzah, Al Monshaah, Sohag Governorate 1656302, Egypt",FALSE,,,,FALSE,TRUE,scraped_unverified
NEW1162,Dr. Naglaa Ahmed Abdulrazik Maternity Center,dr. naglaa ahmed abdulrazik maternity center,,en,FALSE,Sohag,Gerga,26.3314168,31.889494,native_google,Google Maps,0.05,hospital,,likely,map_only_unverified,low,1,FALSE,1,Google Maps,Google Maps,"8VJQ+HQ9، Unnamed Road، Gerga, Sohag Governorate 1631030, Egypt",FALSE,011 13330376,011 13330376,mobile,TRUE,TRUE,scraped_unverified
NEW1163,مركز ولي العهد للنساء والتوليد,مركز ولي العهد للنساء والتوليد,,ar,FALSE,Sohag,قسم مدينة جرجا,26.335179099999998,31.888850499999997,native_google,Google Maps,0.05,medical_clinic,,likely,map_only_unverified,low,1,FALSE,1,Google Maps,Google Maps,"المحطة،, 8VPQ+3GH، جرجا، قسم مدينة جرجا، محافظة سوهاج 1631110, Egypt",FALSE,010 61621011,010 61621011,mobile,TRUE,TRUE,scraped_unverified
NEW1164,مركز نور لجراحات النساء والتوليد وتأخر الإنجاب,مركز نور لجراحات النساء والتوليد وتاخر الانجاب,,ar,FALSE,Sohag,Girga,26.335182999999997,31.8890392,native_google,Google Maps,0.05,medical_center,,likely,map_only_unverified,low,1,FALSE,1,Google Maps,Google Maps,"شيخ العرب، بني عيش، قسم مدينة جرجا،، Gerga, Girga, Sohag Governorate 1631043, Egypt",FALSE,,,,FALSE,TRUE,scraped_unverified
NEW1165,مستشفى كليوباترا التجمع,مستشفي كليوباترا التجمع,,ar,FALSE,Sohag,New Cairo 1,30.0196905,31.416593499999994,native_google,Google Maps,0.05,hospital,,unknown,map_only_unverified,low,1,FALSE,1,Google Maps,Google Maps,"New Cairo 1, Cairo Governorate 4730110, Egypt",FALSE,219668,219668,landline,TRUE,TRUE,scraped_unverified
NEW1166,Magrabi Health - Cairo,magrabi health - cairo,,en,FALSE,Sohag,El Sayeda Zeinab,30.0233366,31.251086899999997,native_google,Google Maps,0.05,hospital,,unknown,map_only_unverified,low,1,FALSE,1,Google Maps,Google Maps,"Al Sayeda Nafisa, El Khalifa, El Sayeda Zeinab, Cairo Governorate 4261010, Egypt",FALSE,02 23661800,02 23661800,landline,TRUE,TRUE,scraped_unverified
NEW1167,مركز الدكتور عبدالله صلاح للنساء والولادة وعلاج العقم,مركز الدكتور عبدالله صلاح للنساء والولادة وعلاج العقم,,ar,FALSE,Sohag,El Maragha,26.6961135,31.609201199999998,native_google,Google Maps,0.05,medical_center,,likely,map_only_unverified,low,1,FALSE,1,Google Maps,Google Maps,"Al Maraghah, El Maragha, Sohag Governorate 1727281, Egypt",FALSE,011 52365449,011 52365449,mobile,TRUE,TRUE,scraped_unverified
NEW1168,عيادة الدكتورة ريه محمود مرعي,عيادة الدكتورة ريه محمود مرعي,,ar,FALSE,Sohag,El Maragha,26.701450299999998,31.601121400000004,native_google,Google Maps,0.05,doctor,,unknown,map_only_unverified,low,1,FALSE,1,Google Maps,Google Maps,"PJ22+HCQ, Al Maraghah, El Maragha, Sohag Governorate 1727309, Egypt",FALSE,011 40905125,011 40905125,mobile,TRUE,TRUE,scraped_unverified
NEW1169,عزت كمال عجينه أخصائي نساء وتوليد,عزت كمال عجينه اخصائي نساء وتوليد,,ar,FALSE,Sohag,El Balyana,26.2864303,31.944331700000003,native_google,Google Maps,0.05,hospital,,likely,map_only_unverified,low,1,FALSE,1,Google Maps,Google Maps,"برديس، العساكرة، مركز البلينا، سوهاج،، 7WPV+HPG, Al Asakrah, El Balyana, Sohag Governorate 1616405, Egypt",FALSE,012 20740991,012 20740991,mobile,TRUE,TRUE,scraped_unverified
NEW1170,Dr. Mervat FathAllah,dr. mervat fathallah,,en,FALSE,Sohag,مركز المراغة,26.695032899999998,31.6054271,native_google,Google Maps,0.05,doctor,,unknown,map_only_unverified,low,1,FALSE,1,Google Maps,Google Maps,"Unnamed Road, MJW4+257، المراغة، مركز المراغة، محافظة سوهاج 1727133, Egypt",FALSE,,,,FALSE,TRUE,scraped_unverified
NEW1171,Dr. Eman Gynecology Clinic,dr. eman gynecology clinic,,en,FALSE,Sohag,El Maragha,26.6994625,31.601485500000003,native_google,Google Maps,0.05,doctor,,likely,map_only_unverified,low,1,FALSE,1,Google Maps,Google Maps,"MJX2+QHQ, Al Maraghah, El Maragha, Sohag Governorate 1727303, Egypt",FALSE,010 08828159,010 08828159,mobile,TRUE,TRUE,scraped_unverified
NEW1172,مركز الإبتسام للنساء والتوليد,مركز الابتسام للنساء والتوليد,,ar,FALSE,Sohag,Asyut 2,27.196396900000003,31.1760915,native_google,Google Maps,0.05,doctor,,likely,map_only_unverified,low,1,FALSE,1,Google Maps,Google Maps,"55WG+HC4, Al Ibrahimeya, Al Walideyah Al Westaneyah, Asyut 2, Assiut Governorate 2091001, Egypt",FALSE,011 17009800,011 17009800,mobile,TRUE,TRUE,scraped_unverified
NEW1173,Maragha Central Hospital,maragha central hospital,,en,FALSE,Sohag,El Maragha,26.700872699999998,31.600984600000004,native_google,Google Maps,0.05,hospital,,unknown,map_only_unverified,low,1,FALSE,1,Google Maps,Google Maps,"PJ22+89X, Sohag - Tahta Rd, Al Maraghah, El Maragha, Sohag Governorate 1727305, Egypt",FALSE,093 2530763,093 2530763,landline,TRUE,TRUE,scraped_unverified
NEW1174,مستشفى نور الحياه طهطا,مستشفي نور الحياه طهطا,,ar,FALSE,Sohag,قسم طهطا,26.7772541,31.4961612,native_google,Google Maps,0.05,hospital,,unknown,map_only_unverified,low,1,FALSE,1,Google Maps,Google Maps,"شارع 28 امام, مركز طهطا، مدرسة علاء البنا الابتدائية، السوالم، قسم طهطا، محافظة سوهاج 1743277, Egypt",FALSE,010 27748467,010 27748467,mobile,TRUE,TRUE,scraped_unverified
NEW1175,مستشفى الحميات,مستشفي الحميات,,ar,FALSE,Sohag,Tahta,26.766304299999998,31.502939899999998,native_google,Google Maps,0.05,hospital,,unknown,map_only_unverified,low,1,FALSE,1,Google Maps,Google Maps,"QG83+G5G, As Sawalem, Tahta, Sohag Governorate 1742531, Egypt",FALSE,093 4288857,093 4288857,landline,TRUE,TRUE,scraped_unverified
NEW1176,مستشفى دار الشفاء بطها,مستشفي دار الشفاء بطها,,ar,FALSE,Sohag,Tahta,26.763978100000003,31.5044228,native_google,Google Maps,0.05,hospital,,unknown,map_only_unverified,low,1,FALSE,1,Google Maps,Google Maps,"QG73+HQV، الجيش، As Sawalem, Tahta, Sohag Governorate 1742361, Egypt",FALSE,,,,FALSE,TRUE,scraped_unverified
NEW1177,عيادات تأمين طهطا,عيادات تامين طهطا,,ar,FALSE,Sohag,Tahta,26.772658399999997,31.492194399999995,native_google,Google Maps,0.05,hospital,,unknown,map_only_unverified,low,1,FALSE,1,Google Maps,Google Maps,"QFFR+3V8, Shatourah, Tahta, Sohag Governorate 1743071, Egypt",FALSE,,,,FALSE,TRUE,scraped_unverified
NEW1178,مستشفى الحميات,مستشفي الحميات,,ar,FALSE,Sohag,Tahta,26.7662898,31.5029635,native_google,Google Maps,0.05,hospital_unspecified,,unknown,map_only_unverified,low,1,FALSE,1,Google Maps,Google Maps,"مستشفى الحميات، Mostashfa El-Homeyat St, As Sawalem, Tahta, Sohag Governorate 1742531, Egypt",FALSE,,,,FALSE,TRUE,scraped_unverified
NEW1179,معمل تراك,معمل تراك,,ar,FALSE,Sohag,قسم طهطا,26.7654277,31.4994234,native_google,Google Maps,0.05,medical_center,,unknown,map_only_unverified,low,1,FALSE,1,Google Maps,Google Maps,"شارع الجهاد برج الرحاب, طهطا، قسم طهطا، محافظة سوهاج 1742408, Egypt",FALSE,011 57794754,011 57794754,mobile,TRUE,TRUE,scraped_unverified
NEW1180,مستشفى الحياة التخصصية,مستشفي الحياة التخصصية,,ar,FALSE,Sohag,Tahta,26.778166199999998,31.4967733,native_google,Google Maps,0.05,hospital,,unknown,map_only_unverified,low,1,FALSE,1,Google Maps,Google Maps,"El-Shaikh Zain El-deen, Tahta, Sohag Governorate 1743292, Egypt",FALSE,,,,FALSE,TRUE,scraped_unverified
NEW1181,معمل الرحاب للتحاليل الطبية - فرع طهطا,معمل الرحاب للتحاليل الطبية - فرع طهطا,,ar,FALSE,Sohag,Tahta,26.7662499,31.500236100000002,native_google,Google Maps,0.05,medical_center,,unknown,map_only_unverified,low,1,FALSE,1,Google Maps,Google Maps,"بجوار صيدلية الخضيرى، الجهاد، الرئيسى، Tahta, Sohag Governorate 82621, Egypt",FALSE,010 22211416,010 22211416,mobile,TRUE,TRUE,scraped_unverified
NEW1182,عيادة دكتور بيتر عوني استشاري جراحة المخ والأعصاب و العمود الفقري,عيادة دكتور بيتر عوني استشاري جراحة المخ والاعصاب و العمود الفقري,,ar,FALSE,Sohag,Tahta,26.766880399999998,31.500652199999998,native_google,Google Maps,0.05,hospital,,unknown,map_only_unverified,low,1,FALSE,1,Google Maps,Google Maps,"As Sawalem, Tahta, Sohag Governorate 1742377, Egypt",FALSE,010 90902332,010 90902332,mobile,TRUE,TRUE,scraped_unverified
NEW1183,مستشفي الدكتور الاحمدي للعيون,مستشفي الدكتور الاحمدي للعيون,,ar,FALSE,Sohag,Tahta,26.766360400000003,31.504710399999997,native_google,Google Maps,0.05,hospital,,unknown,map_only_unverified,low,1,FALSE,1,Google Maps,Google Maps,"QG83+GVW, Bank El-Tasleef St, Arab Bakhwag, Tahta, Sohag Governorate 1742543, Egypt",FALSE,010 05106533,010 05106533,mobile,TRUE,TRUE,scraped_unverified
NEW1184,مركز النور الطبي التخصصي,مركز النور الطبي التخصصي,,ar,FALSE,Sohag,Tahta,26.7773444,31.491839900000002,native_google,Google Maps,0.05,hospital,,unknown,map_only_unverified,low,1,FALSE,1,Google Maps,Google Maps,"QFGR+WPP, Shatourah, Tahta, Sohag Governorate 1743073, Egypt",FALSE,012 22386284,012 22386284,mobile,TRUE,TRUE,scraped_unverified
NEW1185,مركز الدكتور حسام حسن لطب الاسنان,مركز الدكتور حسام حسن لطب الاسنان,,ar,FALSE,Sohag,Tahta,26.7664491,31.5002273,native_google,Google Maps,0.05,hospital,,unknown,map_only_unverified,low,1,FALSE,1,Google Maps,Google Maps,"Tahta, Sohag Governorate 1742411, Egypt",FALSE,011 22567847,011 22567847,mobile,TRUE,TRUE,scraped_unverified
NEW1186,مركز الانصارى للنساء و التوليد طهطا,مركز الانصاري للنساء و التوليد طهطا,,ar,FALSE,Sohag,Tahta,26.776414799999998,31.4976901,native_google,Google Maps,0.05,hospital,,likely,map_only_unverified,low,1,FALSE,1,Google Maps,Google Maps,"QFGX+H38, As Sawalem, Tahta, Sohag Governorate 1743321, Egypt",FALSE,,,,FALSE,TRUE,scraped_unverified
NEW1187,مركز الدكتور عبدالرحمن خضر للنساء والتوليد وطب الجنين والمناظير والحقن المجهري,مركز الدكتور عبدالرحمن خضر للنساء والتوليد وطب الجنين والمناظير والحقن المجهري,,ar,FALSE,Sohag,Tahta,26.7749724,31.496701299999994,native_google,Google Maps,0.05,medical_center,,likely,map_only_unverified,low,1,FALSE,1,Google Maps,Google Maps,"صلاح سالم البحرى امام مستشفى، ش 2 من ش 8، العام، Tahta, Sohag Governorate 82621, Egypt",FALSE,011 41243928,011 41243928,mobile,TRUE,TRUE,scraped_unverified
NEW1188,Nour eleyoon hospital,nour eleyoon hospital,,en,FALSE,Sohag,Tahta,26.766405000000002,31.504559999999998,native_google,Google Maps,0.05,hospital,,unknown,map_only_unverified,low,1,FALSE,1,Google Maps,Google Maps,"Bank El-Tasleef St, Arab Bakhwag, Tahta, Sohag Governorate 1742532, Egypt",FALSE,010 00772008,010 00772008,mobile,TRUE,TRUE,scraped_unverified
NEW1189,مركز دكتور عبدالرحمن خضر للنساء والتوليد وطب الجنين والحقن المجهري والمناظير,مركز دكتور عبدالرحمن خضر للنساء والتوليد وطب الجنين والحقن المجهري والمناظير,,ar,FALSE,Sohag,Tahta,26.7748718,31.496687299999998,native_google,Google Maps,0.05,medical_center,,likely,map_only_unverified,low,1,FALSE,1,Google Maps,Google Maps,"صلاح سالم البحرى امام مستشفى، ش 2 من ش 8، العام، Tahta, Sohag Governorate 82621, Egypt",FALSE,,,,FALSE,TRUE,scraped_unverified
NEW1190,مستشفى نور العيون د الاحمدى حمد السمان,مستشفي نور العيون د الاحمدي حمد السمان,,ar,FALSE,Sohag,Tahta,26.7667982,31.503828199999997,native_google,Google Maps,0.05,hospital,,unknown,map_only_unverified,low,1,FALSE,1,Google Maps,Google Maps,"مركز طهطا،، QG83+PG8, Arab Bakhwag, Tahta, Sohag Governorate 1742531, Egypt",FALSE,,,,FALSE,TRUE,scraped_unverified
NEW1191,Thebes Hospital,thebes hospital,,en,FALSE,Sohag,قسم أول الغردقة,27.089926799999997,33.8466482,native_google,Google Maps,0.05,hospital,,unknown,map_only_unverified,low,1,FALSE,1,Google Maps,Google Maps,"Sahl Hashish Rd, 84511, القرى السياحية، قسم أول الغردقة، محافظة البحر الأحمر 1961702, Egypt",FALSE,010 00078913,010 00078913,mobile,TRUE,TRUE,scraped_unverified
NEW1192,Delta International Hospital,delta international hospital,,en,FALSE,Sohag,Second Tanta,30.791705099999994,31.0021053,native_google,Google Maps,0.05,hospital,,unknown,map_only_unverified,low,1,FALSE,1,Google Maps,Google Maps,"Q2R2+MRQ، Dawaran Kotshnr، Tanta Qism 2, Second Tanta, Gharbia Governorate 6632307, Egypt",FALSE,040 3315001,040 3315001,landline,TRUE,TRUE,scraped_unverified
NEW1193,American Hospital,american hospital,,en,FALSE,Sohag,Tanta,30.7953854,31.0012878,native_google,Google Maps,0.05,hospital,,unknown,map_only_unverified,low,1,FALSE,1,Google Maps,Google Maps,"Q2W2+5G3, Saeed St, Tanta Qism 2, Tanta, Gharbia Governorate 6632120, Egypt",FALSE,040 3312692,040 3312692,landline,TRUE,TRUE,scraped_unverified
NEW1194,Safwat Al Golf Hospital,safwat al golf hospital,,en,FALSE,Sohag,Nasr City,30.0836981,31.3359441,native_google,Google Maps,0.05,hospital,,unknown,map_only_unverified,low,1,FALSE,1,Google Maps,Google Maps,"25 متفرع من، Abdallah Deraz, Al Golf, Nasr City, Cairo Governorate 4451433, Egypt",FALSE,02 26909877,02 26909877,landline,TRUE,TRUE,scraped_unverified
NEW1195,"عيادة نساء وتوليد، الدكتورة هناء لبيب - Obstetrics & Gynaecology (OB/GYN) clinic, Dr. Hanaa Labib","عيادة نساء وتوليد، الدكتورة هناء لبيب - Obstetrics & Gynaecology (OB/GYN) clinic, Dr. Hanaa Labib",,ar,FALSE,Sohag,Shobra,30.067408999999998,31.245040000000003,native_google,Google Maps,0.05,doctor,,likely,map_only_unverified,low,1,FALSE,1,Google Maps,Google Maps,"51 شارع شبرا، شبرا مصر, فوق بنك فيصل الإسلامي, الدور 4، شقة 18, الشماشرجي، Shobra, محافظة القاهرة‬ 4342010, Egypt",FALSE,02 25763137,02 25763137,landline,TRUE,TRUE,scraped_unverified
NEW1196,مستشفي طيبه د احمد بدوي,مستشفي طيبه د احمد بدوي,,ar,FALSE,Sohag,El Mansoura 1,31.032724700000003,31.3573998,native_google,Google Maps,0.05,hospital,,unknown,map_only_unverified,low,1,FALSE,1,Google Maps,Google Maps,"29M4+4X3, شارع مصعب بن عمير, Mit Badr Khamees, El Mansoura 1, Dakahlia Governorate 7650102, Egypt",FALSE,,,,FALSE,TRUE,scraped_unverified
NEW1197,دكتورة اماني صلاح استشارى أمراض نساء وتوليد,دكتورة اماني صلاح استشاري امراض نساء وتوليد,,ar,FALSE,Sohag,مدينة نصر,30.0879507,31.341007899999997,native_google,Google Maps,0.05,doctor,,likely,map_only_unverified,low,1,FALSE,1,Google Maps,Google Maps,"74 of, النزهة، الماظة، مدينة نصر، محافظة القاهرة‬ 11759, Egypt",FALSE,,,,FALSE,TRUE,scraped_unverified
NEW1198,Dar Al-Teb IVF center,dar al-teb ivf center,,en,FALSE,Sohag,Dokki,30.040077699999998,31.1960254,native_google,Google Maps,0.05,medical_center,,unknown,map_only_unverified,low,1,FALSE,1,Google Maps,Google Maps,"5 Aman, St، Dokki, Giza Governorate 3751040, Egypt",FALSE,010 00778702,010 00778702,mobile,TRUE,TRUE,scraped_unverified
NEW1199,مستشفي الصوامعة غرب العام,مستشفي الصوامعة غرب العام,,ar,FALSE,Sohag,Tahta,26.7410583,31.535163,native_google,Google Maps,0.05,hospital,,unknown,map_only_unverified,low,1,FALSE,1,Google Maps,Google Maps,"PGRP+C3F, As Sawameah Sharq, Tahta, Sohag Governorate 1756110, Egypt",FALSE,,,,FALSE,TRUE,scraped_unverified
NEW1200,مستشفى شطب العام,مستشفي شطب العام,,ar,FALSE,Sohag,Asyut,27.1446264,31.2381676,native_google,Google Maps,0.05,hospital,,unknown,map_only_unverified,low,1,FALSE,1,Google Maps,Google Maps,"46VQ+V73, Awlad Ibrahim, Asyut, Assiut Governorate 2063238, Egypt",FALSE,,,,FALSE,TRUE,scraped_unverified
NEW1201,General Hospital martyrs,general hospital martyrs,,en,FALSE,Sohag,Aserat,26.366275299999998,31.801370100000003,native_google,Google Maps,0.05,hospital,,unknown,map_only_unverified,low,1,FALSE,1,Google Maps,Google Maps,"9R82+GG9, AR Rashaydah, Aserat, Sohag Governorate 1651420, Egypt",FALSE,,,,FALSE,TRUE,scraped_unverified
NEW1202,مستشفي المنشاه المركزي,مستشفي المنشاه المركزي,,ar,FALSE,Sohag,Al Monshaah,26.4798686,31.7972907,native_google,Google Maps,0.05,hospital,,unknown,map_only_unverified,low,1,FALSE,1,Google Maps,Google Maps,"المنشاة، المنشأة، مركز المنشأة،، Al Monshaah, Sohag Governorate 1667008, Egypt",FALSE,,,,FALSE,TRUE,scraped_unverified
NEW1203,General Hospital Masa'id,general hospital masa'id,,en,FALSE,Sohag,Aserat,26.357407499999997,31.808212400000002,native_google,Google Maps,0.05,hospital,,unknown,map_only_unverified,low,1,FALSE,1,Google Maps,Google Maps,"9R45+X78, Al Masaeed, Aserat, Sohag Governorate 1651362, Egypt",FALSE,,,,FALSE,TRUE,scraped_unverified
NEW1204,مستشفى قرية نزة البحرية العام,مستشفي قرية نزة البحرية العام,,ar,FALSE,Sohag,Juhaynah West,26.716899299999998,31.4448687,native_google,Google Maps,0.05,hospital,,unknown,map_only_unverified,low,1,FALSE,1,Google Maps,Google Maps,"PC8V+QW5, Nazet Al Mahazmin, Juhaynah West, Sohag Governorate 1734077, Egypt",FALSE,,,,FALSE,TRUE,scraped_unverified
NEW1205,مستشفي العسيرات العام,مستشفي العسيرات العام,,ar,FALSE,Sohag,Al Monshaah,26.3934882,31.8231802,native_google,Google Maps,0.05,government_office,,unknown,map_only_unverified,low,1,FALSE,1,Google Maps,Google Maps,"9RVF+97V, Awlad Hamza, Al Monshaah, Sohag Governorate 1656183, Egypt",FALSE,,,,FALSE,TRUE,scraped_unverified
NEW1206,سنتر هدير,سنتر هدير,,ar,FALSE,Sohag,El Maragha,26.701313499999998,31.6031088,native_google,Google Maps,0.05,cosmetics_store,,unknown,map_only_unverified,low,1,FALSE,1,Google Maps,Google Maps,"امام الاداره التعليمية، شارع المستشفي، العام، El Maragha, Sohag Governorate 82641, Egypt",FALSE,011 19853846,011 19853846,mobile,TRUE,TRUE,scraped_unverified
NEW1207,مستشفى البربا العام,مستشفي البربا العام,,ar,FALSE,Sohag,Sodfa,26.9019084,31.374725,native_google,Google Maps,0.05,hospital,,unknown,map_only_unverified,low,1,FALSE,1,Google Maps,Google Maps,"W92F+QWF, Al Baraya, Sodfa, Assiut Governorate 2030243, Egypt",FALSE,,,,FALSE,TRUE,scraped_unverified
NEW1208,مستشفى طنطا العام سبرباي,مستشفي طنطا العام سبرباي,,ar,FALSE,Sohag,Tanta,30.8213746,31.0073576,native_google,Google Maps,0.05,hospital,,unknown,map_only_unverified,low,1,FALSE,1,Google Maps,Google Maps,"طنطا سبرباي، الموقف امام صيدلية مكة، Sabarbay, Tanta, Gharbia Governorate 31733, Egypt",FALSE,015 50793137,015 50793137,mobile,TRUE,TRUE,scraped_unverified
NEW1209,Sharq El Madina Hospital,sharq el madina hospital,,en,FALSE,Sohag,Montaza 2,31.26165,29.991826200000002,native_google,Google Maps,0.05,hospital,,unknown,map_only_unverified,low,1,FALSE,1,Google Maps,Google Maps,"Gamal Abd El-Nasir Rd, Sidi Beshr Bahri, Montaza 2, Alexandria Governorate 5517176, Egypt",FALSE,03 5499920,03 5499920,landline,TRUE,TRUE,scraped_unverified
NEW1210,الوحده الصحيه بالكوامل قبلى,الوحده الصحيه بالكوامل قبلي,,ar,FALSE,Sohag,Al Monshaah,26.450581699999997,31.691296299999998,native_google,Google Maps,0.05,general_hospital,,unknown,map_only_unverified,low,1,FALSE,1,Google Maps,Google Maps,"طريق الكوامل، قسم الواحات الخارجة، الوادي الجديد،، FM2R+6GM, Al Monshaah, Sohag Governorate 1660598, Egypt",FALSE,,,,FALSE,TRUE,scraped_unverified
NEW1211,El Sheikh Zayed Al Nahyan Hospital,el sheikh zayed al nahyan hospital,,en,FALSE,Sohag,Qesm Than Madinet Nasr,30.049777299999995,31.288033199999997,native_google,Google Maps,0.05,hospital,,unknown,map_only_unverified,low,1,FALSE,1,Google Maps,Google Maps,"قاعة رويال، طريق، Al Abageyah, Qesm Than Madinet Nasr, Cairo Governorate 4432002, Egypt",FALSE,02 23378018,02 23378018,landline,TRUE,TRUE,scraped_unverified
NEW1212,Mokattam Specialized Hospital,mokattam specialized hospital,,en,FALSE,Sohag,El Mokattam,30.012242099999998,31.327596600000003,native_google,Google Maps,0.05,hospital,,unknown,map_only_unverified,low,1,FALSE,1,Google Maps,Google Maps,"Street 9, Al Abageyah, El Mokattam, Cairo Governorate 4413430, Egypt",FALSE,02 25079850,02 25079850,landline,TRUE,TRUE,scraped_unverified
NEW1213,El Hekma Hospital,el hekma hospital,,en,FALSE,Sohag,El Sayeda Zeinab,30.030099999999997,31.233100000000004,native_google,Google Maps,0.05,hospital,,unknown,map_only_unverified,low,1,FALSE,1,Google Maps,Google Maps,"قسم السيدة زينب، 18 El-Rashidy, Al Munirah, El Sayeda Zeinab, Cairo Governorate 11562, Egypt",FALSE,02 23680200,02 23680200,landline,TRUE,TRUE,scraped_unverified
NEW1214,Fatma Elzahraa Hospital,fatma elzahraa hospital,,en,FALSE,Sohag,Dekhela,31.1083894,29.784471099999998,native_google,Google Maps,0.05,hospital,,unknown,map_only_unverified,low,1,FALSE,1,Google Maps,Google Maps,"Al Agamy Al Bahri, Dekhela, Alexandria Governorate 5314025, Egypt",FALSE,010 20000156,010 20000156,mobile,TRUE,TRUE,scraped_unverified
NEW1215,Alabbasya Mental Health Hospital,alabbasya mental health hospital,,en,FALSE,Sohag,Nasr City,30.0684704,31.295465099999998,native_google,Google Maps,0.05,hospital,,unknown,map_only_unverified,low,1,FALSE,1,Google Maps,Google Maps,"379W+95P, Al Estad, Nasr City, Cairo Governorate 4435222, Egypt",FALSE,012 89109829,012 89109829,mobile,TRUE,TRUE,scraped_unverified
NEW1216,مستشفى تبارك - برج اولاد عثمان,مستشفي تبارك - برج اولاد عثمان,,ar,FALSE,Sohag,El Sharabia,30.0760716,31.258588599999996,native_google,Google Maps,0.05,hospital,,unknown,map_only_unverified,low,1,FALSE,1,Google Maps,Google Maps,"37G5+CCG, Al Izab, El Sharabia, Cairo Governorate 4360312, Egypt",FALSE,,,,FALSE,TRUE,scraped_unverified
NEW1217,Tanta Military Hospital,tanta military hospital,,en,FALSE,Sohag,First Tanta,30.780528099999998,30.9924716,native_google,Google Maps,0.05,hospital,,unknown,map_only_unverified,low,1,FALSE,1,Google Maps,Google Maps,"QXJR+6X9, Hafez Wahbi, Tanta Qism 2, First Tanta, Gharbia Governorate 6620334, Egypt",FALSE,040 3519290,040 3519290,landline,TRUE,TRUE,scraped_unverified
NEW1218,El Hekmah,el hekmah,,en,FALSE,Sohag,AZ Zaytoun,30.1027133,31.288944400000002,native_google,Google Maps,0.05,hospital,,unknown,map_only_unverified,low,1,FALSE,1,Google Maps,Google Maps,"473Q+3HP, AZ Zaytoun Al Qebleyah, AZ Zaytoun, Cairo Governorate 4510413, Egypt",FALSE,011 28302196,011 28302196,mobile,TRUE,TRUE,scraped_unverified
NEW1219,Dar Alom,dar alom,,en,FALSE,Sohag,El Mokattam,30.013820199999994,31.2859645,native_google,Google Maps,0.05,hospital,,unknown,map_only_unverified,low,1,FALSE,1,Google Maps,Google Maps,"9th Street 9, Al Abageyah, Qism El-Khalifa, Cairo Governorate 11571 Street 9, Al Abageyah, El Mokattam, Cairo Governorate 11571, Egypt",FALSE,,,,FALSE,TRUE,scraped_unverified
NEW1220,Al Mokattam insurance hospital,al mokattam insurance hospital,,en,FALSE,Sohag,El Sayeda Zeinab,30.020959400000002,31.2438576,native_google,Google Maps,0.05,hospital,,unknown,map_only_unverified,low,1,FALSE,1,Google Maps,Google Maps,"Abbas, Zeinhom, El Sayeda Zeinab, Cairo Governorate 4260140, Egypt",FALSE,02 25314552,02 25314552,landline,TRUE,TRUE,scraped_unverified
NEW1221,مستشفى شبين القناطر المركزى العام,مستشفي شبين القناطر المركزي العام,,ar,FALSE,Sohag,Shibin el-Qanater,30.3175442,31.308860900000003,native_google,Google Maps,0.05,general_hospital,,unknown,map_only_unverified,low,1,FALSE,1,Google Maps,Google Maps,"8895+3FQ, Madinet Shibin Al Qanater, Shibin el-Qanater, Al-Qalyubia Governorate 6337030, Egypt",FALSE,,,,FALSE,TRUE,scraped_unverified
NEW1222,Radwan Charity Hospital,radwan charity hospital,,en,FALSE,Sohag,Ain Shams,30.136224199999997,31.342960899999998,native_google,Google Maps,0.05,general_hospital,,unknown,map_only_unverified,low,1,FALSE,1,Google Maps,Google Maps,"Abd El-Azeem Masoud, Ain Shams Sharkeya, Ain Shams, Cairo Governorate 4544332, Egypt",FALSE,010 68010242,010 68010242,mobile,TRUE,TRUE,scraped_unverified
NEW1223,Home Hospital,home hospital,,en,FALSE,Sohag,New Cairo 1,30.0064002,31.479138799999998,native_google,Google Maps,0.05,hospital,,unknown,map_only_unverified,low,1,FALSE,1,Google Maps,Google Maps,"2F4H+HM6, New Cairo 1, Cairo Governorate 4725063, Egypt",FALSE,012 76100654,012 76100654,mobile,TRUE,TRUE,scraped_unverified
NEW1224,Al Bank Al Ahly Hospital for Integrated Care,al bank al ahly hospital for integrated care,,en,FALSE,Sohag,El Mokattam,29.9821587,31.346088599999998,native_google,Google Maps,0.05,hospital,,unknown,map_only_unverified,low,1,FALSE,1,Google Maps,Google Maps,"الحي العاشر، المعادي،، X8JW+VC8, Al Hay Al Asher, El Mokattam, Cairo Governorate 4416101, Egypt",FALSE,02 23148104,02 23148104,landline,TRUE,TRUE,scraped_unverified
NEW1225,مستشفى يوم واحد,مستشفي يوم واحد,,ar,FALSE,Sohag,El Marg,30.152101499999997,31.335730199999997,native_google,Google Maps,0.05,general_hospital,,unknown,map_only_unverified,low,1,FALSE,1,Google Maps,Google Maps,"582P+R7X, Al Marg Al Qebleyah, El Marg, Cairo Governorate 4621010, Egypt",FALSE,,,,FALSE,TRUE,scraped_unverified
NEW1226,وحدة عمليات اليوم الواحد بمستشفي التأمين الصحي,وحدة عمليات اليوم الواحد بمستشفي التامين الصحي,,ar,FALSE,Sohag,Nasr City,30.070994100000004,31.378648,native_google,Google Maps,0.05,general_hospital,,unknown,map_only_unverified,low,1,FALSE,1,Google Maps,Google Maps,"39CH+9FR مستشفى التأمين الصحي، Madinat Al-Amal, Nasr City, Cairo Governorate 4452740, Egypt",FALSE,,,,FALSE,TRUE,scraped_unverified
NEW1227,بنك الدم (مستشفى هيئة النقل العام),بنك الدم (مستشفي هيئة النقل العام),,ar,FALSE,Sohag,Qasr El Nil,30.0515023,31.2387429,native_google,Google Maps,0.05,general_hospital,,unknown,map_only_unverified,low,1,FALSE,1,Google Maps,Google Maps,"3 Abd El-Khalik Tharwat, Marouf, Qasr El Nil, Cairo Governorate 11111, Egypt",FALSE,010 30067525,010 30067525,mobile,TRUE,TRUE,scraped_unverified
NEW1228,Al Hadaba Center Hospital,al hadaba center hospital,,en,FALSE,Sohag,Maadi,30.0444196,31.2357116,native_google,Google Maps,0.05,general_hospital,,unknown,map_only_unverified,low,1,FALSE,1,Google Maps,Google Maps,"behind the national station, in front of Carrefour Cairo branch, building 9603 Tariq Abu Al-Nour Street, Central Plateau, Ring Road, Qasr Ad Dobarah, Maadi, Cairo Governorate 4272077, Egypt",FALSE,011 54333341,011 54333341,mobile,TRUE,TRUE,scraped_unverified
NEW1229,Damas Central Hospital,damas central hospital,,en,FALSE,Sohag,Mit Ghamr,30.8093298,31.3210688,native_google,Google Maps,0.05,hospital,,unknown,map_only_unverified,low,1,FALSE,1,Google Maps,Google Maps,"Damas, Mit Ghamr, Dakahlia Governorate 7526801, Egypt",FALSE,050 6881330,050 6881330,landline,TRUE,TRUE,scraped_unverified
NEW1230,مستشفى الاسلاميه,مستشفي الاسلاميه,,ar,FALSE,Sohag,El Omraniya,29.9960946,31.2049754,native_google,Google Maps,0.05,hospital,,unknown,map_only_unverified,low,1,FALSE,1,Google Maps,Google Maps,"X6W3+CXQ, El-Salam, Al Omraneyah Al Gharbeyah, El Omraniya, Giza Governorate 3547001, Egypt",FALSE,03 5707969,03 5707969,landline,TRUE,TRUE,scraped_unverified
NEW1231,El Zaitoun Specialized Hospital,el zaitoun specialized hospital,,en,FALSE,Sohag,قسم,30.1082644,31.293667499999998,native_google,Google Maps,0.05,hospital,,unknown,map_only_unverified,low,1,FALSE,1,Google Maps,Google Maps,"2 El-Aziz Bellah, El-Zaytoun Sharkeya, قسم, Cairo Governorate 4521117, Egypt",FALSE,02 22849000,02 22849000,landline,TRUE,TRUE,scraped_unverified
NEW1232,Medical Islamic Association,medical islamic association,,en,FALSE,Sohag,Al Giza,29.995177700000003,31.184533899999998,native_google,Google Maps,0.05,medical_center,,unknown,map_only_unverified,low,1,FALSE,1,Google Maps,Google Maps,"95 Othman Moharram St.، EL HARAM، Al Giza, Giza Governorate 3536509, Egypt",FALSE,02 35607872,02 35607872,landline,TRUE,TRUE,scraped_unverified
NEW1233,University Teaching Hospital,university teaching hospital,,en,FALSE,Sohag,First Tanta,30.8021178,30.994383600000003,native_google,Google Maps,0.05,hospital,,unknown,map_only_unverified,low,1,FALSE,1,Google Maps,Google Maps,"Al Doctor Naghatti, Tanta Qism 2, First Tanta, Gharbia Governorate 6624033, Egypt",FALSE,040 3339057,040 3339057,landline,TRUE,TRUE,scraped_unverified
NEW1234,مستشفى الجراحات الجديدة - جامعة طنطا,مستشفي الجراحات الجديدة - جامعة طنطا,,ar,FALSE,Sohag,Tanta,30.801390899999998,30.995216799999998,native_google,Google Maps,0.05,hospital,,unknown,map_only_unverified,low,1,FALSE,1,Google Maps,Google Maps,"شارع الدكتور نجاتي, Tanta Qism 2, Tanta, Gharbia Governorate 6624033, Egypt",FALSE,040 3333666,040 3333666,landline,TRUE,TRUE,scraped_unverified
NEW1235,Aswan University Hospitals,aswan university hospitals,,en,FALSE,Sohag,Aswan 1,24.0866039,32.907843299999996,native_google,Google Maps,0.05,hospital,,unknown,map_only_unverified,low,1,FALSE,1,Google Maps,Google Maps,"3WP5+J4W, Kasr Al Hager, Aswan 1, Aswan Governorate 1242770, Egypt",FALSE,097 2428625,097 2428625,landline,TRUE,TRUE,scraped_unverified
NEW1236,الرعاية الصحية بساقلتة,الرعاية الصحية بساقلتة,,ar,FALSE,Sohag,Saqultah,26.658488499999997,31.665516200000003,native_google,Google Maps,0.05,hospital,,unknown,map_only_unverified,low,1,FALSE,1,Google Maps,Google Maps,"MM58+96R, Saqetlah, Saqultah, Sohag Governorate 1832616, Egypt",FALSE,,,,FALSE,TRUE,scraped_unverified
NEW1237,مستشفى فاوجلي,مستشفي فاوجلي,,ar,FALSE,Sohag,Saqultah,26.682417599999997,31.665502900000003,native_google,Google Maps,0.05,hospital,,unknown,map_only_unverified,low,1,FALSE,1,Google Maps,Google Maps,"مستشفى، Al Awameyah, Saqultah, Sohag Governorate 1834562, Egypt",FALSE,,,,FALSE,TRUE,scraped_unverified
NEW1238,وحدة آل زيدان الصحية,وحدة ال زيدان الصحية,,ar,FALSE,Sohag,Saqultah,26.6652909,31.6535764,native_google,Google Maps,0.05,hospital,,unknown,map_only_unverified,low,1,FALSE,1,Google Maps,Google Maps,"MM83+4C8, Al Awameyah, Saqultah, Sohag Governorate 1833214, Egypt",FALSE,,,,FALSE,TRUE,scraped_unverified
NEW1239,ادارة ساقلته الصحية,ادارة ساقلته الصحية,,ar,FALSE,Sohag,Saqultah,26.658091799999998,31.665889699999997,native_google,Google Maps,0.05,medical_center,,unknown,map_only_unverified,low,1,FALSE,1,Google Maps,Google Maps,"MM58+69J, Saqetlah, Saqultah, Sohag Governorate 1832616, Egypt",FALSE,,,,FALSE,TRUE,scraped_unverified
NEW1240,مستشفي الشيخ سعيد,مستشفي الشيخ سعيد,,ar,FALSE,Sohag,El Balyana,26.286215,31.963593200000002,native_google,Google Maps,0.05,general_hospital,,unknown,map_only_unverified,low,1,FALSE,1,Google Maps,Google Maps,"7XP7+FCP, Nagoa Bardes, El Balyana, Sohag Governorate 1617636, Egypt",FALSE,,,,FALSE,TRUE,scraped_unverified
NEW1241,الوحده الصحيه بالكوامل,الوحده الصحيه بالكوامل,,ar,FALSE,Sohag,Sohag,26.4663853,31.6864638,native_google,Google Maps,0.05,general_hospital,,unknown,map_only_unverified,low,1,FALSE,1,Google Maps,Google Maps,"طريق حسني مبارك، قسم الواحات الخارجة، الوادي الجديد،،، FM8P+HH4, Sohag, Sohag Governorate 1690370, Egypt",FALSE,,,,FALSE,TRUE,scraped_unverified
NEW1242,وحدة صحة الأسرة بقرية يعقوب,وحدة صحة الاسرة بقرية يعقوب,,ar,FALSE,Sohag,El Balyana,26.2428903,31.885367900000002,native_google,Google Maps,0.05,general_hospital,,unknown,map_only_unverified,low,1,FALSE,1,Google Maps,Google Maps,"6VVP+545, Yaacoub, El Balyana, Sohag Governorate 1611520, Egypt",FALSE,,,,FALSE,TRUE,scraped_unverified
NEW1243,Al Shorouk Hospital,al shorouk hospital,,en,FALSE,Sohag,حي العجوزة,30.0684229,31.198828799999998,native_google,Google Maps,0.05,hospital,,unknown,map_only_unverified,low,1,FALSE,1,Google Maps,Google Maps,"5 شــارع بحرالــغزال- أحمد عرابي, الصحفيين, مدينة الأعلام، حي العجوزة، محافظة الجيزة 3755101, Egypt",FALSE,02 33044901,02 33044901,landline,TRUE,TRUE,scraped_unverified
NEW1244,Health Bureau - Soqolta,health bureau - soqolta,,en,FALSE,Sohag,Saqultah,26.658876499999998,31.6666746,native_google,Google Maps,0.05,doctor,,unknown,map_only_unverified,low,1,FALSE,1,Google Maps,Google Maps,"ش عبد السلام عارف, Saqetlah, Saqultah, Sohag Governorate 1832616, Egypt",FALSE,093 2510426,093 2510426,landline,TRUE,TRUE,scraped_unverified
NEW1245,Sanhour Hospital tribal,sanhour hospital tribal,,en,FALSE,Sohag,Sinnuris,29.4072909,30.755867199999997,native_google,Google Maps,0.05,hospital,,unknown,map_only_unverified,low,1,FALSE,1,Google Maps,Google Maps,"CQ44+W89, Fadimin, Sinnuris, Faiyum Governorate 2950674, Egypt",FALSE,,,,FALSE,TRUE,scraped_unverified
NEW1246,Gannah Hospital,gannah hospital,,en,FALSE,Sohag,El Omraniya,30.0066808,31.1933797,native_google,Google Maps,0.05,hospital,,unknown,map_only_unverified,low,1,FALSE,1,Google Maps,Google Maps,"امام سينما رادوبيس, ٣٧٢ Al Haram, Oula Al Haram, El Omraniya, Giza Governorate 3546236, Egypt",FALSE,,,,FALSE,TRUE,scraped_unverified
NEW1247,Quwisna Central Hospital,quwisna central hospital,,en,FALSE,Sohag,Qewaisna,30.552149399999998,31.138930299999995,native_google,Google Maps,0.05,general_hospital,,unknown,map_only_unverified,low,1,FALSE,1,Google Maps,Google Maps,"مستشفى، طريق القاهرة اسكندرية الزراعى، Madinet Qewaisna, Qewaisna, Menofia Governorate 6147011, Egypt",FALSE,048 2579460,048 2579460,landline,TRUE,TRUE,scraped_unverified
NEW1248,Al Haya Hospital,al haya hospital,,en,FALSE,Sohag,Hurghada 1,27.1546055,33.821615,native_google,Google Maps,0.05,hospital,,unknown,map_only_unverified,low,1,FALSE,1,Google Maps,Google Maps,"El-Nasr, Hurghada 1, Red Sea Governorate 1962501, Egypt",FALSE,010 06966123,010 06966123,mobile,TRUE,TRUE,scraped_unverified
NEW1249,New Giza Community Hospital,new giza community hospital,,en,FALSE,Sohag,El Sayeda Zeinab,30.022797200000003,31.249871600000002,native_google,Google Maps,0.05,hospital,,unknown,map_only_unverified,low,1,FALSE,1,Google Maps,Google Maps,"26FX+4W9, El Khalifa, El Sayeda Zeinab, Cairo Governorate 4261005, Egypt",FALSE,,,,FALSE,TRUE,scraped_unverified
NEW1250,Nasr City Hospital,nasr city hospital,,en,FALSE,Sohag,New Cairo 3,29.980360400000002,31.4272425,native_google,Google Maps,0.05,hospital,,unknown,map_only_unverified,low,1,FALSE,1,Google Maps,Google Maps,"التجمع الثالث المحليه الخامسة امام فيوتشر مول، XCJG+4W2, New Cairo 3, Cairo Governorate 4713132, Egypt",FALSE,02 27614162,02 27614162,landline,TRUE,TRUE,scraped_unverified
NEW1251,مركز جنين للتوليد وأمراض النساء بقنا,مركز جنين للتوليد وامراض النساء بقنا,,ar,FALSE,Sohag,Qena,26.1589244,32.7156336,native_google,Google Maps,0.05,medical_center,,likely,map_only_unverified,low,1,FALSE,1,Google Maps,Google Maps,"امام بنك الاسكندريه، Jul 23, Qism Qena, Qena, Qena Governorate 83511, Egypt",FALSE,010 02131442,010 02131442,mobile,TRUE,TRUE,scraped_unverified
NEW1252,JANNAH GROUP OF CENTERS AND HOSPITALS,jannah group of centers and hospitals,,en,FALSE,Sohag,شبرا,30.0732616,31.245006699999998,native_google,Google Maps,0.05,hospital,,unknown,map_only_unverified,low,1,FALSE,1,Google Maps,Google Maps,"Jannat Shubra Branch Address: 14 Khalfawi, Dairy Factory, شبرا، طوسون، شبرا، محافظة القاهرة‬ 4342112, Egypt",FALSE,010 23337770,010 23337770,mobile,TRUE,TRUE,scraped_unverified
NEW1253,Jayda hospital مستشفى جايدا,Jayda hospital مستشفي جايدا,,ar,FALSE,Sohag,Nasr City,30.0535435,31.3293253,native_google,Google Maps,0.05,medical_center,,unknown,map_only_unverified,low,1,FALSE,1,Google Maps,Google Maps,"9 Mohammed Youssef Moussa, street، Nasr City, Cairo Governorate 4450102, Egypt",FALSE,012 08080687,012 08080687,mobile,TRUE,TRUE,scraped_unverified
NEW1254,مستشفي القط التخصصى,مستشفي القط التخصصي,,ar,FALSE,Sohag,El Balyana,26.2291505,31.998395799999997,native_google,Google Maps,0.05,hospital,,unknown,map_only_unverified,low,1,FALSE,1,Google Maps,Google Maps,"Al Balena, El Balyana, Sohag Governorate 1616002, Egypt",FALSE,011 46665600,011 46665600,mobile,TRUE,TRUE,scraped_unverified
NEW1255,Fetal Health Center (Egyptian Fetal Medicine Foundation),fetal health center (egyptian fetal medicine foundation),,en,FALSE,Sohag,El Nozha,30.1049935,31.3304785,native_google,Google Maps,0.05,hospital,,unknown,map_only_unverified,low,1,FALSE,1,Google Maps,Google Maps,"النزهة #34, El-Nozha، El Hegaz St, Qism El-Nozha، El Nozha, Cairo Governorate 4470012, Egypt",FALSE,011 16676660,011 16676660,mobile,TRUE,TRUE,scraped_unverified
NEW1256,Gohar Hospital,gohar hospital,,en,FALSE,Sohag,Al Salam First,30.146014100000002,31.3953286,native_google,Google Maps,0.05,hospital,,unknown,map_only_unverified,low,1,FALSE,1,Google Maps,Google Maps,"30 ش جمال عبد الناصر، Gesr Al Suez, Berket an Nasr, Al Salam First, Cairo Governorate 4642313, Egypt",FALSE,02 26972671,02 26972671,landline,TRUE,TRUE,scraped_unverified
NEW1257,Bagour Specialized Hospital,bagour specialized hospital,,en,FALSE,Sohag,El-Bagour,30.432779099999998,31.029184599999997,native_google,Google Maps,0.05,hospital,,unknown,map_only_unverified,low,1,FALSE,1,Google Maps,Google Maps,"El-Bagour City, El-Bagour, Menofia Governorate 6075106, Egypt",FALSE,048 3882935,048 3882935,landline,TRUE,TRUE,scraped_unverified
NEW1258,مركز واحة الطب,مركز واحة الطب,,ar,FALSE,Sohag,El Weili,30.072289099999995,31.2719091,native_google,Google Maps,0.05,hospital,,unknown,map_only_unverified,low,1,FALSE,1,Google Maps,Google Maps,"19 شارع مصر و السودان امتداد شارع أحمد سعيد، الدمرداش، الوايلى، محافظة القاهرة، حدائق القبة،، الدمرداش، الوايلى،، الحدائق، حدائق القبة،، El-Demerdash, El Weili, Cairo Governorate 4390033, Egypt",FALSE,02 24664254,02 24664254,landline,TRUE,TRUE,scraped_unverified
NEW1259,El Waha Hospital,el waha hospital,,en,FALSE,Sohag,Agouza,30.064931800000004,31.2006766,native_google,Google Maps,0.05,hospital,,unknown,map_only_unverified,low,1,FALSE,1,Google Maps,Google Maps,"11 Dr Ali El-Sayed, Mit Akaba, Agouza, Giza Governorate 3754641, Egypt",FALSE,012 74444351,012 74444351,mobile,TRUE,TRUE,scraped_unverified
NEW1260,مستشفى الواحة التخصصي,مستشفي الواحة التخصصي,,ar,FALSE,Sohag,سمنود,30.965407199999998,31.241524499999993,native_google,Google Maps,0.05,hospital,,unknown,map_only_unverified,low,1,FALSE,1,Google Maps,Google Maps,"شارع الشهيد وائل المر.. الممر العلوي سابقا, مدينة سمنود، سمنود، محافظة الغربية 31621, Egypt",FALSE,010 03031114,010 03031114,mobile,TRUE,TRUE,scraped_unverified
NEW1261,El Doaah Hospital,el doaah hospital,,en,FALSE,Sohag,El Nozha,30.104497199999994,31.3380384,native_google,Google Maps,0.05,hospital,,unknown,map_only_unverified,low,1,FALSE,1,Google Maps,Google Maps,"20 Mohammed Shafeek, El-Nozha, El Nozha, Cairo Governorate 4470111, Egypt",FALSE,02 26371574,02 26371574,landline,TRUE,TRUE,scraped_unverified
NEW1262,ديوان عام المؤسسة العلاجية,ديوان عام المؤسسة العلاجية,,ar,FALSE,Sohag,El Sayeda Zeinab,30.039112300000003,31.2379418,native_google,Google Maps,0.05,hospital,,unknown,map_only_unverified,low,1,FALSE,1,Google Maps,Google Maps,"3 شارع مجلس الشعب، Al Inshaa WA Al Munirah, El Sayeda Zeinab, Cairo Governorate 11516, Egypt",FALSE,02 23684056,02 23684056,landline,TRUE,TRUE,scraped_unverified
NEW1263,مستشفي القرنة المركزي,مستشفي القرنة المركزي,,ar,FALSE,Sohag,Al Qarna,25.7311125,32.6327344,native_google,Google Maps,0.05,hospital,,unknown,map_only_unverified,low,1,FALSE,1,Google Maps,Google Maps,"PJJM+C3X، شارع مستشفى، Al Qarnah, Al Qarna, Luxor Governorate 1341778, Egypt",FALSE,012 71843726,012 71843726,mobile,TRUE,TRUE,scraped_unverified
NEW1264,Qena University Hospital,qena university hospital,,en,FALSE,Sohag,Qena,26.1989488,32.737390999999995,native_google,Google Maps,0.05,farm,,unknown,map_only_unverified,low,1,FALSE,1,Google Maps,Google Maps,"5PXP+HXC, Al Hurghada - Qena, Qena, البحر الأحمر 1464090, Egypt",FALSE,096 5337573,096 5337573,landline,TRUE,TRUE,scraped_unverified
NEW1265,مستشفى الطلاب بجامعة جنوب الوادي,مستشفي الطلاب بجامعة جنوب الوادي,,ar,FALSE,Sohag,Qena,26.1951289,32.740434,native_google,Google Maps,0.05,hospital,,unknown,map_only_unverified,low,1,FALSE,1,Google Maps,Google Maps,"5PWR+353، شارع الجامعة الرئيسى، Qena, البحر الأحمر 1464040, Egypt",FALSE,,,,FALSE,TRUE,scraped_unverified
NEW1266,مستشفي حميات البلينا,مستشفي حميات البلينا,,ar,FALSE,Sohag,El Balyana,26.1954006,32.0006171,native_google,Google Maps,0.05,hospital,,unknown,map_only_unverified,low,1,FALSE,1,Google Maps,Google Maps,"52W2+569, As Samata, El Balyana, Sohag Governorate 1612192, Egypt",FALSE,010 95060513,010 95060513,mobile,TRUE,TRUE,scraped_unverified
NEW1267,مركز إيليت الطبي بالبلينا-Elite Medical Center,مركز ايليت الطبي بالبلينا-Elite Medical Center,,ar,FALSE,Sohag,El Balyana,26.231263700000003,31.995326700000003,native_google,Google Maps,0.05,medical_center,,unknown,map_only_unverified,low,1,FALSE,1,Google Maps,Google Maps,"قبلي المرور عند مصنع ابو المكارم برج د رجب الشارع الجانبي امام قصر ابو ستيت القديم قبلي مرور، Nagaa Hamadi - Gerga Rd, Al Balena, El Balyana, Sohag Governorate 1615264, Egypt",FALSE,010 94993147,010 94993147,mobile,TRUE,TRUE,scraped_unverified
NEW1268,مركز الاندلس للنساء والتوليد,مركز الاندلس للنساء والتوليد,,ar,FALSE,Sohag,El Balyana,26.2354377,32.0029805,native_google,Google Maps,0.05,doctor,,likely,map_only_unverified,low,1,FALSE,1,Google Maps,Google Maps,"62P3+55H غرب المرور، Al Balena, El Balyana, Sohag Governorate 1618410, Egypt",FALSE,010 08611512,010 08611512,mobile,TRUE,TRUE,scraped_unverified
NEW1269,مركز ايزيس للاطفال,مركز ايزيس للاطفال,,ar,FALSE,Sohag,El Balyana,26.2309105,31.994173699999997,native_google,Google Maps,0.05,hospital,,unknown,map_only_unverified,low,1,FALSE,1,Google Maps,Google Maps,"6XJV+9M7, Al Balena, El Balyana, Sohag Governorate 1615263, Egypt",FALSE,010 10121744,010 10121744,mobile,TRUE,TRUE,scraped_unverified
NEW1270,روماني ميخائيل,روماني ميخائيل,,ar,FALSE,Sohag,El Balyana,26.234761,32.0023712,native_google,Google Maps,0.05,doctor,,unknown,map_only_unverified,low,1,FALSE,1,Google Maps,Google Maps,"امام مستشفي البلينا العام غرب المزلقان, Al Balena, El Balyana, Sohag Governorate 1618402, Egypt",FALSE,010 65743344,010 65743344,mobile,TRUE,TRUE,scraped_unverified
NEW1271,ORASCAN,orascan,,en,FALSE,Sohag,El Balyana,26.2354377,32.0029805,native_google,Google Maps,0.05,medical_center,,unknown,map_only_unverified,low,1,FALSE,1,Google Maps,Google Maps,"بعد المزلقان – اعلي كشري جحا, Al Balena, El Balyana, Sohag Governorate 82811, Egypt",FALSE,010 00451083,010 00451083,mobile,TRUE,TRUE,scraped_unverified
NEW1272,الوحدة الصحية بقرية البورة,الوحدة الصحية بقرية البورة,,ar,FALSE,Sohag,El Balyana,26.2354377,32.0029805,native_google,Google Maps,0.05,hospital,,unknown,map_only_unverified,low,1,FALSE,1,Google Maps,Google Maps,"قريه البورة، العوكلية، مركز البلينا،، Al Balena, El Balyana, Sohag Governorate 82884, Egypt",FALSE,010 20007107,010 20007107,mobile,TRUE,TRUE,scraped_unverified
NEW1273,عيادة د.يوسف عبدالعظيم للنساء والتوليد وعلاج العقم وتأخر الإنجاب,عيادة د.يوسف عبدالعظيم للنساء والتوليد وعلاج العقم وتاخر الانجاب,,ar,FALSE,Sohag,El Balyana,26.2333483,31.996837799999994,native_google,Google Maps,0.05,doctor,,likely,map_only_unverified,low,1,FALSE,1,Google Maps,Google Maps,"6XMW+8PP, Al Balena, El Balyana, Sohag Governorate 1616006, Egypt",FALSE,011 11812366,011 11812366,mobile,TRUE,TRUE,scraped_unverified
NEW1274,عيادة الدكتور عمرو عاطف اخصائي النساء والتوليد obstetrics and gynaecology,عيادة الدكتور عمرو عاطف اخصائي النساء والتوليد obstetrics and gynaecology,,ar,FALSE,Sohag,El Balyana,26.2317298,31.991138099999993,native_google,Google Maps,0.05,doctor,,likely,map_only_unverified,low,1,FALSE,1,Google Maps,Google Maps,"6XJR+MFR, Al Balena, El Balyana, Sohag Governorate 1615411, Egypt",FALSE,,,,FALSE,TRUE,scraped_unverified
NEW1275,حضانات الامل رويال للاطفال,حضانات الامل رويال للاطفال,,ar,FALSE,Sohag,El Balyana,26.234305,31.999099200000003,native_google,Google Maps,0.05,doctor,,unknown,map_only_unverified,low,1,FALSE,1,Google Maps,Google Maps,"Al Balena, El Balyana, Sohag Governorate 1617014, Egypt",FALSE,011 48117177,011 48117177,mobile,TRUE,TRUE,scraped_unverified
NEW1276,عيادة د/جوزيف أنور,عيادة د/جوزيف انور,,ar,FALSE,Sohag,El Balyana,26.2354377,32.0029805,native_google,Google Maps,0.05,doctor,,unknown,map_only_unverified,low,1,FALSE,1,Google Maps,Google Maps,"بجوار مدرسة الصنايع، بنات، El Balyana, Sohag Governorate 1618410, Egypt",FALSE,,,,FALSE,TRUE,scraped_unverified
NEW1277,El Baliana Central Hospital,el baliana central hospital,,en,FALSE,Sohag,El Balyana,26.234003299999998,31.9968444,native_google,Google Maps,0.05,hospital,,unknown,map_only_unverified,low,1,FALSE,1,Google Maps,Google Maps,"6XMW+JP5، الجمهورية، Al Balena, El Balyana, Sohag Governorate 1616022, Egypt",FALSE,093 4800301,093 4800301,landline,TRUE,TRUE,scraped_unverified
NEW1278,Umm Al-Masryeen Hospital,umm al-masryeen hospital,,en,FALSE,Sohag,Al Giza,30.0056626,31.209729499999998,native_google,Google Maps,0.05,hospital,,unknown,map_only_unverified,low,1,FALSE,1,Google Maps,Google Maps,"2646+85H, Salah Salem, Rabaa, Al Giza, Giza Governorate 3724302, Egypt",FALSE,02 35720753,02 35720753,landline,TRUE,TRUE,scraped_unverified
NEW1279,El-Usayrat Central Hospital,el-usayrat central hospital,,en,FALSE,Sohag,Aserat,26.3938874,31.823109900000002,native_google,Google Maps,0.05,hospital,,unknown,map_only_unverified,low,1,FALSE,1,Google Maps,Google Maps,"Awlad Hamza, Aserat, Sohag Governorate 1656183, Egypt",FALSE,010 11133351,010 11133351,mobile,TRUE,TRUE,scraped_unverified
NEW1280,Egyptian American Center Hospital,egyptian american center hospital,,en,FALSE,Sohag,El Nozha,30.1223202,31.367689700000003,native_google,Google Maps,0.05,hospital,,unknown,map_only_unverified,low,1,FALSE,1,Google Maps,Google Maps,"11 Mohammed Kamel Hussein, النزهة الجديدة، El Nozha, Cairo Governorate 4473160, Egypt",FALSE,02 26248773,02 26248773,landline,TRUE,TRUE,scraped_unverified
NEW1281,Zohairy Hospital,zohairy hospital,,en,FALSE,Sohag,Old Cairo,30.0135385,31.223451899999997,native_google,Google Maps,0.05,hospital,,unknown,map_only_unverified,low,1,FALSE,1,Google Maps,Google Maps,"33, El Ekhsheed street, El Roda, AR Rawdah WA Al Meqyas, Old Cairo, Cairo Governorate 4240130, Egypt",FALSE,02 23648364,02 23648364,landline,TRUE,TRUE,scraped_unverified
NEW1282,مستشفي النور التخصصي,مستشفي النور التخصصي,,ar,FALSE,Sohag,Aserat,26.3875951,31.827351399999998,native_google,Google Maps,0.05,hospital,,unknown,map_only_unverified,low,1,FALSE,1,Google Maps,Google Maps,"أولاد حمزة، مركز المنشأة، سوهاج،، Awlad Hamza, Aserat, Sohag Governorate 1656121, Egypt",FALSE,011 44562220,011 44562220,mobile,TRUE,TRUE,scraped_unverified
NEW1283,مستشفي الوعي الجديد,مستشفي الوعي الجديد,,ar,FALSE,Sohag,Al Haram,29.9664531,31.105260899999998,native_google,Google Maps,0.05,medical_clinic,,unknown,map_only_unverified,low,1,FALSE,1,Google Maps,Google Maps,"X484+H4J, Al Haram, Giza Governorate 3510422, Egypt",FALSE,011 24414392,011 24414392,mobile,TRUE,TRUE,scraped_unverified
NEW1284,مستشفى الرشايده,مستشفي الرشايده,,ar,FALSE,Sohag,Aserat,26.385028799999997,31.8130931,native_google,Google Maps,0.05,hospital,,unknown,map_only_unverified,low,1,FALSE,1,Google Maps,Google Maps,"نجع الرشايدة، أولاد حمزة، مركز المنشأة،، 9RP7+268, Awlad Hamza, Aserat, Sohag Governorate 1654001, Egypt",FALSE,,,,FALSE,TRUE,scraped_unverified
NEW1285,مستشفي دار الطب الخاصة,مستشفي دار الطب الخاصة,,ar,FALSE,Sohag,مركز المنشأة،,26.3945461,31.8251663,native_google,Google Maps,0.05,hospital,,unknown,map_only_unverified,low,1,FALSE,1,Google Maps,Google Maps,"9RVG+R37، العسيرات،، أولاد حمزة،، مركز المنشأة،، Sohag Governorate 1656362, Egypt",FALSE,,,,FALSE,TRUE,scraped_unverified
NEW1286,مستشفى نجع الدير بمركز العسيرات بمحافظة سوهاج,مستشفي نجع الدير بمركز العسيرات بمحافظة سوهاج,,ar,FALSE,Sohag,Aserat,26.392550699999997,31.820736900000004,native_google,Google Maps,0.05,hospital,,unknown,map_only_unverified,low,1,FALSE,1,Google Maps,Google Maps,"العسيرات، أولاد حمزة، مركز المنشأة،، 9RVC+27H, Awlad Hamza, Aserat, Sohag Governorate 1656173, Egypt",FALSE,,,,FALSE,TRUE,scraped_unverified
NEW1287,Awlad Hamza Central Hospital,awlad hamza central hospital,,en,FALSE,Sohag,Al Monshaah,26.3936109,31.8228276,native_google,Google Maps,0.05,hospital,,unknown,map_only_unverified,low,1,FALSE,1,Google Maps,Google Maps,"9RVF+C4W, قرية, Awlad Hamza, Al Monshaah, Sohag Governorate 1656183, Egypt",FALSE,093 4935340,093 4935340,landline,TRUE,TRUE,scraped_unverified
NEW1288,Global Medical City,global medical city,,en,FALSE,Sohag,ثان مدينة نصر,30.054481199999998,31.312865400000003,native_google,Google Maps,0.05,hospital,,unknown,map_only_unverified,low,1,FALSE,1,Google Maps,Google Maps,"شارع المخيم الدائم، صلاح سالم, G, المخيم الدائم، الحي السابع، ثان مدينة نصر، محافظة القاهرة‬ 11758, Egypt",FALSE,0219365,0219365,landline,TRUE,TRUE,scraped_unverified
NEW1289,مستشفى العسرات,مستشفي العسرات,,ar,FALSE,Sohag,Al Monshaah,26.393606899999998,31.822821499999996,native_google,Google Maps,0.05,apartment_complex,,unknown,map_only_unverified,low,1,FALSE,1,Google Maps,Google Maps,"9RVF+C4W, قرية, Awlad Hamza, Al Monshaah, Sohag Governorate 1656183, Egypt",FALSE,046 4565656,046 4565656,landline,TRUE,TRUE,scraped_unverified
NEW1290,مشتشفى العسيرات نجع رضوان,مشتشفي العسيرات نجع رضوان,,ar,FALSE,Sohag,Aserat,26.402151399999997,31.8196252,native_google,Google Maps,0.05,hospital,,unknown,map_only_unverified,low,1,FALSE,1,Google Maps,Google Maps,"CR39+2WV, Awlad Hamza, Aserat, Sohag Governorate 1655125, Egypt",FALSE,,,,FALSE,TRUE,scraped_unverified
NEW1291,وحدة صحة اولاد جبارة,وحدة صحة اولاد جبارة,,ar,FALSE,Sohag,Aserat,26.3866086,31.825969999999998,native_google,Google Maps,0.05,hospital,,unknown,map_only_unverified,low,1,FALSE,1,Google Maps,Google Maps,"9RPG+J9X, Awlad Gabarah, Aserat, Sohag Governorate 1656120, Egypt",FALSE,,,,FALSE,TRUE,scraped_unverified
NEW1292,مستشفى الحضرة الجامعي,مستشفي الحضرة الجامعي,,ar,FALSE,Sohag,Bab Shar',31.198304299999997,29.9232035,native_google,Google Maps,0.05,hospital,,unknown,map_only_unverified,low,1,FALSE,1,Google Maps,Google Maps,"Bab Sharqi WA Wabour Al Meyah, Bab Shar', Alexandria Governorate 5415140, Egypt",FALSE,,,,FALSE,TRUE,scraped_unverified
NEW1293,الوحدة الصحية باولاد بهيج,الوحدة الصحية باولاد بهيج,,ar,FALSE,Sohag,Aserat,26.370385199999998,31.8297898,native_google,Google Maps,0.05,medical_center,,unknown,map_only_unverified,low,1,FALSE,1,Google Maps,Google Maps,"9RCH+5W3, Awlad Bahig, Aserat, Sohag Governorate 1653328, Egypt",FALSE,,,,FALSE,TRUE,scraped_unverified
NEW1294,د علي عبدالرحمن علي,د علي عبدالرحمن علي,,ar,FALSE,Sohag,Aserat,26.3847505,31.8319814,native_google,Google Maps,0.05,hospital,,unknown,map_only_unverified,low,1,FALSE,1,Google Maps,Google Maps,"القلعايه, Awlad Hamza, Aserat, Sohag Governorate 1656323, Egypt",FALSE,015 55758777,015 55758777,mobile,TRUE,TRUE,scraped_unverified
NEW1295,برج الدكتور عصمت رضوان,برج الدكتور عصمت رضوان,,ar,FALSE,Sohag,Al Monshaah,26.394555699999998,31.825199299999998,native_google,Google Maps,0.05,hospital,,unknown,map_only_unverified,low,1,FALSE,1,Google Maps,Google Maps,"9RVG+R3G, Awlad Hamza, Al Monshaah, Sohag Governorate 1656362, Egypt",FALSE,010 03819037,010 03819037,mobile,TRUE,TRUE,scraped_unverified
NEW1296,وحدة طب أسره اولاد حمزه,وحدة طب اسره اولاد حمزه,,ar,FALSE,Sohag,Aserat,26.4022446,31.819740300000003,native_google,Google Maps,0.05,hospital,,unknown,map_only_unverified,low,1,FALSE,1,Google Maps,Google Maps,"CR29+VVX، نجع رضوان اولادحمزه، Awlad Hamza, Aserat, Sohag Governorate 1655125, Egypt",FALSE,,,,FALSE,TRUE,scraped_unverified
NEW1297,مركز حضانات الصفا بالعسيرات,مركز حضانات الصفا بالعسيرات,,ar,FALSE,Sohag,Aserat,26.391305799999998,31.8193104,native_google,Google Maps,0.05,hospital,,unknown,map_only_unverified,low,1,FALSE,1,Google Maps,Google Maps,"أولاد حمزة، مركز المنشأة،، 9RR9+GPF, Awlad Hamza, Aserat, Sohag Governorate 1655015, Egypt",FALSE,,,,FALSE,TRUE,scraped_unverified
NEW1298,El-Sharq Hospital,el-sharq hospital,,en,FALSE,Sohag,Agouza,30.0665232,31.2039708,native_google,Google Maps,0.05,hospital,,unknown,map_only_unverified,low,1,FALSE,1,Google Maps,Google Maps,"40 El-Rashid St, Madinet Al Eelam, Agouza, Giza Governorate 3755113, Egypt",FALSE,02 33465745,02 33465745,landline,TRUE,TRUE,scraped_unverified
NEW1299,El Sudan Hospital,el sudan hospital,,en,FALSE,Sohag,Agouza,30.070394099999998,31.203262,native_google,Google Maps,0.05,hospital,,unknown,map_only_unverified,low,1,FALSE,1,Google Maps,Google Maps,"397 شارع السودان، مدينة الطلبة، Agouza, Giza Governorate 3755130, Egypt",FALSE,011 01112001,011 01112001,mobile,TRUE,TRUE,scraped_unverified
NEW1300,مستشفى المنيرة العام,مستشفي المنيرة العام,,ar,FALSE,Sohag,El Sayeda Zeinab,30.0348255,31.238070999999998,native_google,Google Maps,0.05,hospital,,unknown,map_only_unverified,low,1,FALSE,1,Google Maps,Google Maps,"محمد عز الدين، Khairat, El Sayeda Zeinab, Cairo Governorate 4262130, Egypt",FALSE,02 27947205,02 27947205,landline,TRUE,TRUE,scraped_unverified
NEW1301,Mansheyet El Bakry General Hospital,mansheyet el bakry general hospital,,en,FALSE,Sohag,Heliopolis,30.0915654,31.3067025,native_google,Google Maps,0.05,hospital,,unknown,map_only_unverified,low,1,FALSE,1,Google Maps,Google Maps,"13 Gesr Al Suez, Manshîyet el Bakri, Heliopolis, Cairo Governorate 4460103, Egypt",FALSE,02 22580270,02 22580270,landline,TRUE,TRUE,scraped_unverified
NEW1302,رعاية الامومة والطفولة بالمنشاة,رعاية الامومة والطفولة بالمنشاة,,ar,FALSE,Sohag,Al Monshaah,26.4749062,31.805051100000004,native_google,Google Maps,0.05,hospital,,likely,map_only_unverified,low,1,FALSE,1,Google Maps,Google Maps,"FRF4+X27, Al Monshaah, Sohag Governorate 1666131, Egypt",FALSE,,,,FALSE,TRUE,scraped_unverified
NEW1303,Light Life Center,light life center,,en,FALSE,Sohag,Al Monshaah,26.476478399999998,31.8001983,native_google,Google Maps,0.05,hospital,,unknown,map_only_unverified,low,1,FALSE,1,Google Maps,Google Maps,"FRG2+H3W, Al Monshaah, Sohag Governorate 1666102, Egypt",FALSE,,,,FALSE,TRUE,scraped_unverified
NEW1304,مركز الجمهورية الطبى,مركز الجمهورية الطبي,,ar,FALSE,Sohag,Al Monshaah,26.4831149,31.7950254,native_google,Google Maps,0.05,hospital,,unknown,map_only_unverified,low,1,FALSE,1,Google Maps,Google Maps,"FQMW+62R, Al Monshaah, Sohag Governorate 1667110, Egypt",FALSE,,,,FALSE,TRUE,scraped_unverified
NEW1305,الرعاية الصحية بالمنشاة,الرعاية الصحية بالمنشاة,,ar,FALSE,Sohag,Al Monshaah,26.4745843,31.8047451,native_google,Google Maps,0.05,hospital,,unknown,map_only_unverified,low,1,FALSE,1,Google Maps,Google Maps,"FRF3+RVQ, Al Monshaah, Sohag Governorate 1666066, Egypt",FALSE,,,,FALSE,TRUE,scraped_unverified
NEW1306,مستشفي الفاروق,مستشفي الفاروق,,ar,FALSE,Sohag,Al Monshaah,26.471691000000003,31.790281,native_google,Google Maps,0.05,university,,unknown,map_only_unverified,low,1,FALSE,1,Google Maps,Google Maps,"FQCR+M4C, Muhammad Siddiq Minshawi Rd, Al Bagia Bel Sheikh Youssef, Al Monshaah, Sohag Governorate 1665401, Egypt",FALSE,,,,FALSE,TRUE,scraped_unverified
NEW1307,مستشفى النخبه الدولى,مستشفي النخبه الدولي,,ar,FALSE,Sohag,Al Monshaah,26.4798823,31.800675400000003,native_google,Google Maps,0.05,hospital,,unknown,map_only_unverified,low,1,FALSE,1,Google Maps,Google Maps,"FRH2+V9C, Al Monshaah, Sohag Governorate 1667422, Egypt",FALSE,,,,FALSE,TRUE,scraped_unverified
NEW1308,Smouha International Hospital,smouha international hospital,,en,FALSE,Sohag,Sidi Gaber,31.2089956,29.934883299999996,native_google,Google Maps,0.05,hospital,,unknown,map_only_unverified,low,1,FALSE,1,Google Maps,Google Maps,"1 Mohammed Fawzi Moaz, Ezbet Saad, Sidi Gaber, Alexandria Governorate 21648, Egypt",FALSE,,,,FALSE,TRUE,scraped_unverified
NEW1309,Saudi German Hospital- Alexandria المستشفى السعودي الألماني -الإسكندرية,Saudi German Hospital- Alexandria المستشفي السعودي الالماني -الاسكندرية,,ar,FALSE,Sohag,قسم أول العامرية,31.059744799999997,29.7185192,native_google,Google Maps,0.05,hospital,,unknown,map_only_unverified,low,1,FALSE,1,Google Maps,Google Maps,"Alex West Compound -Mehwer El Taamear North Coast Road, 23 km, الذراع البحري، قسم أول العامرية، محافظة الإسكندرية 23511, Egypt",FALSE,0216259,0216259,landline,TRUE,TRUE,scraped_unverified
NEW1310,NBE ATM - Central facility hospital - مستشفى المنشأة المركزى,NBE ATM - Central facility hospital - مستشفي المنشاة المركزي,,ar,FALSE,Sohag,El Munshaa,26.4797363,31.797053799999997,native_google,Google Maps,0.05,atm,,unknown,map_only_unverified,low,1,FALSE,1,Google Maps,Google Maps,"Abdel Moneim Riad St. - The facility - Sohag ش عبد المنعم رياض, Al Moinshaa - Souhag Rd, Al Monshaah, El Munshaa, Sohag Governorate 1667008, Egypt",FALSE,,,,FALSE,TRUE,scraped_unverified
NEW1311,مستشفي العربي مجمع عيادات الامل,مستشفي العربي مجمع عيادات الامل,,ar,FALSE,Sohag,El Weili,30.0611231,31.283463700000002,native_google,Google Maps,0.05,hospital,,unknown,map_only_unverified,low,1,FALSE,1,Google Maps,Google Maps,"11 صلاح سالم، السرايات، الوايلى، محافظة القاهرة‬،، As Sarayat, El Weili, Cairo Governorate 4391060, Egypt",FALSE,,,,FALSE,TRUE,scraped_unverified
NEW1312,مستشفى سهلا الجديدة,مستشفي سهلا الجديدة,,ar,FALSE,Sohag,Moharam Bek,31.1910873,29.9085084,native_google,Google Maps,0.05,hospital,,unknown,map_only_unverified,low,1,FALSE,1,Google Maps,Google Maps,"Baghdad street, Al Bab Al Gadid WA Mansha, Moharam Bek, Alexandria Governorate 5413215, Egypt",FALSE,03 3912482,03 3912482,landline,TRUE,TRUE,scraped_unverified
NEW1313,ِAndalusia Hospitals,Andalusia Hospitals,,ar,FALSE,Sohag,El Dabaa,31.000291299999997,28.680409299999997,native_google,Google Maps,0.05,hospital,,unknown,map_only_unverified,low,1,FALSE,1,Google Maps,Google Maps,"Amwaj Resort، Alexandria - Marsa Matrouh Rd, El Dabaa, Marsa Matrouh Governorate 5064201, Egypt",FALSE,012 25116611,012 25116611,mobile,TRUE,TRUE,scraped_unverified
NEW1314,Zamzam Hospital,zamzam hospital,,en,FALSE,Sohag,Moharam Bek,31.1952462,29.9127539,native_google,Google Maps,0.05,hospital,,unknown,map_only_unverified,low,1,FALSE,1,Google Maps,Google Maps,"Ahmed Mohammed Ismail St, Emberouz WA Moharram Beik, Moharam Bek, Alexandria Governorate 5413405, Egypt",FALSE,010 11117817,010 11117817,mobile,TRUE,TRUE,scraped_unverified
NEW1315,اسماء ياسر,اسماء ياسر,,ar,FALSE,Sohag,Al Monshaah,26.4789337,31.802195100000002,native_google,Google Maps,0.05,hospital,,unknown,map_only_unverified,low,1,FALSE,1,Google Maps,Google Maps,"FRH2+HVG، المستشفى، Al Monshaah, Sohag Governorate 1667415, Egypt",FALSE,,,,FALSE,TRUE,scraped_unverified
NEW1316,Alamia Exhibition Tools Health Algossry,alamia exhibition tools health algossry,,en,FALSE,Sohag,Al Monshaah,26.476357999999998,31.799603299999994,native_google,Google Maps,0.05,hospital,,unknown,map_only_unverified,low,1,FALSE,1,Google Maps,Google Maps,"FQGX+GRX, Al Monshaah, Sohag Governorate 1666102, Egypt",FALSE,012 10023840,012 10023840,mobile,TRUE,TRUE,scraped_unverified
NEW1317,Romany Specialized Hospital,romany specialized hospital,,en,FALSE,Sohag,Bab Shar',31.1984164,29.932053900000003,native_google,Google Maps,0.05,hospital,,unknown,map_only_unverified,low,1,FALSE,1,Google Maps,Google Maps,"59 Zahi Bayomi, Al Hadrah Qebli, Bab Shar', Alexandria Governorate 5421040, Egypt",FALSE,03 4203846,03 4203846,landline,TRUE,TRUE,scraped_unverified
NEW1318,معمل الإسراء للتحاليل الطبية,معمل الاسراء للتحاليل الطبية,,ar,FALSE,Sohag,Al Monshaah,26.4795286,31.801220899999997,native_google,Google Maps,0.05,hospital,,unknown,map_only_unverified,low,1,FALSE,1,Google Maps,Google Maps,"FRH2+RF9, Al Monshaah, Sohag Governorate 1667422, Egypt",FALSE,012 89917849,012 89917849,mobile,TRUE,TRUE,scraped_unverified
NEW1319,Al Minshah,al minshah,,en,FALSE,Sohag,Al Minshah,26.4790045,31.8021647,native_google,Google Maps,0.05,hospital_unspecified,,unknown,map_only_unverified,low,1,FALSE,1,Google Maps,Google Maps,"Al Minshah, Al Monshaah, Sohag Governorate, Egypt",FALSE,,,,FALSE,TRUE,scraped_unverified
NEW1320,مركز جنى للولاده د.ناصر عبدالكريم,مركز جني للولاده د.ناصر عبدالكريم,,ar,FALSE,Sohag,Al Monshaah,26.477982299999997,31.8009846,native_google,Google Maps,0.05,hospital,,likely,map_only_unverified,low,1,FALSE,1,Google Maps,Google Maps,"Al Monshaah, Sohag Governorate 1667005, Egypt",FALSE,,,,FALSE,TRUE,scraped_unverified
NEW1321,مستشفى مركز العربى الطبى,مستشفي مركز العربي الطبي,,ar,FALSE,Sohag,El Weili,30.0616235,31.2835041,native_google,Google Maps,0.05,hospital,,unknown,map_only_unverified,low,1,FALSE,1,Google Maps,Google Maps,"طريق صالح سالم، أمام، Dar ElAsleha w ElZakhira, As Sarayat, El Weili, Cairo Governorate 4391060, Egypt",FALSE,011 13472222,011 13472222,mobile,TRUE,TRUE,scraped_unverified
NEW1322,Al salam portsaid Hospital,al salam portsaid hospital,,en,FALSE,Sohag,قسم الشرق,31.263711800000003,32.3049254,native_google,Google Maps,0.05,hospital,,unknown,map_only_unverified,low,1,FALSE,1,Google Maps,Google Maps,"متفرع من ش النهضة، حى الشرق،, 7873+FXM, City, قسم الشرق، محافظة بورسعيد 8573007, Egypt",FALSE,066 3220694,066 3220694,landline,TRUE,TRUE,scraped_unverified
NEW1323,مستشفي السلام المهندسين,مستشفي السلام المهندسين,,ar,FALSE,Sohag,Agouza,30.052925600000002,31.200785399999997,native_google,Google Maps,0.05,hospital,,unknown,map_only_unverified,low,1,FALSE,1,Google Maps,Google Maps,"21 Gameat Al Dewal Al Arabeya, Gazirat Mit Oqbah, Agouza, Giza Governorate 3752241, Egypt",FALSE,,,,FALSE,TRUE,scraped_unverified
NEW1324,Al Salama Hospital,al salama hospital,,en,FALSE,Sohag,Ash Shati,21.6228038,39.1146598,native_google,Google Maps,0.05,hospital,,unknown,map_only_unverified,low,1,FALSE,1,Google Maps,Google Maps,"Al Malek، King Abdul Aziz Rd, Ash Shati, Jeddah 23611, Saudi Arabia",FALSE,9200 51919,9200 51919,landline,TRUE,TRUE,scraped_unverified
NEW1325,مركز الحسين للنساء والتوليد,مركز الحسين للنساء والتوليد,,ar,FALSE,Sohag,Dishna,26.124014400000004,32.460618499999995,native_google,Google Maps,0.05,hospital,,likely,map_only_unverified,low,1,FALSE,1,Google Maps,Google Maps,"Madinet Dishna, Dishna, Qena Governorate 83611, Egypt",FALSE,012 74007379,012 74007379,mobile,TRUE,TRUE,scraped_unverified
NEW1326,دكتور احمد عبدالراضي الديب,دكتور احمد عبدالراضي الديب,,ar,FALSE,Sohag,Qena,26.1570026,32.71463370000001,native_google,Google Maps,0.05,medical_center,,unknown,map_only_unverified,low,1,FALSE,1,Google Maps,Google Maps,"أمام مركز الرازي الطبي، Al Mostashareen, Qism Qena, Qena, Qena Governorate 1460345, Egypt",FALSE,010 97530008,010 97530008,mobile,TRUE,TRUE,scraped_unverified
NEW1327,Dar ElSalam Hospital,dar elsalam hospital,,en,FALSE,Sohag,Old Cairo,30.012548600000002,31.2289681,native_google,Google Maps,0.05,hospital,,unknown,map_only_unverified,low,1,FALSE,1,Google Maps,Google Maps,"267H+2H8, Al Kafour, Old Cairo, Cairo Governorate 4241250, Egypt",FALSE,,,,FALSE,TRUE,scraped_unverified
NEW1328,Dar el salam cancer hospital,dar el salam cancer hospital,,en,FALSE,Sohag,Old Cairo,30.0128383,31.2283871,native_google,Google Maps,0.05,medical_clinic,,unknown,map_only_unverified,low,1,FALSE,1,Google Maps,Google Maps,"كورنيش النيل، El-Malek El-Saleh, Al Kafour, Old Cairo, Cairo Governorate 4241250, Egypt",FALSE,02 25311125,02 25311125,landline,TRUE,TRUE,scraped_unverified
NEW1329,مستشفى السلام,مستشفي السلام,,ar,FALSE,Sohag,Dar El Salam,26.2775447,32.0544988,native_google,Google Maps,0.05,hospital,,unknown,map_only_unverified,low,1,FALSE,1,Google Maps,Google Maps,"73H3+2Q9, Dar El-Salam, Dar El Salam, Sohag Governorate 1815540, Egypt",FALSE,011 21455580,011 21455580,mobile,TRUE,TRUE,scraped_unverified
NEW1330,Nile Specialist Hospital,nile specialist hospital,,en,FALSE,Sohag,Dar El Salam,26.2728708,32.051447599999996,native_google,Google Maps,0.05,hospital,,unknown,map_only_unverified,low,1,FALSE,1,Google Maps,Google Maps,"شارع عبدالسلام أبو الجود، Dar El-Salam, Dar El Salam, Sohag Governorate 1815511, Egypt",FALSE,010 12880812,010 12880812,mobile,TRUE,TRUE,scraped_unverified
NEW1331,Dar El Salam Specialized Hospital,dar el salam specialized hospital,,en,FALSE,Sohag,Damanhour,31.0335318,30.474473600000003,native_google,Google Maps,0.05,hospital,,unknown,map_only_unverified,low,1,FALSE,1,Google Maps,Google Maps,"ش الموازين, Tamous, Damanhour, Beheira Governorate 5843314, Egypt",FALSE,045 3333174,045 3333174,landline,TRUE,TRUE,scraped_unverified
NEW1332,El Farouq Specialized Hospital,el farouq specialized hospital,,en,FALSE,Sohag,Al Salam First,30.1666636,31.4201511,native_google,Google Maps,0.05,hospital,,unknown,map_only_unverified,low,1,FALSE,1,Google Maps,Google Maps,"5C8C+M36, As Salam Al Gharbeyah, Al Salam First, Cairo Governorate 4645210, Egypt",FALSE,02 22812210,02 22812210,landline,TRUE,TRUE,scraped_unverified
NEW1333,مستشفي دار السلام المركزي سوهاج,مستشفي دار السلام المركزي سوهاج,,ar,FALSE,Sohag,Dar El Salam,26.279193,32.058059899999996,native_google,Google Maps,0.05,hospital,,unknown,map_only_unverified,low,1,FALSE,1,Google Maps,Google Maps,"73H5+M6F, Dar El-Salam, Dar El Salam, Sohag Governorate 1815527, Egypt",FALSE,,,,FALSE,TRUE,scraped_unverified
NEW1334,مستشفى المصطفى التخصصي,مستشفي المصطفي التخصصي,,ar,FALSE,Sohag,Dar El Salam,26.275639899999998,32.0573675,native_google,Google Maps,0.05,hospital,,unknown,map_only_unverified,low,1,FALSE,1,Google Maps,Google Maps,"73G4+7W5, Dar El-Salam, Dar El Salam, Sohag Governorate 1815462, Egypt",FALSE,010 07918856,010 07918856,mobile,TRUE,TRUE,scraped_unverified
NEW1335,الادارة الصحية بدار السلام,الادارة الصحية بدار السلام,,ar,FALSE,Sohag,Dar El Salam,26.2777449,32.0560553,native_google,Google Maps,0.05,hospital,,unknown,map_only_unverified,low,1,FALSE,1,Google Maps,Google Maps,"73H4+3CV, Dar El-Salam, Dar El Salam, Sohag Governorate 1815526, Egypt",FALSE,010 07055459,010 07055459,mobile,TRUE,TRUE,scraped_unverified
NEW1336,مستوصف الحياة,مستوصف الحياة,,ar,FALSE,Sohag,Dar El Salam,26.2740282,32.0532383,native_google,Google Maps,0.05,hospital,,unknown,map_only_unverified,low,1,FALSE,1,Google Maps,Google Maps,"73F3+J79, Dar El-Salam, Dar El Salam, Sohag Governorate 1815511, Egypt",FALSE,,,,FALSE,TRUE,scraped_unverified
NEW1337,مستشفى الدكتور خالد البطل,مستشفي الدكتور خالد البطل,,ar,FALSE,Sohag,Dar El Salam,26.2754704,32.0589669,native_google,Google Maps,0.05,hospital,,unknown,map_only_unverified,low,1,FALSE,1,Google Maps,Google Maps,"Magles Elmadina street, Dar El-Salam, Dar El Salam, Sohag Governorate 1815452, Egypt",FALSE,093 4219633,093 4219633,landline,TRUE,TRUE,scraped_unverified
NEW1338,مستشفى دار السلام التخصصية,مستشفي دار السلام التخصصية,,ar,FALSE,Sohag,Amreya 1,31.040980700000002,29.8257126,native_google,Google Maps,0.05,hospital,,unknown,map_only_unverified,low,1,FALSE,1,Google Maps,Google Maps,"Zawya Abd El-Qader, Amreya 1, Alexandria Governorate 21929, Egypt",FALSE,012 11197358,012 11197358,mobile,TRUE,TRUE,scraped_unverified
NEW1339,الوحدة الصحية بالخيام,الوحدة الصحية بالخيام,,ar,FALSE,Sohag,Dar El Salam,26.2018815,32.0506491,native_google,Google Maps,0.05,hospital,,unknown,map_only_unverified,low,1,FALSE,1,Google Maps,Google Maps,"6322+Q72، Unnamed Road، Al Khayam WA Gazirat Naqnaq, Dar El Salam, Sohag Governorate 1812117, Egypt",FALSE,,,,FALSE,TRUE,scraped_unverified
NEW1340,elfath medical center,elfath medical center,,en,FALSE,Sohag,دار السلام,26.277948799999997,32.056806,native_google,Google Maps,0.05,hospital,,unknown,map_only_unverified,low,1,FALSE,1,Google Maps,Google Maps,"Unnamed Road, دار السلام، مركز دار السلام،،, 73H4+5PF، دار السلام، محافظة سوهاج 1815526, Egypt",FALSE,,,,FALSE,TRUE,scraped_unverified
NEW1341,مستشفى جمعية رئيس السلام الخيرية,مستشفي جمعية رئيس السلام الخيرية,,ar,FALSE,Sohag,قسم مصر القديمة,30.005975699999997,31.228627799999998,native_google,Google Maps,0.05,hospital,,unknown,map_only_unverified,low,1,FALSE,1,Google Maps,Google Maps,"26 mohammad elsagheler street, الخوخة والقناية، قسم مصر القديمة، محافظة القاهرة‬ 4241206, Egypt",FALSE,02 23649491,02 23649491,landline,TRUE,TRUE,scraped_unverified
NEW1342,المستوصف الطبي الخيري,المستوصف الطبي الخيري,,ar,FALSE,Sohag,مركز دار السلام،,26.277537799999998,32.0563238,native_google,Google Maps,0.05,hospital,,unknown,map_only_unverified,low,1,FALSE,1,Google Maps,Google Maps,"Dar El-Salam, مركز دار السلام،، Sohag Governorate 1815526, Egypt",FALSE,010 05644681,010 05644681,mobile,TRUE,TRUE,scraped_unverified
NEW1343,مستشفي هرمل,مستشفي هرمل,,ar,FALSE,Sohag,Old Cairo,30.012610700000003,31.2294159,native_google,Google Maps,0.05,hospital,,unknown,map_only_unverified,low,1,FALSE,1,Google Maps,Google Maps,"267H+2QM, Al Kafour, Old Cairo, Cairo Governorate 4241250, Egypt",FALSE,,,,FALSE,TRUE,scraped_unverified
NEW1344,وحدة طب الأسره بمزاته شرق,وحدة طب الاسره بمزاته شرق,,ar,FALSE,Sohag,Dar El Salam,26.2841746,32.0100933,native_google,Google Maps,0.05,medical_center,,unknown,map_only_unverified,low,1,FALSE,1,Google Maps,Google Maps,"72M6+M28, Awlad Yehia Qibly, Dar El Salam, Sohag Governorate 1814123, Egypt",FALSE,,,,FALSE,TRUE,scraped_unverified
NEW1345,مستشفى الشيخ مطاوع,مستشفي الشيخ مطاوع,,ar,FALSE,Sohag,Dar El Salam,26.2292681,32.028338999999995,native_google,Google Maps,0.05,hospital,,unknown,map_only_unverified,low,1,FALSE,1,Google Maps,Google Maps,"62HH+P84, Awlad Salem Bahri, Dar El Salam, Sohag Governorate 1813577, Egypt",FALSE,,,,FALSE,TRUE,scraped_unverified
NEW1346,مستشفي اولاديحيي بحري,مستشفي اولاديحيي بحري,,ar,FALSE,Sohag,Dar El Salam,26.320636699999998,31.948035200000003,native_google,Google Maps,0.05,hospital,,unknown,map_only_unverified,low,1,FALSE,1,Google Maps,Google Maps,"8WCX+763، Unnamed Road، Awlad Yehya Bahri, Dar El Salam, Sohag Governorate 1816003, Egypt",FALSE,,,,FALSE,TRUE,scraped_unverified
NEW1347,مستشفى التكامل بأولاد يحيى الحاجر,مستشفي التكامل باولاد يحيي الحاجر,,ar,FALSE,Sohag,Dar El Salam,26.331882900000004,31.999858399999997,native_google,Google Maps,0.05,hospital,,unknown,map_only_unverified,low,1,FALSE,1,Google Maps,Google Maps,"8XJX+QW5, Al Hager Bawlad Yehya, Dar El Salam, Sohag Governorate 1818260, Egypt",FALSE,011 14717863,011 14717863,mobile,TRUE,TRUE,scraped_unverified
NEW1348,الوحدة الصحية,الوحدة الصحية,,ar,FALSE,Sohag,Dar El Salam,26.3061866,31.991272700000003,native_google,Google Maps,0.05,hospital,,unknown,map_only_unverified,low,1,FALSE,1,Google Maps,Google Maps,"8X4R+FGC, Awlad Yehia Qibly, Dar El Salam, Sohag Governorate 1814711, Egypt",FALSE,,,,FALSE,TRUE,scraped_unverified
NEW1349,مستشفى اولاد خليفة,مستشفي اولاد خليفة,,ar,FALSE,Sohag,Dar El Salam,26.3061724,31.991248399999996,native_google,Google Maps,0.05,hospital,,unknown,map_only_unverified,low,1,FALSE,1,Google Maps,Google Maps,"8X4R+FF9, Awlad Yehia Qibly, Dar El Salam, Sohag Governorate 1814711, Egypt",FALSE,,,,FALSE,TRUE,scraped_unverified
NEW1350,وحدة صحة دار السلام,وحدة صحة دار السلام,,ar,FALSE,Sohag,Tamiya,29.4202449,30.922660500000003,native_google,Google Maps,0.05,hospital,,unknown,map_only_unverified,low,1,FALSE,1,Google Maps,Google Maps,"CWCF+33V, Al Roda - Maasaret Sawi, Maasaret Sawi, Tamiya, Faiyum Governorate 2960351, Egypt",FALSE,,,,FALSE,TRUE,scraped_unverified
NEW1351,مستشفى الحميات بعرب الصبحه,مستشفي الحميات بعرب الصبحه,,ar,FALSE,Sohag,Dar El Salam,26.265094599999998,32.0948742,native_google,Google Maps,0.05,hospital,,unknown,map_only_unverified,low,1,FALSE,1,Google Maps,Google Maps,"738V+2WQ، Unnamed Road، Dar El Salam, البحر الأحمر 1817542, Egypt",FALSE,,,,FALSE,TRUE,scraped_unverified
NEW1352,مستشفي اجيال بالكشح,مستشفي اجيال بالكشح,,ar,FALSE,Sohag,Dar El Salam,26.231002999999998,32.0847212,native_google,Google Maps,0.05,medical_center,,unknown,map_only_unverified,low,1,FALSE,1,Google Maps,Google Maps,"63JM+CRQ, Al Kasheh, Dar El Salam, Sohag Governorate 1812806, Egypt",FALSE,,,,FALSE,TRUE,scraped_unverified
NEW1353,وحده صحيه,وحده صحيه,,ar,TRUE,Sohag,Dar El Salam,26.2811822,32.073802,native_google,Google Maps,0.05,hospital,,unknown,map_only_unverified,low,1,FALSE,1,Google Maps,Google Maps,"73JF+FGF وحده صحيه، Dar El-Salam, Dar El Salam, Sohag Governorate 1817601, Egypt",FALSE,,,,FALSE,TRUE,scraped_unverified
NEW1354,مبنى خدمات الأنبا ابرآم بالكشح,مبني خدمات الانبا ابرام بالكشح,,ar,FALSE,Sohag,Dar El Salam,26.2319191,32.0861713,native_google,Google Maps,0.05,hospital,,unknown,map_only_unverified,low,1,FALSE,1,Google Maps,Google Maps,"63JP+HGR، طريق إبراهيم علي، Al Kasheh, Dar El Salam, Sohag Governorate 1813320, Egypt",FALSE,,,,FALSE,TRUE,scraped_unverified
NEW1355,الوحدة/الصحية بأولاد سالم,الوحدة/الصحية باولاد سالم,,ar,FALSE,Sohag,Dar El Salam,26.2445198,32.0311355,native_google,Google Maps,0.05,hospital,,unknown,map_only_unverified,low,1,FALSE,1,Google Maps,Google Maps,"62VJ+RF2, Awlad Salem Bahri, Dar El Salam, Sohag Governorate 1813675, Egypt",FALSE,,,,FALSE,TRUE,scraped_unverified
NEW1356,مستشفى الدكتور خالد البطل للتوليد وأمراض النساء,مستشفي الدكتور خالد البطل للتوليد وامراض النساء,,ar,FALSE,Sohag,Dar El Salam,26.275829599999998,32.0590233,native_google,Google Maps,0.05,medical_clinic,,likely,map_only_unverified,low,1,FALSE,1,Google Maps,Google Maps,"Magles Almaniah st, Dar El-Salam, Dar El Salam, Sohag Governorate 82749, Egypt",FALSE,093 4912633,093 4912633,landline,TRUE,TRUE,scraped_unverified
NEW1357,الوحده الصحية باولاد سالم قبلي,الوحده الصحية باولاد سالم قبلي,,ar,FALSE,Sohag,Dar El Salam,26.2292681,32.028338999999995,native_google,Google Maps,0.05,hospital,,unknown,map_only_unverified,low,1,FALSE,1,Google Maps,Google Maps,"62HH+P84, Awlad Salem Bahri, Dar El Salam, Sohag Governorate 1813577, Egypt",FALSE,,,,FALSE,TRUE,scraped_unverified
NEW1358,Health Unit Ahmec Ali,health unit ahmec ali,,en,FALSE,Sohag,Dar El Salam,26.230084899999998,32.138138,native_google,Google Maps,0.05,hospital,,unknown,map_only_unverified,low,1,FALSE,1,Google Maps,Google Maps,"64JQ+27J, Al Balabish Al Mostagadah, Dar El Salam, Sohag Governorate 1817222, Egypt",FALSE,,,,FALSE,TRUE,scraped_unverified
NEW1359,مستشفي نجع الحسين,مستشفي نجع الحسين,,ar,FALSE,Sohag,Dar El Salam,26.3061646,31.991245999999997,native_google,Google Maps,0.05,hospital,,unknown,map_only_unverified,low,1,FALSE,1,Google Maps,Google Maps,"8X4R+FF9, Awlad Yehia Qibly, Dar El Salam, Sohag Governorate 1814711, Egypt",FALSE,,,,FALSE,TRUE,scraped_unverified
NEW1360,Al Salam Al Assima Hospital,al salam al assima hospital,,en,FALSE,Sohag,Bnied Al-Gar,29.3693709,48.0079229,native_google,Google Maps,0.05,hospital,,unknown,map_only_unverified,low,1,FALSE,1,Google Maps,Google Maps,"Port Said St, 35151, Kuwait",FALSE,1830 003,1830 003,landline,TRUE,TRUE,scraped_unverified
NEW1361,الوحدة الصحية بالنغاميش,الوحدة الصحية بالنغاميش,,ar,FALSE,Sohag,Dar El Salam,26.2216047,32.0615513,native_google,Google Maps,0.05,hospital,,unknown,map_only_unverified,low,1,FALSE,1,Google Maps,Google Maps,"63C6+JJV مركز دار السلام، Unnamed Road، An Naghamish, Dar El Salam, Sohag Governorate 1812507, Egypt",FALSE,,,,FALSE,TRUE,scraped_unverified
NEW1362,Amarna Hospital,amarna hospital,,en,FALSE,Sohag,El Balyana,26.2728297,31.9749883,native_google,Google Maps,0.05,hospital,,unknown,map_only_unverified,low,1,FALSE,1,Google Maps,Google Maps,"قريه العمارنه, مركز البلينا, سوهاج, مصر، 7XFF+4XQ, As Sahel Bahri, El Balyana, Sohag Governorate 1617431, Egypt",FALSE,,,,FALSE,TRUE,scraped_unverified
NEW1363,مستشفى البلابيش بحري,مستشفي البلابيش بحري,,ar,FALSE,Sohag,Dar El Salam,26.221295299999998,32.110934799999995,native_google,Google Maps,0.05,hospital,,unknown,map_only_unverified,low,1,FALSE,1,Google Maps,Google Maps,"64C6+G97, Al Balabish Bahri, Dar El Salam, Sohag Governorate 1810262, Egypt",FALSE,,,,FALSE,TRUE,scraped_unverified
NEW1364,مركزطيبة الطبي للنساء و الجراحات,مركزطيبة الطبي للنساء و الجراحات,,ar,FALSE,Sohag,El Balyana,26.2351085,31.9997754,native_google,Google Maps,0.05,hospital,,likely,map_only_unverified,low,1,FALSE,1,Google Maps,Google Maps,"6XPX+2WR، شارع ال وساف، Al Balena, El Balyana, Sohag Governorate 1617030, Egypt",FALSE,,,,FALSE,TRUE,scraped_unverified
NEW1365,وحدة صحة الاسره بنجع احمد على,وحدة صحة الاسره بنجع احمد علي,,ar,FALSE,Sohag,Dar El Salam,26.2300257,32.138103,native_google,Google Maps,0.05,hospital,,unknown,map_only_unverified,low,1,FALSE,1,Google Maps,Google Maps,"64JQ+269, Al Balabish Al Mostagadah, Dar El Salam, Sohag Governorate 1817222, Egypt",FALSE,,,,FALSE,TRUE,scraped_unverified
NEW1366,Umrah Marine Hospital,umrah marine hospital,,en,FALSE,Sohag,Abu Tesht,26.1388861,31.9839075,native_google,Google Maps,0.05,hospital,,unknown,map_only_unverified,low,1,FALSE,1,Google Maps,Google Maps,"4XQM+HH3, Al Omrah, Abu Tesht, Qena Governorate 1581745, Egypt",FALSE,,,,FALSE,TRUE,scraped_unverified
NEW1367,German Rehabilitation Center,german rehabilitation center,,en,FALSE,Sohag,قسم المعادي,29.889105599999997,31.1103439,native_google,Google Maps,0.05,physiotherapist,,unknown,map_only_unverified,low,1,FALSE,1,Google Maps,Google Maps,"Nile cornish maadi as salam international Hospital Nile Cornish, international Hospital, as salam, قسم المعادي، محافظة الجيزة 11728, Egypt",FALSE,012 29805000,012 29805000,mobile,TRUE,TRUE,scraped_unverified
NEW1368,عيادة الدكتورة سارة مصطفى,عيادة الدكتورة سارة مصطفي,,ar,FALSE,Sohag,Dar El Salam,26.275628100000002,32.0573632,native_google,Google Maps,0.05,doctor,,unknown,map_only_unverified,low,1,FALSE,1,Google Maps,Google Maps,"73G4+7W5, Dar El-Salam, Dar El Salam, Sohag Governorate 1815462, Egypt",FALSE,010 07918856,010 07918856,mobile,TRUE,TRUE,scraped_unverified
NEW1369,Peace Hospital,peace hospital,,en,FALSE,Sohag,El Raml 2,31.2149475,29.9987745,native_google,Google Maps,0.05,hospital,,unknown,map_only_unverified,low,1,FALSE,1,Google Maps,Google Maps,"Al Seyouf, Khorshid Al Qebleyah, El Raml 2, Alexandria Governorate 5445184, Egypt",FALSE,03 3322295,03 3322295,landline,TRUE,TRUE,scraped_unverified
NEW1370,مركز الجمهورية سكان للأشعة,مركز الجمهورية سكان للاشعة,,ar,FALSE,Sohag,Dar El Salam,26.275301100000004,32.0576898,native_google,Google Maps,0.05,medical_center,,unknown,map_only_unverified,low,1,FALSE,1,Google Maps,Google Maps,"شارع مجلس المدينة الجديد دار السلام، Dar El-Salam, Dar El Salam, Sohag Governorate 1815452, Egypt",FALSE,010 92117773,010 92117773,mobile,TRUE,TRUE,scraped_unverified
NEW1371,مستشفى أمومة للنساء و التوليد و الجراحة,مستشفي امومة للنساء و التوليد و الجراحة,,ar,FALSE,Sohag,El Balyana,26.2288842,31.9989116,native_google,Google Maps,0.05,hospital,,likely,map_only_unverified,low,1,FALSE,1,Google Maps,Google Maps,"Al Balena, El Balyana, Sohag Governorate 1616004, Egypt",FALSE,011 11812366,011 11812366,mobile,TRUE,TRUE,scraped_unverified
NEW1372,الوحدة الصحية بالبلابيش قبلي,الوحدة الصحية بالبلابيش قبلي,,ar,FALSE,Sohag,Dar El Salam,26.194218499999998,32.1417851,native_google,Google Maps,0.05,hospital,,unknown,map_only_unverified,low,1,FALSE,1,Google Maps,Google Maps,"54VR+MPM, Al Balabish Qebli, Dar El Salam, Sohag Governorate 1813141, Egypt",FALSE,,,,FALSE,TRUE,scraped_unverified
NEW1373,د. عبدالحميد زغلول على,د. عبدالحميد زغلول علي,,ar,FALSE,Sohag,Dar El Salam,26.273765700000002,32.056095299999996,native_google,Google Maps,0.05,hospital,,unknown,map_only_unverified,low,1,FALSE,1,Google Maps,Google Maps,"73F4+GC5, Dar El-Salam, Dar El Salam, Sohag Governorate 1815445, Egypt",FALSE,010 08098183,010 08098183,mobile,TRUE,TRUE,scraped_unverified
NEW1374,Royal Hospital,royal hospital,,en,FALSE,Sohag,El Basatin,29.980665199999997,31.314504600000003,native_google,Google Maps,0.05,hospital,,unknown,map_only_unverified,low,1,FALSE,1,Google Maps,Google Maps,"El-Basatin Sharkeya, El Basatin, Cairo Governorate 4235332, Egypt",FALSE,02 24474161,02 24474161,landline,TRUE,TRUE,scraped_unverified
NEW1375,مركز السلامه الحديث لامراض القلب والرعاية المركزة,مركز السلامه الحديث لامراض القلب والرعاية المركزة,,ar,FALSE,Sohag,First 6th of October,29.9611983,30.9559456,native_google,Google Maps,0.05,hospital,,unknown,map_only_unverified,low,1,FALSE,1,Google Maps,Google Maps,"First 6th of October, Giza Governorate 3233301, Egypt",FALSE,010 80800751,010 80800751,mobile,TRUE,TRUE,scraped_unverified
NEW1376,Qena General Hospital,qena general hospital,,en,FALSE,Qena,Qena,26.1596562,32.707304,native_google,Google Maps,0.05,hospital,,unknown,map_only_unverified,low,1,FALSE,1,Google Maps,Google Maps,"5P54+VW7, Jul 26, Qism Qena, Qena, Qena Governorate 1461230, Egypt",FALSE,096 5334394,096 5334394,landline,TRUE,TRUE,scraped_unverified
NEW1377,Qena university hospital,qena university hospital,,en,FALSE,Qena,Qena,26.1589842,32.7089421,native_google,Google Maps,0.05,hospital,,unknown,map_only_unverified,low,1,FALSE,1,Google Maps,Google Maps,"5P55+HHW, Qism Qena, Qena, Qena Governorate 1461230, Egypt",FALSE,,,,FALSE,TRUE,scraped_unverified
NEW1378,Nabd hospital,nabd hospital,,en,FALSE,Qena,Qena,26.158911300000003,32.726771299999996,native_google,Google Maps,0.05,hospital,,unknown,map_only_unverified,low,1,FALSE,1,Google Maps,Google Maps,"Unnamed Road، Qism Qena, Qena, Qena Governorate 1461049, Egypt",FALSE,011 11135557,011 11135557,mobile,TRUE,TRUE,scraped_unverified
NEW1379,مستشفي رويال التخصصي,مستشفي رويال التخصصي,,ar,FALSE,Qena,Qena,26.201156599999997,32.7368531,native_google,Google Maps,0.05,hospital,,unknown,map_only_unverified,low,1,FALSE,1,Google Maps,Google Maps,"60M, الظهير الصحراوى لمحافظة قنا،، Qena, Red Sea Governorate 1463203, Egypt",FALSE,010 99575020,010 99575020,mobile,TRUE,TRUE,scraped_unverified
NEW1380,Qena Fever Hospital,qena fever hospital,,en,FALSE,Qena,Qena,26.1568221,32.7112888,native_google,Google Maps,0.05,hospital,,unknown,map_only_unverified,low,1,FALSE,1,Google Maps,Google Maps,"5P46+PGF, 26-Jul, Qism Qena, Qena, Qena Governorate 1460349, Egypt",FALSE,096 3332012,096 3332012,landline,TRUE,TRUE,scraped_unverified
NEW1381,The Red Crescent Hospital,the red crescent hospital,,en,FALSE,Qena,Qena,26.158214899999997,32.724350099999995,native_google,Google Maps,0.05,hospital,,unknown,map_only_unverified,low,1,FALSE,1,Google Maps,Google Maps,"شارع Mostashfa Al Hilal, Qism Qena, Qena, Qena Governorate 1460273, Egypt",FALSE,096 3327388,096 3327388,landline,TRUE,TRUE,scraped_unverified
NEW1382,Qena New General Hospital,qena new general hospital,,en,FALSE,Qena,Qena,26.1893201,32.731735,native_google,Google Maps,0.05,hospital,,unknown,map_only_unverified,low,1,FALSE,1,Google Maps,Google Maps,"5PQJ+PMH، ش مصنع الغزل، حى شرق، Qena, Red Sea Governate 1462744, Egypt",FALSE,096 5217558,096 5217558,landline,TRUE,TRUE,scraped_unverified
NEW1383,Chest Hospital in Qena,chest hospital in qena,,en,FALSE,Qena,Qena,26.157123199999997,32.7102309,native_google,Google Maps,0.05,hospital,,unknown,map_only_unverified,low,1,FALSE,1,Google Maps,Google Maps,"5P46+R3X, 26-Jul, Qism Qena, Qena, Qena Governorate 1460349, Egypt",FALSE,,,,FALSE,TRUE,scraped_unverified
NEW1384,San Mary Hospital,san mary hospital,,en,FALSE,Qena,Qena,26.1532835,32.7164456,native_google,Google Maps,0.05,hospital,,unknown,map_only_unverified,low,1,FALSE,1,Google Maps,Google Maps,"قنا, حوض 10، خلف كنيسة العذراء، Qism Qena, Qena, Qena Governorate 1460123, Egypt",FALSE,096 3330042,096 3330042,landline,TRUE,TRUE,scraped_unverified
NEW1385,مستشفى الشفاء بـ قنا,مستشفي الشفاء بـ قنا,,ar,FALSE,Qena,Qena,26.1541094,32.7061546,native_google,Google Maps,0.05,hospital,,unknown,map_only_unverified,low,1,FALSE,1,Google Maps,Google Maps,"شارع كوبري دندرة، امام، كورنيش النيل، Qism Qena, Qena, Qena Governorate 1460305, Egypt",FALSE,010 67770901,010 67770901,mobile,TRUE,TRUE,scraped_unverified
NEW1386,مستشفى قنا الجامعي المعبر,مستشفي قنا الجامعي المعبر,,ar,FALSE,Qena,Qena,26.158630700000003,32.7101349,native_google,Google Maps,0.05,hospital,,unknown,map_only_unverified,low,1,FALSE,1,Google Maps,Google Maps,"23 يوليو، قسم قنا،، Qism Qena, Qena, Qena Governorate 1461230, Egypt",FALSE,,,,FALSE,TRUE,scraped_unverified
NEW1387,New Qena Hospital,new qena hospital,,en,FALSE,Qena,New Qena,26.2517361,32.741928,native_google,Google Maps,0.05,hospital,,unknown,map_only_unverified,low,1,FALSE,1,Google Maps,Google Maps,"7P2R+MQV، مديرية قنا الجديدة، New Qena, Red Sea Governorate 1466430, Egypt",FALSE,,,,FALSE,TRUE,scraped_unverified
NEW1388,Nile Hospital Naqada,nile hospital naqada,,en,FALSE,Qena,Naqada,25.8982553,32.7220676,native_google,Google Maps,0.05,hospital,,unknown,map_only_unverified,low,1,FALSE,1,Google Maps,Google Maps,"23-Jul, Madinet Naqadah, Naqada, Qena Governorate 1425206, Egypt",FALSE,012 25558148,012 25558148,mobile,TRUE,TRUE,scraped_unverified
NEW1389,مستشفي إرادة قنا المساكن - طب نفسي وعلاج إدمان,مستشفي ارادة قنا المساكن - طب نفسي وعلاج ادمان,,ar,FALSE,Qena,Qena,26.183717899999998,32.7530759,native_google,Google Maps,0.05,medical_center,,unknown,map_only_unverified,low,1,FALSE,1,Google Maps,Google Maps,"مركز تدريب الكنوز التابع لشركةمياه الشرب،، Qena, Qena Governorate 1464038, Egypt",FALSE,010 30041118,010 30041118,mobile,TRUE,TRUE,scraped_unverified
NEW1390,مركز السلامة لطوارئ المخ والاعصاب والعناية المركزة,مركز السلامة لطوارئ المخ والاعصاب والعناية المركزة,,ar,FALSE,Qena,Qena,26.1598522,32.7064169,native_google,Google Maps,0.05,medical_center,,unknown,map_only_unverified,low,1,FALSE,1,Google Maps,Google Maps,"برج تبارك، أمام المستشفى العام, Qism Qena, Qena, Qena Governorate 83511, Egypt",FALSE,010 27886020,010 27886020,mobile,TRUE,TRUE,scraped_unverified
NEW1391,مستشفى النيل للجراحة,مستشفي النيل للجراحة,,ar,FALSE,Qena,Qena,26.1619313,32.7069076,native_google,Google Maps,0.05,hospital,,unknown,map_only_unverified,low,1,FALSE,1,Google Maps,Google Maps,"5P64+QQF, Qism Qena, Qena, Qena Governorate 1461420, Egypt",FALSE,,,,FALSE,TRUE,scraped_unverified
NEW1392,مستشفي الرضي بالسوق الفوقاني,مستشفي الرضي بالسوق الفوقاني,,ar,FALSE,Qena,Qena,26.1614759,32.719710299999996,native_google,Google Maps,0.05,hospital,,unknown,map_only_unverified,low,1,FALSE,1,Google Maps,Google Maps,"5P69+HVW, El-Gadid Mosque, Qism Qena, Qena, Qena Governorate 1461145, Egypt",FALSE,010 60707381,010 60707381,mobile,TRUE,TRUE,scraped_unverified
NEW1393,مركز الرازي الطبي بقنا,مركز الرازي الطبي بقنا,,ar,FALSE,Qena,Qena,26.156782699999997,32.714802399999996,native_google,Google Maps,0.05,hospital,,unknown,map_only_unverified,low,1,FALSE,1,Google Maps,Google Maps,"المستشارين، قسم قنا، قنا،، Qism Qena, Qena, Qena Governorate 1460341, Egypt",FALSE,010 16161795,010 16161795,mobile,TRUE,TRUE,scraped_unverified
NEW1394,Qena Military Hospital,qena military hospital,,en,FALSE,Qena,Qena,26.1571304,32.7140487,native_google,Google Maps,0.05,hospital,,unknown,map_only_unverified,low,1,FALSE,1,Google Maps,Google Maps,"5P47+VJ3, Qism Qena, Qena, Qena Governorate 1460345, Egypt",FALSE,,,,FALSE,TRUE,scraped_unverified
NEW1395,مستشفى الرحاب,مستشفي الرحاب,,ar,FALSE,Qena,Qena,26.1693766,32.7151649,native_google,Google Maps,0.05,hospital,,unknown,map_only_unverified,low,1,FALSE,1,Google Maps,Google Maps,"5PC7+2VG, Qism Qena, Qena, Qena Governorate 1462502, Egypt",FALSE,,,,FALSE,TRUE,scraped_unverified
NEW1396,الراعي الصالح التخصصي,الراعي الصالح التخصصي,,ar,FALSE,Qena,Qena,26.159955399999998,32.7083837,native_google,Google Maps,0.05,medical_center,,unknown,map_only_unverified,low,1,FALSE,1,Google Maps,Google Maps,"Elmdares, Qena, Qena Governorate 1461230, Egypt",FALSE,012 24555055,012 24555055,mobile,TRUE,TRUE,scraped_unverified
NEW1397,مستشفي الشفاء الدولى,مستشفي الشفاء الدولي,,ar,FALSE,Qena,Qena,26.1541619,32.7061513,native_google,Google Maps,0.05,point_of_interest,,unknown,map_only_unverified,low,1,FALSE,1,Google Maps,Google Maps,"بجوار مستشفى الشفاء، كورنيش النيل، Qism Qena, Qena, Qena Governorate 1460305, Egypt",FALSE,,,,FALSE,TRUE,scraped_unverified
NEW1398,مستشفي الرجاء التخصصي,مستشفي الرجاء التخصصي,,ar,FALSE,Qena,Qus,25.908530799999998,32.7697502,native_google,Google Maps,0.05,hospital,,unknown,map_only_unverified,low,1,FALSE,1,Google Maps,Google Maps,"WQ59+CW6، شارع المستشفى، Madinet Qaws, Qus, Qena Governorate 1432565, Egypt",FALSE,,,,FALSE,TRUE,scraped_unverified
NEW1399,مركز نيوروكير لعنايه المخ و الاعصاب بقنا,مركز نيوروكير لعنايه المخ و الاعصاب بقنا,,ar,FALSE,Qena,مركز قنا,26.158914499999998,32.7061828,native_google,Google Maps,0.05,hospital,,unknown,map_only_unverified,low,1,FALSE,1,Google Maps,Google Maps,"شارع كوبرى دندرة امام المستشفي بجوار بنك قناة السويس اعلي قنا سكان, 5P54+HF7، قسم قنا، مركز قنا، محافظة قنا 1461402, Egypt",FALSE,010 14571864,010 14571864,mobile,TRUE,TRUE,scraped_unverified
NEW1400,مستشفي قنا الجامعي بالمعبر Qina university hospita at Maabar Ash-Shabab,مستشفي قنا الجامعي بالمعبر Qina university hospita at Maabar Ash-Shabab,,ar,FALSE,Qena,Qena,26.1589642,32.7101693,native_google,Google Maps,0.05,hospital,,unknown,map_only_unverified,low,1,FALSE,1,Google Maps,Google Maps,"5P56+H3M, Maabar Ash-Shabab, Qism Qena, Qena, Qena Governorate 1461230, Egypt",FALSE,096 5211281,096 5211281,landline,TRUE,TRUE,scraped_unverified
NEW1401,مركز الشافعي التوليد وأمراض النساء,مركز الشافعي التوليد وامراض النساء,,ar,FALSE,Qena,Qena,26.1599902,32.7086219,native_google,Google Maps,0.05,hospital,,likely,map_only_unverified,low,1,FALSE,1,Google Maps,Google Maps,"Unnamed Road، Qism Qena, Qena, Qena Governorate 1461230, Egypt",FALSE,010 19450045,010 19450045,mobile,TRUE,TRUE,scraped_unverified
NEW1402,مركز الحياه للاشعه التشخيصيه,مركز الحياه للاشعه التشخيصيه,,ar,FALSE,Qena,مركز قنا,26.1602505,32.70642240000001,native_google,Google Maps,0.05,hospital,,unknown,map_only_unverified,low,1,FALSE,1,Google Maps,Google Maps,"أمام المستشفى العام, قسم قنا، مركز قنا، محافظة قنا 1461402, Egypt",FALSE,012 24343444,012 24343444,mobile,TRUE,TRUE,scraped_unverified
NEW1403,Qena Ortho-Surgery Clinic,qena ortho-surgery clinic,,en,FALSE,Qena,قسم قنا،,26.162616300000003,32.708568899999996,native_google,Google Maps,0.05,hospital,,unknown,map_only_unverified,low,1,FALSE,1,Google Maps,Google Maps,"قسم قنا، قسم قنا،، محافظة قنا 1461238, Egypt",FALSE,010 94050997,010 94050997,mobile,TRUE,TRUE,scraped_unverified
NEW1404,Naqada Central Hospital,naqada central hospital,,en,FALSE,Qena,Naqada,25.9087627,32.726386999999995,native_google,Google Maps,0.05,hospital,,unknown,map_only_unverified,low,1,FALSE,1,Google Maps,Google Maps,"ش طراد النيل، Madinet Naqadah, Naqada, Qena Governorate 1425145, Egypt",FALSE,096 6600440,096 6600440,landline,TRUE,TRUE,scraped_unverified
NEW1405,مركز إرادة قنا الأحوال - مخ وأعصاب وطب نفسي,مركز ارادة قنا الاحوال - مخ واعصاب وطب نفسي,,ar,FALSE,Qena,Qena,26.1658843,32.7103481,native_google,Google Maps,0.05,medical_center,,unknown,map_only_unverified,low,1,FALSE,1,Google Maps,Google Maps,"Qism Qena, Qena, Qena Governorate 83522, Egypt",FALSE,010 03910089,010 03910089,mobile,TRUE,TRUE,scraped_unverified
NEW1406,مركز جنين د حماده,مركز جنين د حماده,,ar,FALSE,Qena,Qena,26.1586373,32.7150054,native_google,Google Maps,0.05,medical_center,,unknown,map_only_unverified,low,1,FALSE,1,Google Maps,Google Maps,"5P58+F22, Jul 23, Qism Qena, Qena, Qena Governorate 1461202, Egypt",FALSE,096 5338400,096 5338400,landline,TRUE,TRUE,scraped_unverified
NEW1407,Isra Hospital,isra hospital,,en,FALSE,Qena,Qift,26.000148700000004,32.810044,native_google,Google Maps,0.05,hospital,,unknown,map_only_unverified,low,1,FALSE,1,Google Maps,Google Maps,"2R26+323, El-Gaish, Madinet Qaft, Qift, Qena Governorate 1442401, Egypt",FALSE,096 2864085,096 2864085,landline,TRUE,TRUE,scraped_unverified
NEW1408,معمل ابن سينا - فرع المستشفى العام,معمل ابن سينا - فرع المستشفي العام,,ar,FALSE,Qena,Qena,26.160514300000003,32.7071809,native_google,Google Maps,0.05,service,,unknown,map_only_unverified,low,1,FALSE,1,Google Maps,Google Maps,"5P64+6V3, Qism Qena, Qena, Qena Governorate 1461235, Egypt",FALSE,010 11954499,010 11954499,mobile,TRUE,TRUE,scraped_unverified
NEW1409,Al Masa Laboratory,al masa laboratory,,en,FALSE,Qena,Qena,26.1584771,32.7100996,native_google,Google Maps,0.05,hospital,,unknown,map_only_unverified,low,1,FALSE,1,Google Maps,Google Maps,"5P56+92X, Qism Qena, Qena, Qena Governorate 1461230, Egypt",FALSE,096 3349192,096 3349192,landline,TRUE,TRUE,scraped_unverified
NEW1410,عيادة الوفاء الشاملة,عيادة الوفاء الشاملة,,ar,FALSE,Qena,قسم قنا،,26.1564519,32.7228504,native_google,Google Maps,0.05,hospital,,unknown,map_only_unverified,low,1,FALSE,1,Google Maps,Google Maps,"قسم قنا، قسم قنا،، محافظة قنا 1460270, Egypt",FALSE,010 09901150,010 09901150,mobile,TRUE,TRUE,scraped_unverified
NEW1411,عيادة مصطفى آدم الطيري (جلدية وتناسلية),عيادة مصطفي ادم الطيري (جلدية وتناسلية),,ar,FALSE,Qena,Qena,26.1567732,32.7142165,native_google,Google Maps,0.05,hospital,,unknown,map_only_unverified,low,1,FALSE,1,Google Maps,Google Maps,"5P47+PM4, Qism Qena, Qena, Qena Governorate 1460342, Egypt",FALSE,010 01382290,010 01382290,mobile,TRUE,TRUE,scraped_unverified
NEW1412,عيادات الكرمة بقنا,عيادات الكرمة بقنا,,ar,FALSE,Qena,قنا,26.1571696,32.7152034,native_google,Google Maps,0.05,medical_center,,unknown,map_only_unverified,low,1,FALSE,1,Google Maps,Google Maps,"شارع المستشارين - برج وشاحي, أعلى بنك ابو ظبي التجاري, قسم قنا، قنا، محافظة قنا 1460341, Egypt",FALSE,010 00933566,010 00933566,mobile,TRUE,TRUE,scraped_unverified
NEW1413,عيادة الد عبدالله طلعت سليم لأمراض النساء والتوليد وعلاج تأخر الإنجاب المناظير والحقن المجهري,عيادة الد عبدالله طلعت سليم لامراض النساء والتوليد وعلاج تاخر الانجاب المناظير والحقن المجهري,,ar,FALSE,Qena,Qena,26.1576348,32.709978899999996,native_google,Google Maps,0.05,medical_clinic,,likely,map_only_unverified,low,1,FALSE,1,Google Maps,Google Maps,"المعبر برج الأمن الوطني امام مستشفي الصدر, Qism Qena, Qena, Qena Governorate 83714, Egypt",FALSE,010 44466610,010 44466610,mobile,TRUE,TRUE,scraped_unverified
NEW1414,roayah qena,roayah qena,,en,FALSE,Qena,قنا,26.1591611,32.715716799999996,native_google,Google Maps,0.05,hospital,,unknown,map_only_unverified,low,1,FALSE,1,Google Maps,Google Maps,"5P58+M78, Modyryat Al AMN, قسم قنا، قنا، محافظة قنا 1461202, Egypt",FALSE,010 97779992,010 97779992,mobile,TRUE,TRUE,scraped_unverified
NEW1415,عيادة دكتور خالد مسلم,عيادة دكتور خالد مسلم,,ar,FALSE,Qena,Qena,26.1581333,32.7061785,native_google,Google Maps,0.05,medical_center,,unknown,map_only_unverified,low,1,FALSE,1,Google Maps,Google Maps,"أمام مستشفى قنا العام، كوبري دندرة، Qism Qena, Qena, Qena Governorate 83523, Egypt",FALSE,010 07724161,010 07724161,mobile,TRUE,TRUE,scraped_unverified
NEW1416,مركز قنا للحقن المجهري وأطفال الأنابيب,مركز قنا للحقن المجهري واطفال الانابيب,,ar,FALSE,Qena,Qena,26.1630947,32.708380399999996,native_google,Google Maps,0.05,hospital,,unknown,map_only_unverified,low,1,FALSE,1,Google Maps,Google Maps,"أمام بسمة الشمال، كوبري دندرة، Qism Qena, Qena, Qena Governorate 1461238, Egypt",FALSE,010 68884443,010 68884443,mobile,TRUE,TRUE,scraped_unverified
NEW1417,اللجنة الطبية العامة,اللجنة الطبية العامة,,ar,FALSE,Qena,Qena,26.1561493,32.7226461,native_google,Google Maps,0.05,hospital,,unknown,map_only_unverified,low,1,FALSE,1,Google Maps,Google Maps,"5P4F+F32, Qism Qena, Qena, Qena Governorate 1460270, Egypt",FALSE,010 25659411,010 25659411,mobile,TRUE,TRUE,scraped_unverified
NEW1418,مركز الجمهورية للاشعة,مركز الجمهورية للاشعة,,ar,FALSE,Qena,Qena,26.1594609,32.7062982,native_google,Google Maps,0.05,medical_center,,unknown,map_only_unverified,low,1,FALSE,1,Google Maps,Google Maps,"مواجه للمستشفى العام، 5P54+QGM أعلى بنك الإمارات دبي، Qism Qena, Qena, Qena Governorate 1461402, Egypt",FALSE,010 00283810,010 00283810,mobile,TRUE,TRUE,scraped_unverified
NEW1419,مركز الرياض للخصوبة في قنا,مركز الرياض للخصوبة في قنا,,ar,FALSE,Qena,قنا,26.1613205,32.707133999999996,native_google,Google Maps,0.05,medical_center,,unknown,map_only_unverified,low,1,FALSE,1,Google Maps,Google Maps,"شارع, النساجون – أمام المستشفي العام, قسم قنا، قنا، محافظة قنا 1461237, Egypt",FALSE,011 01116503,011 01116503,mobile,TRUE,TRUE,scraped_unverified
NEW1420,Smile eye center - مركز سمايل للعيون والليزك,Smile eye center - مركز سمايل للعيون والليزك,,ar,FALSE,Qena,Qena,26.159566299999998,32.7069761,native_google,Google Maps,0.05,doctor,,unknown,map_only_unverified,low,1,FALSE,1,Google Maps,Google Maps,"hospital in, Qism Qena, Qena, Qena Governorate 1461230, Egypt",FALSE,010 28856480,010 28856480,mobile,TRUE,TRUE,scraped_unverified
NEW1421,دار العيون,دار العيون,,ar,FALSE,Qena,Qena,26.159937499999998,32.7089375,native_google,Google Maps,0.05,hospital,,unknown,map_only_unverified,low,1,FALSE,1,Google Maps,Google Maps,"5P55+XH5قنا- قنا شارع المستشفى العام بجوار كليه الطب قنا- قنا شارع المستشفى العام، بجوار كليه الطب، Unnamed Road، Qism Qena, Qena, Qena Governorate 1461230, Egypt",FALSE,011 48068111,011 48068111,mobile,TRUE,TRUE,scraped_unverified
NEW1422,مستشفى مرزوق عبد الوهاب المرزوق للرمد وجراحة الفكين,مستشفي مرزوق عبد الوهاب المرزوق للرمد وجراحة الفكين,,ar,FALSE,Qena,Qena,26.1571801,32.713175299999996,native_google,Google Maps,0.05,hospital,,unknown,map_only_unverified,low,1,FALSE,1,Google Maps,Google Maps,"5P47+V7F, Qism Qena, Qena, Qena Governorate 1460345, Egypt",FALSE,,,,FALSE,TRUE,scraped_unverified
NEW1423,مستشفى قفط التعليمي,مستشفي قفط التعليمي,,ar,FALSE,Qena,Qena,26.155061,32.7160121,native_google,Google Maps,0.05,general_hospital,,unknown,map_only_unverified,low,1,FALSE,1,Google Maps,Google Maps,"5P48+2CC, Qism Qena, Qena, Qena Governorate 1460334, Egypt",FALSE,,,,FALSE,TRUE,scraped_unverified
NEW1424,مجموعة الشروق الطبية,مجموعة الشروق الطبية,,ar,FALSE,Qena,Qena,26.157265499999998,32.712016999999996,native_google,Google Maps,0.05,medical_center,,unknown,map_only_unverified,low,1,FALSE,1,Google Maps,Google Maps,"Qism Qena, Qena, Qena Governorate 1460349, Egypt",FALSE,010 25777860,010 25777860,mobile,TRUE,TRUE,scraped_unverified
NEW1425,الصفا والمروة مستلزمات طبيه,الصفا والمروة مستلزمات طبيه,,ar,FALSE,Qena,Qena,26.1603367,32.709090599999996,native_google,Google Maps,0.05,hospital,,unknown,map_only_unverified,low,1,FALSE,1,Google Maps,Google Maps,"5P65+4JP، مسجد الشباب المحمدي، Qism Qena, Qena, Qena Governorate 1461232, Egypt",FALSE,010 60590745,010 60590745,mobile,TRUE,TRUE,scraped_unverified
NEW1426,مركز دكتور محمود سليمان استاذ مساعد واستشارى تأخر الإنجاب وجراحة المناظير والحقن المجهرى,مركز دكتور محمود سليمان استاذ مساعد واستشاري تاخر الانجاب وجراحة المناظير والحقن المجهري,,ar,FALSE,Qena,Qena,26.158945,32.706184799999996,native_google,Google Maps,0.05,doctor,,unknown,map_only_unverified,low,1,FALSE,1,Google Maps,Google Maps,"برج الزهراء أمام، المستشفى، العام، Qena, Qena Governorate 1461402, Egypt",FALSE,010 62305006,010 62305006,mobile,TRUE,TRUE,scraped_unverified
NEW1427,مستشفى المقربيه,مستشفي المقربيه,,ar,FALSE,Qena,Qus,25.936336,32.788006,native_google,Google Maps,0.05,general_hospital,,unknown,map_only_unverified,low,1,FALSE,1,Google Maps,Google Maps,"WQPQ+97W, Al Maqrabeyah, Qus, Qena Governorate 1433322, Egypt",FALSE,,,,FALSE,TRUE,scraped_unverified
NEW1428,أ. د. محمد مسلم الحفني - استشاري ومدرس المخ والأعصاب والطب النفسي - قنا الأحوال,ا. د. محمد مسلم الحفني - استشاري ومدرس المخ والاعصاب والطب النفسي - قنا الاحوال,,ar,FALSE,Qena,Qena,26.165958,32.710366799999996,native_google,Google Maps,0.05,medical_center,,unknown,map_only_unverified,low,1,FALSE,1,Google Maps,Google Maps,"Qism Qena, Qena, Qena Governorate 83511, Egypt",FALSE,011 17227166,011 17227166,mobile,TRUE,TRUE,scraped_unverified
NEW1429,مركز أطباء القاهرة واسيوط بقنا,مركز اطباء القاهرة واسيوط بقنا,,ar,FALSE,Qena,Qena,26.159011,32.7062489,native_google,Google Maps,0.05,medical_center,,unknown,map_only_unverified,low,1,FALSE,1,Google Maps,Google Maps,"5P54+JF5, Qism Qena, Qena, Qena Governorate 1461402, Egypt",FALSE,010 92008554,010 92008554,mobile,TRUE,TRUE,scraped_unverified
NEW1430,مستشفى مرزوق عبدالوهاب المرزوقى للطوارئ والاصابات,مستشفي مرزوق عبدالوهاب المرزوقي للطوارئ والاصابات,,ar,FALSE,Qena,Qena,26.1985355,32.7414056,native_google,Google Maps,0.05,hospital,,unknown,map_only_unverified,low,1,FALSE,1,Google Maps,Google Maps,"الكيلو 6 Al Hurghada - Qena, Qena, Qena Governorate 1464091, Egypt",FALSE,010 26957182,010 26957182,mobile,TRUE,TRUE,scraped_unverified
NEW1431,Hospital,hospital,,en,FALSE,Qena,Qena,26.1628673,32.7085637,native_google,Google Maps,0.05,hospital,,unknown,map_only_unverified,low,1,FALSE,1,Google Maps,Google Maps,"5P75+4CW, Qism Qena, Qena, Qena Governorate 1461238, Egypt",FALSE,,,,FALSE,TRUE,scraped_unverified
NEW1432,الواحد الصحية بالمنيره الحديثه الطينه,الواحد الصحية بالمنيره الحديثه الطينه,,ar,FALSE,Qena,Qena,26.0996813,32.7517324,native_google,Google Maps,0.05,general_hospital,,unknown,map_only_unverified,low,1,FALSE,1,Google Maps,Google Maps,"4Q22+3WJ, At Towayrat, Qena, Qena Governorate 1451731, Egypt",FALSE,,,,FALSE,TRUE,scraped_unverified
NEW1433,مركز نعم الطبي للنساء والتوليد,مركز نعم الطبي للنساء والتوليد,,ar,FALSE,Qena,Qena,26.1686904,32.7199674,native_google,Google Maps,0.05,non_profit_organization,,likely,map_only_unverified,low,1,FALSE,1,Google Maps,Google Maps,"شارع الحاكم العسكري، متفرع من مصنع المكرونة، Qism Qena, Qena, Qena Governorate 1462303, Egypt",FALSE,,,,FALSE,TRUE,scraped_unverified
NEW1434,Nile medical center,nile medical center,,en,FALSE,Qena,Luxor,25.686842799999997,32.6352293,native_google,Google Maps,0.05,hospital,,unknown,map_only_unverified,low,1,FALSE,1,Google Maps,Google Maps,"MJPM+QXG, Al Rawda Al Sharifa, street, Luxor, Luxor Governorate 85811, Egypt",FALSE,012 22230383,012 22230383,mobile,TRUE,TRUE,scraped_unverified
NEW1435,الوحدة الصحية بالسمطا قبلى الجديدة,الوحدة الصحية بالسمطا قبلي الجديدة,,ar,FALSE,Qena,Dishna,26.1530822,32.5465958,native_google,Google Maps,0.05,hospital,,unknown,map_only_unverified,low,1,FALSE,1,Google Maps,Google Maps,"5G3W+6JQ، Unnamed Road، As Samta Qebli, Dishna, Qena Governorate 1531220, Egypt",FALSE,,,,FALSE,TRUE,scraped_unverified
NEW1436,مستشفي التأمين الصحي بقنا,مستشفي التامين الصحي بقنا,,ar,FALSE,Qena,Qena,26.1855356,32.7524812,native_google,Google Maps,0.05,hospital,,unknown,map_only_unverified,low,1,FALSE,1,Google Maps,Google Maps,"5QP2+6X9, Qena, Qena Governorate 1464052, Egypt",FALSE,010 66629369,010 66629369,mobile,TRUE,TRUE,scraped_unverified
NEW1437,مستشفى الطوارئ بقنا,مستشفي الطوارئ بقنا,,ar,FALSE,Qena,Qena,26.198604099999997,32.7413935,native_google,Google Maps,0.05,hospital,,unknown,map_only_unverified,low,1,FALSE,1,Google Maps,Google Maps,"5PXR+CHR, Qism Qena, Qena, Qena Governorate 1464091, Egypt",FALSE,,,,FALSE,TRUE,scraped_unverified
NEW1438,وحدة صحة الأسرة بالمفرجية,وحدة صحة الاسرة بالمفرجية,,ar,FALSE,Qena,Qus,25.833311899999998,32.7768144,native_google,Google Maps,0.05,general_hospital,,unknown,map_only_unverified,low,1,FALSE,1,Google Maps,Google Maps,"RQMG+8PG, Al Mafrageyah, Qus, Qena Governorate 1435015, Egypt",FALSE,,,,FALSE,TRUE,scraped_unverified
NEW1439,وحدة صحة نجع العمدة,وحدة صحة نجع العمدة,,ar,FALSE,Qena,Qus,25.9251832,32.8419303,native_google,Google Maps,0.05,general_hospital,,unknown,map_only_unverified,low,1,FALSE,1,Google Maps,Google Maps,"WRGR+3QF, Al Eliqat, Qus, Qena Governorate 1435851, Egypt",FALSE,,,,FALSE,TRUE,scraped_unverified
NEW1440,Scholars Hostel,scholars hostel,,en,FALSE,Qena,Qena,26.1891106,32.741384599999996,native_google,Google Maps,0.05,hostel,,unknown,map_only_unverified,low,1,FALSE,1,Google Maps,Google Maps,"مساكن أعضاء هيئة تدريس، Qena, Qena Governorate 1462747, Egypt",FALSE,,,,FALSE,TRUE,scraped_unverified
NEW1441,Esna Centeral Hospital,esna centeral hospital,,en,FALSE,Qena,Esna,25.3354288,32.551083999999996,native_google,Google Maps,0.05,hospital,,unknown,map_only_unverified,low,1,FALSE,1,Google Maps,Google Maps,"8HP2+5CG, Ad Deir, Esna, Qena Governorate 1316330, Egypt",FALSE,,,,FALSE,TRUE,scraped_unverified
NEW1442,Qeft Teaching Hospital,qeft teaching hospital,,en,FALSE,Qena,Qift,25.9958915,32.810305899999996,native_google,Google Maps,0.05,hospital,,unknown,map_only_unverified,low,1,FALSE,1,Google Maps,Google Maps,"Madinet Qaft, Qift, Qena Governorate 1442132, Egypt",FALSE,,,,FALSE,TRUE,scraped_unverified
NEW1443,Qena Oncology Center,qena oncology center,,en,FALSE,Qena,Qena,26.1900555,32.7315937,native_google,Google Maps,0.05,medical_clinic,,unknown,map_only_unverified,low,1,FALSE,1,Google Maps,Google Maps,"Qism Qena, Qena, Qena Governorate 1462744, Egypt",FALSE,096 5217626,096 5217626,landline,TRUE,TRUE,scraped_unverified
NEW1444,مستشفى صحة المرأة والطفل جامعة جنوب الوادي بقنا,مستشفي صحة المراة والطفل جامعة جنوب الوادي بقنا,,ar,FALSE,Qena,Qena,26.2009951,32.744957299999996,native_google,Google Maps,0.05,hospital,,unknown,map_only_unverified,low,1,FALSE,1,Google Maps,Google Maps,"الظهير الصحراوى لمحافظة قنا،، 6P2V+9XW, Qism Qena, Qena, Qena Governorate 1464093, Egypt",FALSE,,,,FALSE,TRUE,scraped_unverified
NEW1445,مطعم وكافيه مستشفي قنا الجامعي,مطعم وكافيه مستشفي قنا الجامعي,,ar,FALSE,Qena,Qena,26.1987442,32.7383368,native_google,Google Maps,0.05,restaurant,,unknown,map_only_unverified,low,1,FALSE,1,Google Maps,Google Maps,"5PXQ+F8W, Qena, البحر الأحمر 1464090, Egypt",FALSE,,,,FALSE,TRUE,scraped_unverified
NEW1446,مركز العلاج الطبيعي والتأهيل بجامعة جنوب الوادي,مركز العلاج الطبيعي والتاهيل بجامعة جنوب الوادي,,ar,FALSE,Qena,Qena Desert,26.199332700000003,32.7445662,native_google,Google Maps,0.05,hospital,,unknown,map_only_unverified,low,1,FALSE,1,Google Maps,Google Maps,"5PXV+PRP, Qena Desert, Qena Governorate 1464091, Egypt",FALSE,,,,FALSE,TRUE,scraped_unverified
NEW1447,مستشفي نجع حمادى العام,مستشفي نجع حمادي العام,,ar,FALSE,Qena,Nag Hammadi,26.0581072,32.2293655,native_google,Google Maps,0.05,hospital,,unknown,map_only_unverified,low,1,FALSE,1,Google Maps,Google Maps,"365H+6PX, To Naga Hamadi, Madinet Najaa Hammadi, Nag Hammadi, Qena Governorate 1554384, Egypt",FALSE,,,,FALSE,TRUE,scraped_unverified
NEW1448,Awareness of the Islamic Hospital,awareness of the islamic hospital,,en,FALSE,Qena,Nag Hammadi,26.0512782,32.2390192,native_google,Google Maps,0.05,hospital,,unknown,map_only_unverified,low,1,FALSE,1,Google Maps,Google Maps,"362Q+GJ6, شارع الاتوبيس, Madinet Najaa Hammadi, Nag Hammadi, Qena Governorate 1554223, Egypt",FALSE,096 6581381,096 6581381,landline,TRUE,TRUE,scraped_unverified
NEW1449,مستشفى حورس نجع حمادى,مستشفي حورس نجع حمادي,,ar,FALSE,Qena,Nag Hammadi,26.0483214,32.2370351,native_google,Google Maps,0.05,hospital,,unknown,map_only_unverified,low,1,FALSE,1,Google Maps,Google Maps,"26XP+8RF, Masr Aswan Al Sree, Madinet Najaa Hammadi, Nag Hammadi, Qena Governorate 1554225, Egypt",FALSE,096 2574330,096 2574330,landline,TRUE,TRUE,scraped_unverified
NEW1450,Fever Hospital Nag Hammadi,fever hospital nag hammadi,,en,FALSE,Qena,Nag Hammadi,26.0551763,32.2343346,native_google,Google Maps,0.05,hospital,,unknown,map_only_unverified,low,1,FALSE,1,Google Maps,Google Maps,"364M+3PG, Madinet Najaa Hammadi, Nag Hammadi, Qena Governorate 1554252, Egypt",FALSE,,,,FALSE,TRUE,scraped_unverified
NEW1451,Applied hospital,applied hospital,,en,FALSE,Qena,Nag Hammadi,26.054516,32.2430126,native_google,Google Maps,0.05,hospital,,unknown,map_only_unverified,low,1,FALSE,1,Google Maps,Google Maps,"363V+R62, Madinet Najaa Hammadi, Nag Hammadi, Qena Governorate 1554101, Egypt",FALSE,010 05159057,010 05159057,mobile,TRUE,TRUE,scraped_unverified
NEW1452,مستشفى دار الشفا د محمد سليم,مستشفي دار الشفا د محمد سليم,,ar,FALSE,Qena,Nag Hammadi,26.051266599999998,32.2436007,native_google,Google Maps,0.05,hospital,,unknown,map_only_unverified,low,1,FALSE,1,Google Maps,Google Maps,"362V+GC5, Madinet Najaa Hammadi, Nag Hammadi, Qena Governorate 1554040, Egypt",FALSE,096 6580673,096 6580673,landline,TRUE,TRUE,scraped_unverified
NEW1453,مستشفى الحياة الخاصة بنجع حمادى,مستشفي الحياة الخاصة بنجع حمادي,,ar,FALSE,Qena,Nag Hammadi,26.053074799999997,32.2404259,native_google,Google Maps,0.05,hospital,,unknown,map_only_unverified,low,1,FALSE,1,Google Maps,Google Maps,"363R+65F, Madinet Najaa Hammadi, Nag Hammadi, Qena Governorate 1554230, Egypt",FALSE,,,,FALSE,TRUE,scraped_unverified
NEW1454,مستشفي السلام الخاصة بنجع حمادي,مستشفي السلام الخاصة بنجع حمادي,,ar,FALSE,Qena,Nag Hammadi,26.0523472,32.2421832,native_google,Google Maps,0.05,hospital,,unknown,map_only_unverified,low,1,FALSE,1,Google Maps,Google Maps,"362R+WVM, El-Souk, Madinet Najaa Hammadi, Nag Hammadi, Qena Governorate 1554203, Egypt",FALSE,,,,FALSE,TRUE,scraped_unverified
NEW1455,مستشفي الزهور,مستشفي الزهور,,ar,FALSE,Qena,Nag Hammadi,26.0399236,32.2482282,native_google,Google Maps,0.05,hospital,,unknown,map_only_unverified,low,1,FALSE,1,Google Maps,Google Maps,"Madinet Najaa Hammadi, Nag Hammadi, Qena Governorate 1546605, Egypt",FALSE,,,,FALSE,TRUE,scraped_unverified
NEW1456,التأمين الصحي نجع حمادي,التامين الصحي نجع حمادي,,ar,FALSE,Qena,Nag Hammadi,26.062330499999998,32.2294075,native_google,Google Maps,0.05,hospital,,unknown,map_only_unverified,low,1,FALSE,1,Google Maps,Google Maps,"366H+WJ9, Awlad Negm Al Qebleyah, Nag Hammadi, Qena Governorate 1554391, Egypt",FALSE,010 08239012,010 08239012,mobile,TRUE,TRUE,scraped_unverified
NEW1457,مركز الرضا للنساء والتوليد,مركز الرضا للنساء والتوليد,,ar,FALSE,Qena,نجع حمادى,26.0518325,32.2437265,native_google,Google Maps,0.05,hospital,,likely,map_only_unverified,low,1,FALSE,1,Google Maps,Google Maps,"٢ شارع التحرير مدينة نجع حمادي، نجع حمادي،، التحرير، قنا،, مدينة نجع حمادي، نجع حمادى، محافظة قنا 1554201, Egypt",FALSE,,,,FALSE,TRUE,scraped_unverified
NEW1458,Hospital Specialist Professor,hospital specialist professor,,en,FALSE,Qena,Nag Hammadi,26.0377747,32.2247378,native_google,Google Maps,0.05,medical_center,,unknown,map_only_unverified,low,1,FALSE,1,Google Maps,Google Maps,"Aswan Western Agricultural Rd, Al Gharbi Bahgourah, Nag Hammadi, Qena Governorate 1546860, Egypt",FALSE,010 10297418,010 10297418,mobile,TRUE,TRUE,scraped_unverified
NEW1459,مركز أم النور الطبي,مركز ام النور الطبي,,ar,FALSE,Qena,Nag Hammadi,26.0441814,32.241309199999996,native_google,Google Maps,0.05,medical_center,,unknown,map_only_unverified,low,1,FALSE,1,Google Maps,Google Maps,"شارع مصر اسوان، Madinet Najaa Hammadi, Nag Hammadi, Qena Governorate 83641, Egypt",FALSE,012 01059788,012 01059788,mobile,TRUE,TRUE,scraped_unverified
NEW1460,كيلوباترا,كيلوباترا,,ar,FALSE,Qena,Nag Hammadi,26.0451551,32.2427609,native_google,Google Maps,0.05,hospital,,unknown,map_only_unverified,low,1,FALSE,1,Google Maps,Google Maps,"26WV+346, Madinet Najaa Hammadi, Nag Hammadi, Qena Governorate 1554003, Egypt",FALSE,,,,FALSE,TRUE,scraped_unverified
NEW1461,مركز إرادة نجع حمادي - مخ وأعصاب وطب نفسي,مركز ارادة نجع حمادي - مخ واعصاب وطب نفسي,,ar,FALSE,Qena,Nag Hammadi,26.049577,32.2410467,native_google,Google Maps,0.05,medical_center,,unknown,map_only_unverified,low,1,FALSE,1,Google Maps,Google Maps,"Housny Mobarak, St, Nag Hammadi, Qena Governorate 1554001, Egypt",FALSE,010 10409059,010 10409059,mobile,TRUE,TRUE,scraped_unverified
NEW1462,عيادات دار مصر,عيادات دار مصر,,ar,FALSE,Qena,Nag Hammadi,26.044947800000003,32.2426269,native_google,Google Maps,0.05,medical_center,,unknown,map_only_unverified,low,1,FALSE,1,Google Maps,Google Maps,"عمارة الأوقاف، Madinet Najaa Hammadi, Nag Hammadi, Qena Governorate 1554010, Egypt",FALSE,010 03375228,010 03375228,mobile,TRUE,TRUE,scraped_unverified
NEW1463,Flower Children's Center,flower children's center,,en,FALSE,Qena,Nag Hammadi,26.0404029,32.248084299999995,native_google,Google Maps,0.05,hospital,,unknown,map_only_unverified,low,1,FALSE,1,Google Maps,Google Maps,"26RX+568, Madinet Najaa Hammadi, Nag Hammadi, Qena Governorate 1546630, Egypt",FALSE,096 2331439,096 2331439,landline,TRUE,TRUE,scraped_unverified
NEW1464,مركز اجياد الطبي للاطفال وحديثي الولادة,مركز اجياد الطبي للاطفال وحديثي الولادة,,ar,FALSE,Qena,Nag Hammadi,26.054672099999998,32.234919,native_google,Google Maps,0.05,doctor,,likely,map_only_unverified,low,1,FALSE,1,Google Maps,Google Maps,"363M+VX7 بجوار مستشفي الحميات, Madinet Najaa Hammadi, Nag Hammadi, Qena Governorate 1554251, Egypt",FALSE,010 95015742,010 95015742,mobile,TRUE,TRUE,scraped_unverified
NEW1465,Al Hammadi Hospital Al-Suwaidi,al hammadi hospital al-suwaidi,,en,FALSE,Qena,As Suwaidi,24.6020747,46.7028594,native_google,Google Maps,0.05,hospital,,unknown,map_only_unverified,low,1,FALSE,1,Google Maps,Google Maps,"Al Souweidi Al Aam, As Suwaidi, Riyadh 12791, Saudi Arabia",FALSE,011 425 0000,011 425 0000,mobile,TRUE,TRUE,scraped_unverified
NEW1466,مستشفى حورس,مستشفي حورس,,ar,FALSE,Qena,Nag Hammadi,26.0549814,32.234114999999996,native_google,Google Maps,0.05,hospital,,unknown,map_only_unverified,low,1,FALSE,1,Google Maps,Google Maps,"363M+XJX, Madinet Najaa Hammadi, Nag Hammadi, Qena Governorate 1554252, Egypt",FALSE,,,,FALSE,TRUE,scraped_unverified
NEW1467,مستوصف الصحي بنجع حمادي,مستوصف الصحي بنجع حمادي,,ar,FALSE,Qena,Nag Hammadi,26.0451551,32.2427609,native_google,Google Maps,0.05,hospital,,unknown,map_only_unverified,low,1,FALSE,1,Google Maps,Google Maps,"26WV+346, Madinet Najaa Hammadi, Nag Hammadi, Qena Governorate 1554003, Egypt",FALSE,,,,FALSE,TRUE,scraped_unverified
NEW1468,شركه الخميسي ميديكال,شركه الخميسي ميديكال,,ar,FALSE,Qena,Nag Hammadi,26.047503499999998,32.239982,native_google,Google Maps,0.05,medical_center,,unknown,map_only_unverified,low,1,FALSE,1,Google Maps,Google Maps,"26XQ+2X5, Baie Al Masnoaat, Madinet Najaa Hammadi, Nag Hammadi, Qena Governorate 1554057, Egypt",FALSE,011 20143033,011 20143033,mobile,TRUE,TRUE,scraped_unverified
NEW1469,Al Hammadi Hospital - Nuzha,al hammadi hospital - nuzha,,en,FALSE,Qena,An Nuzhah,24.756902399999998,46.7099013,native_google,Google Maps,0.05,hospital,,unknown,map_only_unverified,low,1,FALSE,1,Google Maps,Google Maps,"Prince Muqrin Ibn Abdulaziz St, An Nuzhah, Riyadh 12474, Saudi Arabia",FALSE,011 497 7777,011 497 7777,mobile,TRUE,TRUE,scraped_unverified
NEW1470,مركز الفتح للأشعة,مركز الفتح للاشعة,,ar,FALSE,Qena,Nag Hammadi,26.0495724,32.2408983,native_google,Google Maps,0.05,hospital,,unknown,map_only_unverified,low,1,FALSE,1,Google Maps,Google Maps,"26XR+R9C, Madinet Najaa Hammadi, Nag Hammadi, Qena Governorate 1554220, Egypt",FALSE,010 20601911,010 20601911,mobile,TRUE,TRUE,scraped_unverified
NEW1471,مركز الحياة للنساء والتوليد,مركز الحياة للنساء والتوليد,,ar,FALSE,Qena,Nag Hammadi,26.0444722,32.2419323,native_google,Google Maps,0.05,hospital,,likely,map_only_unverified,low,1,FALSE,1,Google Maps,Google Maps,"26VR+QQM, اسوان, Madinet Najaa Hammadi, Nag Hammadi, Qena Governorate 1554010, Egypt",FALSE,,,,FALSE,TRUE,scraped_unverified
NEW1472,المركز الدولى للولادة و علاج العقم,المركز الدولي للولادة و علاج العقم,,ar,FALSE,Qena,Nag Hammadi,26.0442933,32.243660399999996,native_google,Google Maps,0.05,medical_center,,likely,map_only_unverified,low,1,FALSE,1,Google Maps,Google Maps,"26VV+PF7, اسوان, Madinet Najaa Hammadi, Nag Hammadi, Qena Governorate 1554003, Egypt",FALSE,011 00002770,011 00002770,mobile,TRUE,TRUE,scraped_unverified
NEW1473,Al Hammadi Hospital Al Olaya,al hammadi hospital al olaya,,en,FALSE,Qena,Al Olaya,24.709898,46.681757,native_google,Google Maps,0.05,hospital,,unknown,map_only_unverified,low,1,FALSE,1,Google Maps,Google Maps,"Khalid Ibn Yazid Ibn Muawiyah, Al Olaya, Riyadh 12244, Saudi Arabia",FALSE,011 462 2000,011 462 2000,mobile,TRUE,TRUE,scraped_unverified
NEW1474,مركز الملكه للنساء والتوليد,مركز الملكه للنساء والتوليد,,ar,FALSE,Qena,Nag Hammadi,26.0533926,32.2401616,native_google,Google Maps,0.05,medical_center,,likely,map_only_unverified,low,1,FALSE,1,Google Maps,Google Maps,"El-Tahrir, Madinet Najaa Hammadi, Nag Hammadi, Qena Governorate 1554310, Egypt",FALSE,010 01611327,010 01611327,mobile,TRUE,TRUE,scraped_unverified
NEW1475,مجمع الغسيل الكلوى بنجع حمادى,مجمع الغسيل الكلوي بنجع حمادي,,ar,FALSE,Qena,Nag Hammadi,26.049602099999998,32.2517475,native_google,Google Maps,0.05,medical_center,,unknown,map_only_unverified,low,1,FALSE,1,Google Maps,Google Maps,"27X2+RMX, Al Gharbi Bal Selameyah, Nag Hammadi, Qena Governorate 1552361, Egypt",FALSE,,,,FALSE,TRUE,scraped_unverified
NEW1476,مركز الاقصي للسمعيات,مركز الاقصي للسمعيات,,ar,FALSE,Qena,Nag Hammadi,26.0475624,32.2425414,native_google,Google Maps,0.05,medical_center,,unknown,map_only_unverified,low,1,FALSE,1,Google Maps,Google Maps,"نجع حمادي بجوار مسجد اللواء وبنك القاهره، أمام استديو امون ديجيتال، Madinet Najaa Hammadi, Nag Hammadi, Qena Governorate 1554024, Egypt",FALSE,011 43051059,011 43051059,mobile,TRUE,TRUE,scraped_unverified
NEW1477,مركزالصحه للرجال الشعه,مركزالصحه للرجال الشعه,,ar,FALSE,Qena,Nag Hammadi,26.048872499999998,32.2403401,native_google,Google Maps,0.05,hospital,,unknown,map_only_unverified,low,1,FALSE,1,Google Maps,Google Maps,"26XR+G4W, El-Khalifa El-Maamoun, Madinet Najaa Hammadi, Nag Hammadi, Qena Governorate 1554056, Egypt",FALSE,,,,FALSE,TRUE,scraped_unverified
NEW1478,الوحدا الصحيه بعزية دنقل,الوحدا الصحيه بعزية دنقل,,ar,FALSE,Qena,Nag Hammadi,26.074775400000004,32.250733,native_google,Google Maps,0.05,hospital,,unknown,map_only_unverified,low,1,FALSE,1,Google Maps,Google Maps,"37G2+467, Al Gharbi Bal Selameyah, Nag Hammadi, Qena Governorate 1552552, Egypt",FALSE,,,,FALSE,TRUE,scraped_unverified
NEW1479,عيادة دكتور محمد العديسى,عيادة دكتور محمد العديسي,,ar,FALSE,Qena,Nag Hammadi,26.0450381,32.2387543,native_google,Google Maps,0.05,hospital,,unknown,map_only_unverified,low,1,FALSE,1,Google Maps,Google Maps,"26WQ+2G6, Madinet Najaa Hammadi, Nag Hammadi, Qena Governorate 1554064, Egypt",FALSE,,,,FALSE,TRUE,scraped_unverified
NEW1480,صيدلية الحكمة,صيدلية الحكمة,,ar,FALSE,Qena,Nag Hammadi,26.045800699999997,32.2407213,native_google,Google Maps,0.05,hospital,,unknown,map_only_unverified,low,1,FALSE,1,Google Maps,Google Maps,"خلف Al Morour, Madinet Najaa Hammadi, Nag Hammadi, Qena Governorate 1554052, Egypt",FALSE,012 83468877,012 83468877,mobile,TRUE,TRUE,scraped_unverified
NEW1481,مركز هاميس للتوليد و أمراض النساء والمناظير و علاج العقم د.علاء حسنين - د.لجين دويدار,مركز هاميس للتوليد و امراض النساء والمناظير و علاج العقم د.علاء حسنين - د.لجين دويدار,,ar,FALSE,Qena,Luxor,25.6938934,32.6402518,native_google,Google Maps,0.05,hospital,,likely,map_only_unverified,low,1,FALSE,1,Google Maps,Google Maps,"Television, Luxor City, Luxor, Luxor Governorate 1362331, Egypt",FALSE,010 13517332,010 13517332,mobile,TRUE,TRUE,scraped_unverified
NEW1482,مركز الفؤاد للنساء والتوليد للدكتور محمود محمد فؤاد,مركز الفؤاد للنساء والتوليد للدكتور محمود محمد فؤاد,,ar,FALSE,Qena,Luxor,25.6794287,32.6420459,native_google,Google Maps,0.05,hospital,,likely,map_only_unverified,low,1,FALSE,1,Google Maps,Google Maps,"أحمد عرابي، موقف البياضية البغدادي بجوار مستشفى التخصصي ، الأقصر،، MJHR+QRF, Madinet Al Bayadeyah, Luxor, Luxor Governorate 1362303, Egypt",FALSE,011 45969726,011 45969726,mobile,TRUE,TRUE,scraped_unverified
NEW1483,مسشتفي الدكتور يوسف شحات للنساء والولادة,مسشتفي الدكتور يوسف شحات للنساء والولادة,,ar,FALSE,Qena,Armant,25.613249399999997,32.537205799999995,native_google,Google Maps,0.05,hospital,,likely,map_only_unverified,low,1,FALSE,1,Google Maps,Google Maps,"أرمنت الحيط، JG7P+7VW, Abou Zain Bridge, Madinet Armant, Armant, Luxor Governorate 1335450, Egypt",FALSE,010 68697983,010 68697983,mobile,TRUE,TRUE,scraped_unverified
NEW1484,محمود يس الشريف,محمود يس الشريف,,ar,FALSE,Qena,نجع حمادى,26.0475228,32.242069799999996,native_google,Google Maps,0.05,doctor,,unknown,map_only_unverified,low,1,FALSE,1,Google Maps,Google Maps,"نجع حمادي، مدينة نجع حمادي، نجع حمادي،،, أولاد نجم القبلية، نجع حمادى، محافظة قنا 1554030, Egypt",FALSE,010 12948979,010 12948979,mobile,TRUE,TRUE,scraped_unverified
NEW1485,Obstetrics and Gynecology Hospital,obstetrics and gynecology hospital,,en,FALSE,Qena,Port Fouad City,31.2700018,32.2919378,native_google,Google Maps,0.05,hospital,,likely,map_only_unverified,low,1,FALSE,1,Google Maps,Google Maps,"77CR+2Q4, Port Fouad City, Port Said Governorate 8563130, Egypt",FALSE,066 3225930,066 3225930,landline,TRUE,TRUE,scraped_unverified
NEW1486,مركز الحمد الطبي للنساء والتوليد دكتور /حامد سيد أحمد,مركز الحمد الطبي للنساء والتوليد دكتور /حامد سيد احمد,,ar,FALSE,Qena,Luxor,25.6864255,32.6410571,native_google,Google Maps,0.05,doctor,,likely,map_only_unverified,low,1,FALSE,1,Google Maps,Google Maps,"MJPR+HCF, Television, Gazirat Al Awameyah, Luxor, Luxor Governorate 1362243, Egypt",FALSE,010 01064674,010 01064674,mobile,TRUE,TRUE,scraped_unverified
NEW1487,Qous Central Hospital,qous central hospital,,en,FALSE,Qena,Qus,25.921661399999998,32.7518959,native_google,Google Maps,0.05,hospital,,unknown,map_only_unverified,low,1,FALSE,1,Google Maps,Google Maps,"Madinet Qaws, Qus, Qena Governorate 1431060, Egypt",FALSE,096 6840522,096 6840522,landline,TRUE,TRUE,scraped_unverified
NEW1488,مستشفى الجمعية الشرعية - الحضانات,مستشفي الجمعية الشرعية - الحضانات,,ar,FALSE,Qena,Qus,25.9094996,32.7593043,native_google,Google Maps,0.05,hospital,,unknown,map_only_unverified,low,1,FALSE,1,Google Maps,Google Maps,"WQ55+QPV, Al Awadat, Madinet Qaws, Qus, Qena Governorate 1432411, Egypt",FALSE,096 6850061,096 6850061,landline,TRUE,TRUE,scraped_unverified
NEW1489,وحدة طب أسرة الخرانقه,وحدة طب اسرة الخرانقه,,ar,FALSE,Qena,Qus,25.897724999999998,32.7616215,native_google,Google Maps,0.05,hospital,,unknown,map_only_unverified,low,1,FALSE,1,Google Maps,Google Maps,"VQX6+3JQ, Madinet Qaws, Qus, Qena Governorate 1432160, Egypt",FALSE,011 58247905,011 58247905,mobile,TRUE,TRUE,scraped_unverified
NEW1490,مجمع مكه المكرمه,مجمع مكه المكرمه,,ar,FALSE,Qena,Qus,25.918100799999998,32.7596425,native_google,Google Maps,0.05,medical_center,,unknown,map_only_unverified,low,1,FALSE,1,Google Maps,Google Maps,"WQ95+6VR, Madinet Qaws, Qus, Qena Governorate 1432403, Egypt",FALSE,011 50230258,011 50230258,mobile,TRUE,TRUE,scraped_unverified
NEW1491,مركز الصفوة الطبي,مركز الصفوة الطبي,,ar,FALSE,Qena,Qus,25.907781900000003,32.7656625,native_google,Google Maps,0.05,hospital,,unknown,map_only_unverified,low,1,FALSE,1,Google Maps,Google Maps,"WQ58+477, Madinet Qaws, Qus, Qena Governorate 1432504, Egypt",FALSE,,,,FALSE,TRUE,scraped_unverified
NEW1492,مستشفي الراعي,مستشفي الراعي,,ar,FALSE,Qena,Qus,25.9207471,32.7534796,native_google,Google Maps,0.05,hospital,,unknown,map_only_unverified,low,1,FALSE,1,Google Maps,Google Maps,"WQC3+79X, Madinet Qaws, Qus, Qena Governorate 1431061, Egypt",FALSE,,,,FALSE,TRUE,scraped_unverified
NEW1493,مستشفى طوخ المركزى,مستشفي طوخ المركزي,,ar,FALSE,Qena,Naqada,25.940915399999998,32.7475494,native_google,Google Maps,0.05,general_hospital,,unknown,map_only_unverified,low,1,FALSE,1,Google Maps,Google Maps,"WPRX+927, Toukh, Naqada, Qena Governorate 1427040, Egypt",FALSE,,,,FALSE,TRUE,scraped_unverified
NEW1494,Legislation Association Hospital For Burns & Oncology,legislation association hospital for burns & oncology,,en,FALSE,Qena,القاهرة,30.2180078,31.5339734,native_google,Google Maps,0.05,hospital,,unknown,map_only_unverified,low,1,FALSE,1,Google Maps,Google Maps,"6G5M+V7M، خط 5 - شمال، طريق مصر الاسماعيلية الصحراوى، القاهرة، Al-Qalyubia Governorate 6363134, Egypt",FALSE,02 24698264,02 24698264,landline,TRUE,TRUE,scraped_unverified
NEW1495,مستوصف هند العثمان الطبى,مستوصف هند العثمان الطبي,,ar,FALSE,Qena,Naqada,25.932385399999998,32.736037100000004,native_google,Google Maps,0.05,hospital,,unknown,map_only_unverified,low,1,FALSE,1,Google Maps,Google Maps,"WPJP+XC3, Toukh, Naqada, Qena Governorate 1426111, Egypt",FALSE,011 50201204,011 50201204,mobile,TRUE,TRUE,scraped_unverified
NEW1496,مركز مصر للحقن المجهري,مركز مصر للحقن المجهري,,ar,FALSE,Qena,Luxor,25.6788331,32.6332023,native_google,Google Maps,0.05,hospital,,unknown,map_only_unverified,low,1,FALSE,1,Google Maps,Google Maps,"جزيرة العوامية،، MJHM+G7P, Gazirat Al Awameyah, Luxor, Luxor Governorate 1361015, Egypt",FALSE,,,,FALSE,TRUE,scraped_unverified
NEW1497,مركز كوين للنساء والتوليد وجراحات المناظير النسائية,مركز كوين للنساء والتوليد وجراحات المناظير النسائية,,ar,FALSE,Qena,Banha 2,30.469072699999998,31.189350800000003,native_google,Google Maps,0.05,medical_clinic,,likely,map_only_unverified,low,1,FALSE,1,Google Maps,Google Maps,"Fareed Nada, Qism Banha, Banha 2, Al-Qalyubia Governorate 13511, Egypt",FALSE,012 00021138,012 00021138,mobile,TRUE,TRUE,scraped_unverified
NEW1498,مستشفى كليوباترا,مستشفي كليوباترا,,ar,FALSE,Qena,Luxor,25.700096199999997,32.6425318,native_google,Google Maps,0.05,hospital,,unknown,map_only_unverified,low,1,FALSE,1,Google Maps,Google Maps,"6 Kliopatra, Luxor City, Luxor, Luxor Governorate 1362430, Egypt",FALSE,012 10010278,012 10010278,mobile,TRUE,TRUE,scraped_unverified
NEW1499,Air Force Specialized Hospital,air force specialized hospital,,en,FALSE,Qena,New Cairo 1,30.0176845,31.434554899999995,native_google,Google Maps,0.05,hospital,,unknown,map_only_unverified,low,1,FALSE,1,Google Maps,Google Maps,"EL N Teseen, New Cairo 1, Cairo Governorate 4730130, Egypt",FALSE,012 11180511,012 11180511,mobile,TRUE,TRUE,scraped_unverified
NEW1500,Qaha Central Hospital,qaha central hospital,,en,FALSE,Qena,Toukh,30.286316399999997,31.207098799999994,native_google,Google Maps,0.05,hospital,,unknown,map_only_unverified,low,1,FALSE,1,Google Maps,Google Maps,"شارع مجلس المدينة, Madinet Qaha, Toukh, Al-Qalyubia Governorate 6421435, Egypt",FALSE,013 2601049,013 2601049,landline,TRUE,TRUE,scraped_unverified
NEW1501,مستشفى فاو قبلي (دشنا العام),مستشفي فاو قبلي (دشنا العام),,ar,FALSE,Qena,Dishna,26.105307699999997,32.410025399999995,native_google,Google Maps,0.05,hospital,,unknown,map_only_unverified,low,1,FALSE,1,Google Maps,Google Maps,"4C46+42C, الجسر،, Faw Qebli, Dishna, Qena Governorate 1535034, Egypt",FALSE,,,,FALSE,TRUE,scraped_unverified
NEW1502,El Qurna Central Hospital,el qurna central hospital,,en,FALSE,Qena,Luxor,25.7324976,32.633732,native_google,Google Maps,0.05,store,,unknown,map_only_unverified,low,1,FALSE,1,Google Maps,Google Maps,"Wadi Al Melok Rd, Al Qarnah, Luxor, Luxor Governorate 1341856, Egypt",FALSE,095 2314933,095 2314933,landline,TRUE,TRUE,scraped_unverified
NEW1503,ABC Hospital,abc hospital,,en,FALSE,Qena,حي العجوزة,30.053687699999998,31.2002299,native_google,Google Maps,0.05,hospital,,unknown,map_only_unverified,low,1,FALSE,1,Google Maps,Google Maps,"15 Amr st, from شارع سوريا، El, حي العجوزة، محافظة الجيزة 3752521, Egypt",FALSE,02 33055748,02 33055748,landline,TRUE,TRUE,scraped_unverified
NEW1504,مركز اندوسكوب لمناظير الجهاز الهضمي | Endoscope Center,مركز اندوسكوب لمناظير الجهاز الهضمي | Endoscope Center,,ar,FALSE,Qena,قسم أول 6 أكتوبر,29.9762837,30.9513125,native_google,Google Maps,0.05,medical_center,,unknown,map_only_unverified,low,1,FALSE,1,Google Maps,Google Maps,"عمارة ٤١٥ الحى الاول, المحور المركزي، قسم أول 6 أكتوبر، محافظة الجيزة 12573, Egypt",FALSE,012 07611113,012 07611113,mobile,TRUE,TRUE,scraped_unverified
NEW1505,مستشفى العتامين التخصصى الخيري,مستشفي العتامين التخصصي الخيري,,ar,FALSE,Qena,العمرانية,25.922767099999998,32.762941399999995,native_google,Google Maps,0.05,hospital,,unknown,map_only_unverified,low,1,FALSE,1,Google Maps,Google Maps,"WQF7+454، شارع علي بن ابي طالب، الكوم الأخضر، العمرانية، الجيزة 1433030, Egypt",FALSE,096 2840296,096 2840296,landline,TRUE,TRUE,scraped_unverified
NEW1506,Kom Ombo General Hospital,kom ombo general hospital,,en,FALSE,Qena,Markaz Kom Ombo,24.484838,32.9487556,native_google,Google Maps,0.05,hospital,,unknown,map_only_unverified,low,1,FALSE,1,Google Maps,Google Maps,"FWMX+WGJ, Cairo - Aswan Eastern Desert Rd, Nemra 7 Bahri, Markaz Kom Ombo, Aswan Governorate 1284818, Egypt",FALSE,,,,FALSE,TRUE,scraped_unverified
NEW1507,مركز الأنصارى للجراحة والأورام والمناظير,مركز الانصاري للجراحة والاورام والمناظير,,ar,FALSE,Qena,Qena,26.1603086,32.7064844,native_google,Google Maps,0.05,doctor,,unknown,map_only_unverified,low,1,FALSE,1,Google Maps,Google Maps,"شارع كوبرى دندرة / برج تبارك، أمام مستشفى قنا العام، Qism Qena, Qena, Qena Governorate 83523, Egypt",FALSE,010 05517024,010 05517024,mobile,TRUE,TRUE,scraped_unverified
NEW1508,Boulaq El Dakrour Hospital,boulaq el dakrour hospital,,en,FALSE,Qena,Boulaq Al Dakrour,30.0285098,31.198790700000004,native_google,Google Maps,0.05,educational_institution,,unknown,map_only_unverified,low,1,FALSE,1,Google Maps,Google Maps,"Al Tobagi, Boulaq Ad Dakrour, Boulaq Al Dakrour, Giza Governorate 3716301, Egypt",FALSE,,,,FALSE,TRUE,scraped_unverified
NEW1509,مستشفى درة المنى للامرض الصدرية و الرعاية المركزة,مستشفي درة المني للامرض الصدرية و الرعاية المركزة,,ar,FALSE,Qena,6th of October City (2),29.948542099999997,30.9133065,native_google,Google Maps,0.05,medical_center,,unknown,map_only_unverified,low,1,FALSE,1,Google Maps,Google Maps,"ميدان فودافون، ش Mohammed Karim, 6th of October City (2), Giza Governorate 3225162, Egypt",FALSE,011 55393694,011 55393694,mobile,TRUE,TRUE,scraped_unverified
NEW1510,مركز أجيال نقادة للحضانات,مركز اجيال نقادة للحضانات,,ar,FALSE,Qena,Naqada,25.9072157,32.7226847,native_google,Google Maps,0.05,hospital,,unknown,map_only_unverified,low,1,FALSE,1,Google Maps,Google Maps,"El-Shaikh Hussein, Madinet Naqadah, Naqada, Qena Governorate 1425140, Egypt",FALSE,010 32616717,010 32616717,mobile,TRUE,TRUE,scraped_unverified
NEW1511,عيادات جمعية اصدقاء مرضى الكلى التخصصية بالرديسية,عيادات جمعية اصدقاء مرضي الكلي التخصصية بالرديسية,,ar,FALSE,Qena,Edfu,24.902371499999997,32.8792778,native_google,Google Maps,0.05,medical_center,,unknown,map_only_unverified,low,1,FALSE,1,Google Maps,Google Maps,"بجوار محطة السكة الحديد و مدرسة التمريض, AR Radiseyah Qebli, Edfu, Aswan Governorate 09080, Egypt",FALSE,011 14847088,011 14847088,mobile,TRUE,TRUE,scraped_unverified
NEW1512,وحدة طب أسرة الشرفا,وحدة طب اسرة الشرفا,,ar,FALSE,Qena,Edfu,25.120144699999997,32.7505512,native_google,Google Maps,0.05,general_hospital,,unknown,map_only_unverified,low,1,FALSE,1,Google Maps,Google Maps,"4QC2+5G9, Al Qanan, Edfu, Aswan Governorate 1294075, Egypt",FALSE,,,,FALSE,TRUE,scraped_unverified
NEW1513,Horus General Hospital,horus general hospital,,en,FALSE,Qena,Edfu,24.980560999999998,32.881329099999995,native_google,Google Maps,0.05,hospital,,unknown,map_only_unverified,low,1,FALSE,1,Google Maps,Google Maps,"شارع.خلف.المستشفى، Edfu Hospital, العام، Edfu, Aswan Governorate 1293396, Egypt",FALSE,097 4710414,097 4710414,landline,TRUE,TRUE,scraped_unverified
NEW1514,وحده طب اسره الفوزه,وحده طب اسره الفوزه,,ar,FALSE,Qena,Edfu,24.9392203,32.893820399999996,native_google,Google Maps,0.05,general_hospital,,unknown,map_only_unverified,low,1,FALSE,1,Google Maps,Google Maps,"WVQV+MGP, AR Radiseyah Bahri, Edfu, Aswan Governorate 1295366, Egypt",FALSE,,,,FALSE,TRUE,scraped_unverified
NEW1515,Farshout Central Hospital,farshout central hospital,,en,FALSE,Qena,Farshut,26.0599199,32.1578727,native_google,Google Maps,0.05,hospital,,unknown,map_only_unverified,low,1,FALSE,1,Google Maps,Google Maps,"3555+X49, Port Said, Al Asirat, Farshut, Qena Governorate 1572923, Egypt",FALSE,096 6510527,096 6510527,landline,TRUE,TRUE,scraped_unverified
NEW1516,الوحدة الصحية بنجع عبد القادر,الوحدة الصحية بنجع عبد القادر,,ar,FALSE,Qena,Dishna,26.19428,32.4840734,native_google,Google Maps,0.05,general_hospital,,unknown,map_only_unverified,low,1,FALSE,1,Google Maps,Google Maps,"5FVM+PJ8, Abu Menaa Sharq, Dishna, Qena Governorate 1534530, Egypt",FALSE,,,,FALSE,TRUE,scraped_unverified
NEW1517,مجمع اهل الخير النجاحية,مجمع اهل الخير النجاحية,,ar,FALSE,Qena,Nag Hammadi,26.032728499999997,32.2721525,native_google,Google Maps,0.05,medical_center,,unknown,map_only_unverified,low,1,FALSE,1,Google Maps,Google Maps,"27MC+3VR قرية النجاحية، Al Gharbi Bal Selameyah, Nag Hammadi, Qena Governorate 1543905, Egypt",FALSE,010 95020209,010 95020209,mobile,TRUE,TRUE,scraped_unverified
NEW1518,مستشفى بهجورة,مستشفي بهجورة,,ar,FALSE,Qena,Nag Hammadi,26.0599737,32.2167264,native_google,Google Maps,0.05,hospital,,unknown,map_only_unverified,low,1,FALSE,1,Google Maps,Google Maps,"3658+XMQ, Bahgourah, Nag Hammadi, Qena Governorate 1555226, Egypt",FALSE,,,,FALSE,TRUE,scraped_unverified
NEW1519,الاداره الصحيه بابوتشت,الاداره الصحيه بابوتشت,,ar,FALSE,Qena,Abu Tesht,26.12263,32.087849,native_google,Google Maps,0.05,general_hospital,,unknown,map_only_unverified,low,1,FALSE,1,Google Maps,Google Maps,"43FQ+345, Al Islah, Madinet Abu Tesht, Abu Tesht, Qena Governorate 1583196, Egypt",FALSE,,,,FALSE,TRUE,scraped_unverified
NEW1520,Fever Edfu Hospital,fever edfu hospital,,en,FALSE,Qena,إدفو,24.9620313,32.868836,native_google,Google Maps,0.05,hospital,,unknown,map_only_unverified,low,1,FALSE,1,Google Maps,Google Maps,"XV69+RG8, To Edfo City, أدفو قبلي، إدفو، محافظة أسوان 1291175, Egypt",FALSE,097 4712121,097 4712121,landline,TRUE,TRUE,scraped_unverified
NEW1521,مستشفى عام نجع سعيد,مستشفي عام نجع سعيد,,ar,FALSE,Qena,Dishna,26.1512982,32.3622988,native_google,Google Maps,0.05,apartment_building,,unknown,map_only_unverified,low,1,FALSE,1,Google Maps,Google Maps,"5926+QXG, Abu Menaa Bahari, Dishna, Qena Governorate 1536335, Egypt",FALSE,,,,FALSE,TRUE,scraped_unverified
NEW1522,El khanka specialized hospital,el khanka specialized hospital,,en,FALSE,Qena,Al Khankah,30.222792199999997,31.3616571,native_google,Google Maps,0.05,hospital,,unknown,map_only_unverified,low,1,FALSE,1,Google Maps,Google Maps,"69F6+4M7, Al Mostashfa Al Markazi, Madinet Al Khankah, Al Khankah, Al-Qalyubia Governorate 6351410, Egypt",FALSE,,,,FALSE,TRUE,scraped_unverified
NEW1523,Hospital Salwa Bahri,hospital salwa bahri,,en,FALSE,Qena,Markaz Kom Ombo,24.7346813,32.9392881,native_google,Google Maps,0.05,hospital,,unknown,map_only_unverified,low,1,FALSE,1,Google Maps,Google Maps,"PWMQ+VPF, Markaz Kom Ombo, البحر الأحمر 1288512, Egypt",FALSE,,,,FALSE,TRUE,scraped_unverified
NEW1524,منزل الدكتور محمد بك محروس,منزل الدكتور محمد بك محروس,,ar,FALSE,Qena,Luxor,25.319689999999998,32.5091635,native_google,Google Maps,0.05,general_hospital,,unknown,map_only_unverified,low,1,FALSE,1,Google Maps,Google Maps,"8G95+VMF, شارع الدكتور محمد, El-Boghdady, Luxor, Luxor Governorate 1311335, Egypt",FALSE,,,,FALSE,TRUE,scraped_unverified
NEW1525,مستشفى سمهود الصحية,مستشفي سمهود الصحية,,ar,FALSE,Qena,Abu Tesht,26.139754999999997,32.0386551,native_google,Google Maps,0.05,hospital,,unknown,map_only_unverified,low,1,FALSE,1,Google Maps,Google Maps,"42QQ+WF2, Samhoud, Abu Tesht, Qena Governorate 1582645, Egypt",FALSE,,,,FALSE,TRUE,scraped_unverified
NEW1526,مستشفي البحري سمهود,مستشفي البحري سمهود,,ar,FALSE,Qena,Abu Tesht,26.1629921,32.0098331,native_google,Google Maps,0.05,hospital,,unknown,map_only_unverified,low,1,FALSE,1,Google Maps,Google Maps,"5275+5WW, Al Bahri Samhoud, Abu Tesht, Qena Governorate 1582985, Egypt",FALSE,,,,FALSE,TRUE,scraped_unverified
NEW1527,مستشفى العليمات,مستشفي العليمات,,ar,FALSE,Qena,Abu Tesht,26.163083999999998,32.0094607,native_google,Google Maps,0.05,hospital,,unknown,map_only_unverified,low,1,FALSE,1,Google Maps,Google Maps,"5275+6QP, Al Bahri Samhoud, Abu Tesht, Qena Governorate 1582985, Egypt",FALSE,011 44325731,011 44325731,mobile,TRUE,TRUE,scraped_unverified
NEW1528,Umrah Hospital Southern,umrah hospital southern,,en,FALSE,Qena,Abu Tesht,26.1309863,31.988529,native_google,Google Maps,0.05,hospital,,unknown,map_only_unverified,low,1,FALSE,1,Google Maps,Google Maps,"العمرة/ابوتشت/ قنا، 4XJQ+9CR, To Nagaa Hamadi, Abu Tesht, Qena Governorate 1581703, Egypt",FALSE,,,,FALSE,TRUE,scraped_unverified
NEW1529,مستشفي الكعيمات الطبية,مستشفي الكعيمات الطبية,,ar,FALSE,Qena,Abu Tesht,26.087250299999997,32.034902699999996,native_google,Google Maps,0.05,hospital,,unknown,map_only_unverified,low,1,FALSE,1,Google Maps,Google Maps,"32PM+WX2, Belad Al Mal Al Qebli, Abu Tesht, Qena Governorate 1580652, Egypt",FALSE,,,,FALSE,TRUE,scraped_unverified
NEW1530,مستشفي الخماخمه الدولية,مستشفي الخماخمه الدولية,,ar,FALSE,Qena,Abu Tesht,26.086639599999998,32.1562887,native_google,Google Maps,0.05,hospital,,unknown,map_only_unverified,low,1,FALSE,1,Google Maps,Google Maps,"35P4+GC5, Ash Shaqeifi, Abu Tesht, Qena Governorate 1584214, Egypt",FALSE,,,,FALSE,TRUE,scraped_unverified
NEW1531,مستشفى القبلى سمهود,مستشفي القبلي سمهود,,ar,FALSE,Qena,Abu Tesht,26.1389107,32.0671318,native_google,Google Maps,0.05,hospital,,unknown,map_only_unverified,low,1,FALSE,1,Google Maps,Google Maps,"43Q8+HV6, Al Qebli Samhoud, Abu Tesht, Qena Governorate 1583443, Egypt",FALSE,,,,FALSE,TRUE,scraped_unverified
NEW1532,الوحدة الصحية بنجع القزاز,الوحدة الصحية بنجع القزاز,,ar,FALSE,Qena,Abu Tesht,26.1073769,32.1072114,native_google,Google Maps,0.05,hospital,,unknown,map_only_unverified,low,1,FALSE,1,Google Maps,Google Maps,"4444+XV4, Madinet Abu Tesht, Abu Tesht, Qena Governorate 1584102, Egypt",FALSE,,,,FALSE,TRUE,scraped_unverified
NEW1533,مكتب صحه ابوتشت,مكتب صحه ابوتشت,,ar,FALSE,Qena,Abu Tesht,26.126241699999998,32.1014325,native_google,Google Maps,0.05,general_hospital,,unknown,map_only_unverified,low,1,FALSE,1,Google Maps,Google Maps,"44G2+FHV, Qoseir Bakhanes, Abu Tesht, Qena Governorate 1584662, Egypt",FALSE,,,,FALSE,TRUE,scraped_unverified
NEW1534,مركز طب الأسرة كرنك أبوتشت,مركز طب الاسرة كرنك ابوتشت,,ar,FALSE,Qena,Abu Tesht,26.0737211,32.081528899999995,native_google,Google Maps,0.05,medical_center,,unknown,map_only_unverified,low,1,FALSE,1,Google Maps,Google Maps,"33FJ+FJJ, El-Karnak, Abu Tesht, Qena Governorate 1581051, Egypt",FALSE,,,,FALSE,TRUE,scraped_unverified
NEW1535,مستشفى الدكتور عاطف خليفه السمان,مستشفي الدكتور عاطف خليفه السمان,,ar,FALSE,Qena,Abu Tesht,26.1482336,32.0850508,native_google,Google Maps,0.05,dentist,,unknown,map_only_unverified,low,1,FALSE,1,Google Maps,Google Maps,"43XP+72V, Al Amireyah, Abu Tesht, Qena Governorate 1584786, Egypt",FALSE,,,,FALSE,TRUE,scraped_unverified
NEW1536,مركز د. حسام عيسى للنساء و التوليد و جراحة المناظير,مركز د. حسام عيسي للنساء و التوليد و جراحة المناظير,,ar,FALSE,Qena,أبو تشت,26.126650599999998,32.101804,native_google,Google Maps,0.05,medical_center,,likely,map_only_unverified,low,1,FALSE,1,Google Maps,Google Maps,"Unnamed Road, قصير بخانس، أبو طشت،،, 44G2+MP7، قصير بخانس، أبو تشت، محافظة قنا 1584662, Egypt",FALSE,096 2710767,096 2710767,landline,TRUE,TRUE,scraped_unverified
NEW1537,مستشفي العوامر الغربية,مستشفي العوامر الغربية,,ar,FALSE,Qena,Abu Tesht,26.106311299999998,32.0481359,native_google,Google Maps,0.05,hospital,,unknown,map_only_unverified,low,1,FALSE,1,Google Maps,Google Maps,"424X+G7C، Unnamed Road، Al Awamer Al Gharbeyah, Abu Tesht, Qena Governorate 1582330, Egypt",FALSE,,,,FALSE,TRUE,scraped_unverified
NEW1538,A mosque and a clinic goats for charity,a mosque and a clinic goats for charity,,en,FALSE,Qena,Abu Tesht,26.1560333,32.0612662,native_google,Google Maps,0.05,hospital,,unknown,map_only_unverified,low,1,FALSE,1,Google Maps,Google Maps,"5346+CG6, AR Rawateb, Abu Tesht, Qena Governorate 1584823, Egypt",FALSE,012 78020185,012 78020185,mobile,TRUE,TRUE,scraped_unverified
NEW1539,الوحدة الصحيه بالرزقه,الوحدة الصحيه بالرزقه,,ar,FALSE,Qena,Abu Tesht,26.120208299999998,32.1488929,native_google,Google Maps,0.05,hospital,,unknown,map_only_unverified,low,1,FALSE,1,Google Maps,Google Maps,"44CX+3HJ, AR Razqah, Abu Tesht, Qena Governorate 1586035, Egypt",FALSE,,,,FALSE,TRUE,scraped_unverified
NEW1540,مستشفى الحسينات,مستشفي الحسينات,,ar,FALSE,Qena,Abu Tesht,26.1142257,32.1227648,native_google,Google Maps,0.05,hospital,,unknown,map_only_unverified,low,1,FALSE,1,Google Maps,Google Maps,"447F+M4R, Al Hassanat, Abu Tesht, Qena Governorate 1584640, Egypt",FALSE,,,,FALSE,TRUE,scraped_unverified
NEW1541,الوحده الصحيه بالنواهض,الوحده الصحيه بالنواهض,,ar,FALSE,Qena,Abu Tesht,26.106731099999998,32.007933099999995,native_google,Google Maps,0.05,hospital,,unknown,map_only_unverified,low,1,FALSE,1,Google Maps,Google Maps,"4245+M5V, Belad Al Mal Al Bahri, Abu Tesht, Qena Governorate 1581554, Egypt",FALSE,,,,FALSE,TRUE,scraped_unverified
NEW1542,وحدة_صحة_عزبة البوصة,وحدة_صحة_عزبة البوصة,,ar,FALSE,Qena,Abu Tesht,26.082326199999997,32.0548877,native_google,Google Maps,0.05,hospital,,unknown,map_only_unverified,low,1,FALSE,1,Google Maps,Google Maps,"33J3+WXJ, Abou Tesht, Izbat Al Bousah, Abu Tesht, Qena Governorate 1581210, Egypt",FALSE,011 36985207,011 36985207,mobile,TRUE,TRUE,scraped_unverified
NEW1543,وحدة كوم يعقوب الصحية,وحدة كوم يعقوب الصحية,,ar,FALSE,Qena,Abu Tesht,26.116511499999998,32.0780376,native_google,Google Maps,0.05,hospital,,unknown,map_only_unverified,low,1,FALSE,1,Google Maps,Google Maps,"438H+J63, Al Qebli Samhoud, Abu Tesht, Qena Governorate 1583220, Egypt",FALSE,,,,FALSE,TRUE,scraped_unverified
NEW1544,وحدة الشقيفي الصحية,وحدة الشقيفي الصحية,,ar,FALSE,Qena,Abu Tesht,26.09265,32.149058200000006,native_google,Google Maps,0.05,hospital,,unknown,map_only_unverified,low,1,FALSE,1,Google Maps,Google Maps,"34VX+3J3, Ash Shaqeifi, Abu Tesht, Qena Governorate 1584363, Egypt",FALSE,,,,FALSE,TRUE,scraped_unverified
NEW1545,مستشفى,مستشفي,,ar,TRUE,Qena,Abu Tesht,26.110479899999998,32.0031168,native_google,Google Maps,0.05,hospital,,unknown,map_only_unverified,low,1,FALSE,1,Google Maps,Google Maps,"بجوار مدرسة النواهض الإبتدائية المشتركة ، عند شارع الأسفلت الرئيسي، Abu Tesht, Qena Governorate 1581605, Egypt",FALSE,,,,FALSE,TRUE,scraped_unverified
NEW1546,الوحدة الصحية بالحى,الوحدة الصحية بالحي,,ar,FALSE,Qena,Abu Tesht,26.1651371,32.0717633,native_google,Google Maps,0.05,hospital,,unknown,map_only_unverified,low,1,FALSE,1,Google Maps,Google Maps,"538C+3P2, Al Awamer WA Bani Barzah, Abu Tesht, Qena Governorate 1586763, Egypt",FALSE,,,,FALSE,TRUE,scraped_unverified
NEW1547,الوحده الصحيه بالمخلبطيه,الوحده الصحيه بالمخلبطيه,,ar,FALSE,Qena,Abu Tesht,26.1673919,32.078246,native_google,Google Maps,0.05,hospital,,unknown,map_only_unverified,low,1,FALSE,1,Google Maps,Google Maps,"المخلبطيه،، 538H+X75, Al Awamer WA Bani Barzah, Abu Tesht, Qena Governorate 1587525, Egypt",FALSE,,,,FALSE,TRUE,scraped_unverified
NEW1548,ألاسعاف القديمه,الاسعاف القديمه,,ar,FALSE,Qena,Abu Tesht,26.120833899999997,32.0963837,native_google,Google Maps,0.05,medical_center,,unknown,map_only_unverified,low,1,FALSE,1,Google Maps,Google Maps,"43CW+8HJ, Madinet Abu Tesht, Abu Tesht, Qena Governorate 1584148, Egypt",FALSE,,,,FALSE,TRUE,scraped_unverified
NEW1549,الوحدة الصحية برفاعة,الوحدة الصحية برفاعة,,ar,FALSE,Qena,Abu Tesht,26.082196099999997,32.1157172,native_google,Google Maps,0.05,hospital,,unknown,map_only_unverified,low,1,FALSE,1,Google Maps,Google Maps,"34J8+V7G, Refaah, Abu Tesht, Qena Governorate 1573134, Egypt",FALSE,,,,FALSE,TRUE,scraped_unverified
NEW1550,الوحده الصحيه بلمحارزه,الوحده الصحيه بلمحارزه,,ar,FALSE,Qena,Abu Tesht,26.1724225,32.1212732,native_google,Google Maps,0.05,hospital,,unknown,map_only_unverified,low,1,FALSE,1,Google Maps,Google Maps,"Al Maharzah, Abu Tesht, Qena Governorate 1587672, Egypt",FALSE,,,,FALSE,TRUE,scraped_unverified
NEW1551,Dr Hossam Eiessa's Obstetrics and Gyneacology Center,dr hossam eiessa's obstetrics and gyneacology center,,en,FALSE,Qena,Abu Tesht,26.126562699999997,32.101749000000005,native_google,Google Maps,0.05,medical_center,,likely,map_only_unverified,low,1,FALSE,1,Google Maps,Google Maps,"44G2+JMH, Qoseir Bakhanes, Abu Tesht, Qena Governorate 1584662, Egypt",FALSE,096 6710767,096 6710767,landline,TRUE,TRUE,scraped_unverified
NEW1552,الوحده الصحيه بالقاره,الوحده الصحيه بالقاره,,ar,FALSE,Qena,Abu Tesht,26.0812124,32.0623131,native_google,Google Maps,0.05,hospital,,unknown,map_only_unverified,low,1,FALSE,1,Google Maps,Google Maps,"33J6+FWP, Al Qarah, Abu Tesht, Qena Governorate 1581152, Egypt",FALSE,,,,FALSE,TRUE,scraped_unverified
NEW1553,وحدة النجمة والحمران الصحية,وحدة النجمة والحمران الصحية,,ar,FALSE,Qena,Abu Tesht,26.1590234,32.1308788,native_google,Google Maps,0.05,hospital,,unknown,map_only_unverified,low,1,FALSE,1,Google Maps,Google Maps,"545J+Q4, An Negma WA Al Homran, Abu Tesht, Qena Governorate 1587267, Egypt",FALSE,,,,FALSE,TRUE,scraped_unverified
NEW1554,المجمع الطبي بقريه الرزقه,المجمع الطبي بقريه الرزقه,,ar,FALSE,Qena,Abu Tesht,26.1182365,32.149384,native_google,Google Maps,0.05,medical_center,,unknown,map_only_unverified,low,1,FALSE,1,Google Maps,Google Maps,"449X+7Q, AR Razqah, Abu Tesht, Qena Governorate 1586027, Egypt",FALSE,,,,FALSE,TRUE,scraped_unverified
NEW1555,Alamiria,alamiria,,en,FALSE,Qena,Abu Tesht,26.146312899999998,32.089704600000005,native_google,Google Maps,0.05,hospital,,unknown,map_only_unverified,low,1,FALSE,1,Google Maps,Google Maps,"43WQ+GVG, Nagaa Hamadi - Al Shatebeya, Al Amireyah, Abu Tesht, Qena Governorate 1586701, Egypt",FALSE,,,,FALSE,TRUE,scraped_unverified
NEW1556,وحدة طب أسرة عزبة أبوعايد الصحية,وحدة طب اسرة عزبة ابوعايد الصحية,,ar,FALSE,Qena,Abu Tesht,26.173901299999997,32.0827297,native_google,Google Maps,0.05,hospital,,unknown,map_only_unverified,low,1,FALSE,1,Google Maps,Google Maps,"53FM+932, Al Awamer WA Bani Barzah, Abu Tesht, Qena Governorate 1588502, Egypt",FALSE,,,,FALSE,TRUE,scraped_unverified
NEW1557,Palestine Hospital,palestine hospital,,en,FALSE,Qena,Heliopolis,30.084771300000003,31.339326599999996,native_google,Google Maps,0.05,hospital,,unknown,map_only_unverified,low,1,FALSE,1,Google Maps,Google Maps,"مستشفى فلسطين, : ٦٤ El-Thawra St, Almazah, Heliopolis, Cairo Governorate 4461111, Egypt",FALSE,010 20863862,010 20863862,mobile,TRUE,TRUE,scraped_unverified
NEW1558,Abu Ushar Educational Hospital,abu ushar educational hospital,,en,FALSE,Qena,ابوعشر,14.9020626,33.190920399999996,native_google,Google Maps,0.05,hospital,,unknown,map_only_unverified,low,1,FALSE,1,Google Maps,Google Maps,W52R+R9F، ابوعشر، Sudan,FALSE,,,,FALSE,TRUE,scraped_unverified
NEW1559,الوحده الصحيه بقوم يعقوب,الوحده الصحيه بقوم يعقوب,,ar,FALSE,Qena,Abu Tesht,26.1157707,32.079314,native_google,Google Maps,0.05,medical_center,,unknown,map_only_unverified,low,1,FALSE,1,Google Maps,Google Maps,"438H+8P4, Al Qebli Samhoud, Abu Tesht, Qena Governorate 1583184, Egypt",FALSE,,,,FALSE,TRUE,scraped_unverified
NEW1560,وحدة طب أسرة عزبة البوصة بنجع عـنـتر,وحدة طب اسرة عزبة البوصة بنجع عـنـتر,,ar,FALSE,Qena,Abu Tesht,26.0746875,32.0531875,native_google,Google Maps,0.05,hospital,,unknown,map_only_unverified,low,1,FALSE,1,Google Maps,Google Maps,"33F3+V7G عزبة البوصة، نجع عنتر، Abu Tesht, Qena Governorate 1580443, Egypt",FALSE,010 25308658,010 25308658,mobile,TRUE,TRUE,scraped_unverified
NEW1561,المستشفى الصيني ابوعشر,المستشفي الصيني ابوعشر,,ar,FALSE,Qena,ابوعشر,14.9022933,33.1907889,native_google,Google Maps,0.05,hospital,,unknown,map_only_unverified,low,1,FALSE,1,Google Maps,Google Maps,W52R+W87، ابوعشر، Sudan,FALSE,,,,FALSE,TRUE,scraped_unverified
NEW1562,عياده د. هيثم كليب للنساء والتوليد,عياده د. هيثم كليب للنساء والتوليد,,ar,FALSE,Qena,أبو تشت,26.168542,32.022112,native_google,Google Maps,0.05,hospital,,likely,map_only_unverified,low,1,FALSE,1,Google Maps,Google Maps,"Unnamed Road, البحري سمهود، أبو طشت، قنا،،, 529C+CR9، البحري سمهود، أبو تشت، محافظة قنا 1583868, Egypt",FALSE,010 91884792,010 91884792,mobile,TRUE,TRUE,scraped_unverified
NEW1563,مستشفى أبو الهول,مستشفي ابو الهول,,ar,FALSE,Qena,Al Haram,29.986131099999998,31.142013700000003,native_google,Google Maps,0.05,hospital,,unknown,map_only_unverified,low,1,FALSE,1,Google Maps,Google Maps,"بجوار فندق طيبة، ٢ طريق المنصوريه، مشعل، Al Haram, Giza Governorate 12511, Egypt",FALSE,02 33833888,02 33833888,landline,TRUE,TRUE,scraped_unverified
NEW1564,Health House Hospital room lab operations analyzes children specialized clinics brood,health house hospital room lab operations analyzes children specialized clinics brood,,en,FALSE,Qena,Al Giza,29.952644299999996,31.226774900000002,native_google,Google Maps,0.05,hospital,,unknown,map_only_unverified,low,1,FALSE,1,Google Maps,Google Maps,"112شارع 6اكتوبر ابو النمرس، Cairo-Aswan-El Seid -Salah Salem Rd, Manil Shihah, Al Giza, Giza Governorate 3386615, Egypt",FALSE,011 56626262,011 56626262,mobile,TRUE,TRUE,scraped_unverified
NEW1565,مستشفي شبرامنت المركزي,مستشفي شبرامنت المركزي,,ar,FALSE,Qena,Abu El Numrus,29.9455615,31.188642299999998,native_google,Google Maps,0.05,hospital,,unknown,map_only_unverified,low,1,FALSE,1,Google Maps,Google Maps,"W5WQ+5FG, Nazlet Al Ashtar, Abu El Numrus, Giza Governorate 3381402, Egypt",FALSE,,,,FALSE,TRUE,scraped_unverified
NEW1566,مستشفى شبراخيت المركزي,مستشفي شبراخيت المركزي,,ar,FALSE,Qena,Shubrakhit,31.0275795,30.704222800000004,native_google,Google Maps,0.05,hospital,,unknown,map_only_unverified,low,1,FALSE,1,Google Maps,Google Maps,"2PH3+2MQ, Shubra Kheit, Shubrakhit, Beheira Governorate 5783852, Egypt",FALSE,045 3800011,045 3800011,landline,TRUE,TRUE,scraped_unverified
NEW1567,Kafrelsheikh university hospital,kafrelsheikh university hospital,,en,FALSE,Qena,Kafr Al Sheikh First,31.100679399999997,30.950847200000002,native_google,Google Maps,0.05,hospital,,unknown,map_only_unverified,low,1,FALSE,1,Google Maps,Google Maps,"University Hospital, El Gish St, Qism Kafr El-Shaikh, Kafr Al Sheikh First, Kafr El-Sheikh Governorate 6860404, Egypt",FALSE,,,,FALSE,TRUE,scraped_unverified
NEW1568,Abu El Reesh pediatric hospital,abu el reesh pediatric hospital,,en,FALSE,Qena,El Sayeda Zeinab,30.0295991,31.234669,native_google,Google Maps,0.05,hospital,,unknown,map_only_unverified,low,1,FALSE,1,Google Maps,Google Maps,"Al Maryas, Al Inshaa WA Al Munirah, El Sayeda Zeinab, Cairo Governorate 4262010, Egypt",FALSE,,,,FALSE,TRUE,scraped_unverified
NEW1569,الوحدة الصحية بالدهسه,الوحدة الصحية بالدهسه,,ar,FALSE,Qena,Farshut,26.040745100000002,32.1552065,native_google,Google Maps,0.05,medical_center,,unknown,map_only_unverified,low,1,FALSE,1,Google Maps,Google Maps,"25R4+73W, Madinet Farshout, Farshut, Qena Governorate 1571708, Egypt",FALSE,,,,FALSE,TRUE,scraped_unverified
NEW1570,Post Office - Farshout,post office - farshout,,en,FALSE,Qena,Farshut,26.0546495,32.162168799999996,native_google,Google Maps,0.05,hospital,,unknown,map_only_unverified,low,1,FALSE,1,Google Maps,Google Maps,"Madinet Farshout, Farshut, Qena Governorate 1572645, Egypt",FALSE,096 6510379,096 6510379,landline,TRUE,TRUE,scraped_unverified
NEW1571,مركز أبوسنان الجراحي,مركز ابوسنان الجراحي,,ar,FALSE,Qena,فرشوط،,26.051744,32.1661321,native_google,Google Maps,0.05,hospital,,unknown,map_only_unverified,low,1,FALSE,1,Google Maps,Google Maps,"شارع الشهيد احمد بدوي مدينة فرشوط، فرشوط،، Madinet Farshout, فرشوط،، Qena Governorate 1572327, Egypt",FALSE,010 50955417,010 50955417,mobile,TRUE,TRUE,scraped_unverified
NEW1572,مركز الحياه التخصصي للنساء والتوليد,مركز الحياه التخصصي للنساء والتوليد,,ar,FALSE,Qena,Farshut,26.0549137,32.1619847,native_google,Google Maps,0.05,hospital,,likely,map_only_unverified,low,1,FALSE,1,Google Maps,Google Maps,"قنا - فرشوط - شارع خور الحليمي أمام مركز، الشرطة، مدينة فرشوط، فرشوط، قنا،، 3536+XQ9, Madinet Farshout, Farshut, Qena Governorate 1572645, Egypt",FALSE,096 2515555,096 2515555,landline,TRUE,TRUE,scraped_unverified
NEW1573,Al Farouq Hospital,al farouq hospital,,en,FALSE,Qena,Maadi,29.957358400000004,31.2567664,native_google,Google Maps,0.05,hospital,,unknown,map_only_unverified,low,1,FALSE,1,Google Maps,Google Maps,"محمود أبو العزم، Maadi Al Khabiri Ash Sharqeyah, Maadi, Cairo Governorate 11431, Egypt",FALSE,02 23781030,02 23781030,landline,TRUE,TRUE,scraped_unverified
NEW1574,مستشفى دشنا المركزي,مستشفي دشنا المركزي,,ar,FALSE,Qena,Dishna,26.120874,32.475889099999996,native_google,Google Maps,0.05,hospital,,unknown,map_only_unverified,low,1,FALSE,1,Google Maps,Google Maps,"4FCG+796, Madinet Dishna, Dishna, Qena Governorate 1530062, Egypt",FALSE,,,,FALSE,TRUE,scraped_unverified
NEW1575,مستشفى النهضه للعمليات والطوارئ,مستشفي النهضه للعمليات والطوارئ,,ar,FALSE,Qena,Shibin el-Qanater,30.3107397,31.3113885,native_google,Google Maps,0.05,hospital,,unknown,map_only_unverified,low,1,FALSE,1,Google Maps,Google Maps,"8866+7HR بجوار بنزينه المحكمه، شارع السكة الحديد، Madinet Shibin Al Qanater, Shibin el-Qanater, Al-Qalyubia Governorate 13786, Egypt",FALSE,,,,FALSE,TRUE,scraped_unverified
NEW1576,Ibn Sina specialized hospital,ibn sina specialized hospital,,en,FALSE,Qena,Second Tanta,30.815300999999998,30.9933409,native_google,Google Maps,0.05,hospital,,unknown,map_only_unverified,low,1,FALSE,1,Google Maps,Google Maps,"El-Gaish, Tanta Qism 2, Second Tanta, Gharbia Governorate 6634023, Egypt",FALSE,011 44680000,011 44680000,mobile,TRUE,TRUE,scraped_unverified
NEW1577,مركز النهضة الطبي,مركز النهضة الطبي,,ar,FALSE,Qena,ثان العامرية,31.005852400000002,29.759295299999998,native_google,Google Maps,0.05,medical_center,,unknown,map_only_unverified,low,1,FALSE,1,Google Maps,Google Maps,"شارع الكينج الجديد ، بجوار الصافي ماركت و اسماك حودة بحرية, بجوار حودة بحرية, إيكنجي مريوط (شرق وغرب)، ثان العامرية، محافظة الإسكندرية 5247502, Egypt",FALSE,012 76797000,012 76797000,mobile,TRUE,TRUE,scraped_unverified
NEW1578,Coptic Hospital,coptic hospital,,en,FALSE,Qena,الأزبكية,30.063411799999997,31.2524874,native_google,Google Maps,0.05,hospital,,unknown,map_only_unverified,low,1,FALSE,1,Google Maps,Google Maps,"Ramsis st. extension - beside NBE branch - Cairo القاهرة, 6 القبيسي، الظاهر، الأزبكية، محافظة القاهرة‬ 11432, Egypt",FALSE,02 25899866,02 25899866,landline,TRUE,TRUE,scraped_unverified
NEW1579,El Rehab Specialized Hospital,el rehab specialized hospital,,en,FALSE,Qena,Second Tanta,30.801486599999997,31.000584200000002,native_google,Google Maps,0.05,hospital,,unknown,map_only_unverified,low,1,FALSE,1,Google Maps,Google Maps,"amr Ibn El Aas st, Tanta Qism 2, Second Tanta, Gharbia Governorate 6632133, Egypt",FALSE,040 3311083,040 3311083,landline,TRUE,TRUE,scraped_unverified
NEW1580,Raslan Private Hospital,raslan private hospital,,en,FALSE,Qena,الغربية,30.8089461,30.996336600000003,native_google,Google Maps,0.05,hospital,,unknown,map_only_unverified,low,1,FALSE,1,Google Maps,Google Maps,"1 ش الهناء، طنطا، الغربية، Gharbia Governorate 6634005, Egypt",FALSE,040 3346547,040 3346547,landline,TRUE,TRUE,scraped_unverified
NEW1581,دكتورة نساء وتوليد | دكتورة حنان يوسف,دكتورة نساء وتوليد | دكتورة حنان يوسف,,ar,FALSE,Qena,El Weili,30.067395400000002,31.280921699999997,native_google,Google Maps,0.05,doctor,,likely,map_only_unverified,low,1,FALSE,1,Google Maps,Google Maps,"٢ شارع بستان الجيش بجوار، Greek Community Hospital, El-Zahraa Hospital, As Sarayat, El Weili, Cairo Governorate 12621, Egypt",FALSE,012 20541356,012 20541356,mobile,TRUE,TRUE,scraped_unverified
NEW1582,مركز جنة للحقن المجهري و أمراض الذكورة,مركز جنة للحقن المجهري و امراض الذكورة,,ar,FALSE,Qena,Agouza,30.0554322,31.1958904,native_google,Google Maps,0.05,medical_clinic,,unknown,map_only_unverified,low,1,FALSE,1,Google Maps,Google Maps,"51 Shehab, Gazirat Mit Oqbah, Agouza, Giza Governorate 3752502, Egypt",FALSE,011 12220298,011 12220298,mobile,TRUE,TRUE,scraped_unverified
NEW1583,Dahab Central Hospital,dahab central hospital,,en,FALSE,Qena,Dahab,28.4843224,34.494583999999996,native_google,Google Maps,0.05,hospital,,unknown,map_only_unverified,low,1,FALSE,1,Google Maps,Google Maps,"شارع علي بن ابي طالب - المدينة بجوار قسم شرطة، FFMV+PRG, Dahab, South Sinai Governorate 8771612, Egypt",FALSE,069 3640208,069 3640208,landline,TRUE,TRUE,scraped_unverified
NEW1584,Dishna,dishna,,en,FALSE,Qena,Dishna,26.1495404,32.4580469,native_google,Google Maps,0.05,hospital_unspecified,,unknown,map_only_unverified,low,1,FALSE,1,Google Maps,Google Maps,"Dishna, Qena Governorate, Egypt",FALSE,,,,FALSE,TRUE,scraped_unverified
NEW1585,City Hospital,city hospital,,en,FALSE,Qena,El Raml 1,31.247200699999997,29.9750748,native_google,Google Maps,0.05,hospital,,unknown,map_only_unverified,low,1,FALSE,1,Google Maps,Google Maps,"9 serhank st, Louran, El Raml 1, Alexandria Governorate 5451112, Egypt",FALSE,010 20404947,010 20404947,mobile,TRUE,TRUE,scraped_unverified
NEW1586,مستشفى لوران,مستشفي لوران,,ar,FALSE,Qena,قسم ثان,31.247208,29.974056200000003,native_google,Google Maps,0.05,hospital,,unknown,map_only_unverified,low,1,FALSE,1,Google Maps,Google Maps,"13 Shaarawy, San Stefano, قسم ثان, Alexandria Governorate 5451110, Egypt",FALSE,010 00080657,010 00080657,mobile,TRUE,TRUE,scraped_unverified
NEW1587,Medicare Medical center,medicare medical center,,en,FALSE,Luxor,Luxor,25.7105127,32.648389099999996,native_google,Google Maps,0.05,medical_center,,unknown,map_only_unverified,low,1,FALSE,1,Google Maps,Google Maps,"El-Sayed Youssef, ST، Luxor, Luxor Governorate 85951, Egypt",FALSE,010 70730005,010 70730005,mobile,TRUE,TRUE,scraped_unverified
NEW1588,مستشفى الأقصر التخصصي Luxor Specialized Hospital,مستشفي الاقصر التخصصي Luxor Specialized Hospital,,ar,FALSE,Luxor,مدينة البياضية,25.679511899999998,32.6419943,native_google,Google Maps,0.05,hospital,,unknown,map_only_unverified,low,1,FALSE,1,Google Maps,Google Maps,"مدينة البياضية، محافظة الأقصر 1362303, Egypt",FALSE,,,,FALSE,TRUE,scraped_unverified
NEW1589,مستشفى الندى الطبى التخصصى,مستشفي الندي الطبي التخصصي,,ar,FALSE,Luxor,Luxor,25.708282999999998,32.6491614,native_google,Google Maps,0.05,hospital,,unknown,map_only_unverified,low,1,FALSE,1,Google Maps,Google Maps,"PJ5X+8M7, Al Mathan, الكباش, Luxor, Luxor Governorate 1362613, Egypt",FALSE,010 13795371,010 13795371,mobile,TRUE,TRUE,scraped_unverified
NEW1590,Orman Hospital Tiba Luxor,orman hospital tiba luxor,,en,FALSE,Luxor,Tiba,25.737808899999997,32.7719958,native_google,Google Maps,0.05,hospital,,unknown,map_only_unverified,low,1,FALSE,1,Google Maps,Google Maps,"PQQC+FQ3 بجوار جهاز مدينة طيبة، Tiba, Luxor Governorate 1376181, Egypt",FALSE,,,,FALSE,TRUE,scraped_unverified
NEW1591,مستشفى الحياه بالاقصر,مستشفي الحياه بالاقصر,,ar,FALSE,Luxor,Luxor,25.6872448,32.6395854,native_google,Google Maps,0.05,hospital,,unknown,map_only_unverified,low,1,FALSE,1,Google Maps,Google Maps,"شارع، MJPQ+VRW كازوزا خلف مضرب الارز، Gazirat Al Awameyah, Luxor, Luxor Governorate 85951, Egypt",FALSE,011 03083262,011 03083262,mobile,TRUE,TRUE,scraped_unverified
NEW1592,مستشفي رؤية للعيون,مستشفي رؤية للعيون,,ar,FALSE,Luxor,Luxor,25.6781309,32.641782,native_google,Google Maps,0.05,hospital,,unknown,map_only_unverified,low,1,FALSE,1,Google Maps,Google Maps,"موقف البياضية، Luxor City, Luxor, Luxor Governorate 1362301, Egypt",FALSE,010 69376061,010 69376061,mobile,TRUE,TRUE,scraped_unverified
NEW1593,Reaia Center For Intensive Care In Luxor,reaia center for intensive care in luxor,,en,FALSE,Luxor,Luxor,25.6789168,32.6419527,native_google,Google Maps,0.05,hospital,,unknown,map_only_unverified,low,1,FALSE,1,Google Maps,Google Maps,"MJHR+HQ8, Luxor City, Luxor, Luxor Governorate 1362302, Egypt",FALSE,010 60049390,010 60049390,mobile,TRUE,TRUE,scraped_unverified
NEW1594,Lady Care Clinics - عيادات ليدي كير,Lady Care Clinics - عيادات ليدي كير,,ar,FALSE,Luxor,الأقصر,25.685205399999997,32.641701,native_google,Google Maps,0.05,hospital,,unknown,map_only_unverified,low,1,FALSE,1,Google Maps,Google Maps,"امتداد ش التليفزيون بجوار غبور, للسيارات, جزيرة العوامية، الأقصر، محافظة الأقصر 85951, Egypt",FALSE,011 23737066,011 23737066,mobile,TRUE,TRUE,scraped_unverified
NEW1595,مركز وعيادات الكوثر التخصصي بالاقصر,مركز وعيادات الكوثر التخصصي بالاقصر,,ar,FALSE,Luxor,الأقصر,25.6871881,32.637947,native_google,Google Maps,0.05,medical_clinic,,unknown,map_only_unverified,low,1,FALSE,1,Google Maps,Google Maps,"الاقصر حى الفيروز - خلف مستشفى, الدولى, جزيرة العوامية، الأقصر، محافظة الأقصر 1362240, Egypt",FALSE,010 03192365,010 03192365,mobile,TRUE,TRUE,scraped_unverified
NEW1596,مستشفى ادم للخصوبة,مستشفي ادم للخصوبة,,ar,FALSE,Luxor,Luxor,25.6964415,32.6435338,native_google,Google Maps,0.05,hospital,,unknown,map_only_unverified,low,1,FALSE,1,Google Maps,Google Maps,"MJWV+HCQ, El-Mansheya, Luxor City, Luxor, Luxor Governorate 1362417, Egypt",FALSE,,,,FALSE,TRUE,scraped_unverified
NEW1597,مستشفى العيون الدولي بالاقصر,مستشفي العيون الدولي بالاقصر,,ar,FALSE,Luxor,Luxor,25.6914345,32.6351886,native_google,Google Maps,0.05,doctor,,unknown,map_only_unverified,low,1,FALSE,1,Google Maps,Google Maps,"Ali Ibn Abi Taleb, Gazirat Al Awameyah, Luxor, Luxor Governorate 1362120, Egypt",FALSE,012 00005885,012 00005885,mobile,TRUE,TRUE,scraped_unverified
NEW1598,مجمع الاقصر الطبي الدولي,مجمع الاقصر الطبي الدولي,,ar,FALSE,Luxor,Luxor,25.6890228,32.6360485,native_google,Google Maps,0.05,hospital,,unknown,map_only_unverified,low,1,FALSE,1,Google Maps,Google Maps,"شارع El-Madina El-Monawwara, Gazirat Al Awameyah, Luxor, Luxor Governorate 1362243, Egypt",FALSE,,,,FALSE,TRUE,scraped_unverified
NEW1599,لايف سنتر للنساء و التوليد,لايف سنتر للنساء و التوليد,,ar,FALSE,Luxor,مركز الأقصر,25.696837600000002,32.641373900000005,native_google,Google Maps,0.05,medical_center,,likely,map_only_unverified,low,1,FALSE,1,Google Maps,Google Maps,"شارع نادي المعلمين, مدينة الأقصر، مركز الأقصر، محافظة الأقصر 1362412, Egypt",FALSE,010 13841342,010 13841342,mobile,TRUE,TRUE,scraped_unverified
NEW1600,Misr Infertility Center,misr infertility center,,en,FALSE,Luxor,Luxor,25.677918299999998,32.6322575,native_google,Google Maps,0.05,hospital,,unknown,map_only_unverified,low,1,FALSE,1,Google Maps,Google Maps,"MJHJ+5W6, Luxor City, Luxor, Luxor Governorate 1361013, Egypt",FALSE,011 51555104,011 51555104,mobile,TRUE,TRUE,scraped_unverified
NEW1601,مركز إرادة الأقصر - طب نفسي وعلاج إدمان ومخ وأعصاب,مركز ارادة الاقصر - طب نفسي وعلاج ادمان ومخ واعصاب,,ar,FALSE,Luxor,Luxor,25.674667,32.6411106,native_google,Google Maps,0.05,medical_center,,unknown,map_only_unverified,low,1,FALSE,1,Google Maps,Google Maps,"Mostafa Kamel, Madinet Al Bayadeyah, Luxor, Luxor Governorate 1351220, Egypt",FALSE,010 90606567,010 90606567,mobile,TRUE,TRUE,scraped_unverified
NEW1602,Dar Al-Shifa Surgery,dar al-shifa surgery,,en,FALSE,Luxor,Luxor,25.694907699999998,32.641406499999995,native_google,Google Maps,0.05,hospital,,unknown,map_only_unverified,low,1,FALSE,1,Google Maps,Google Maps,"MJVR+XH7, Luxor City, Luxor, Luxor Governorate 1362352, Egypt",FALSE,,,,FALSE,TRUE,scraped_unverified
NEW1603,ELAMEED,elameed,,en,FALSE,Luxor,Luxor,25.7074036,32.6438035,native_google,Google Maps,0.05,hospital,,unknown,map_only_unverified,low,1,FALSE,1,Google Maps,Google Maps,"الاقصر كورنيش النيل بجوار معديه، شرق بجوار مستشفى العام، Luxor City, Luxor, Luxor Governorate 85954, Egypt",FALSE,015 50414177,015 50414177,mobile,TRUE,TRUE,scraped_unverified
NEW1604,ACE - Animal Care in Egypt,ace - animal care in egypt,,en,FALSE,Luxor,Luxor,25.679258299999997,32.653746999999996,native_google,Google Maps,0.05,veterinary_care,,unknown,map_only_unverified,low,1,FALSE,1,Google Maps,Google Maps,"Al Oksor Rd to Aswan, Al Habil, Luxor, Luxor Governorate 1364543, Egypt",FALSE,010 00452929,010 00452929,mobile,TRUE,TRUE,scraped_unverified
NEW1605,Brooke Hospital For Animals Office,brooke hospital for animals office,,en,FALSE,Luxor,Luxor,25.6916689,32.65153180000001,native_google,Google Maps,0.05,veterinary_care,,unknown,map_only_unverified,low,1,FALSE,1,Google Maps,Google Maps,"MMR2+MJ7, Syalt Badran, Luxor City, Luxor, Luxor Governorate 1364227, Egypt",FALSE,095 2366549,095 2366549,landline,TRUE,TRUE,scraped_unverified
NEW1606,مركز امون للاصابات,مركز امون للاصابات,,ar,FALSE,Luxor,Luxor,25.6792552,32.642124599999995,native_google,Google Maps,0.05,hospital,,unknown,map_only_unverified,low,1,FALSE,1,Google Maps,Google Maps,"MJHR+PR5, Madinet Al Bayadeyah, Luxor, Luxor Governorate 1362302, Egypt",FALSE,,,,FALSE,TRUE,scraped_unverified
NEW1607,عيادات صن رايز التخصصية,عيادات صن رايز التخصصية,,ar,FALSE,Luxor,الأقصر,25.6896551,32.6501727,native_google,Google Maps,0.05,hospital,,unknown,map_only_unverified,low,1,FALSE,1,Google Maps,Google Maps,"الاقصر السواقى شارع ال٢٥, مدينة الأقصر، الأقصر، محافظة الأقصر 1364151, Egypt",FALSE,010 28373800,010 28373800,mobile,TRUE,TRUE,scraped_unverified
NEW1608,الهيئة العامة للرعاية الصحية بالاقصر,الهيئة العامة للرعاية الصحية بالاقصر,,ar,FALSE,Luxor,Luxor,25.6970772,32.6442808,native_google,Google Maps,0.05,insurance_agency,,unknown,map_only_unverified,low,1,FALSE,1,Google Maps,Google Maps,"Ramsis, Luxor City, Luxor, Luxor Governorate 1362423, Egypt",FALSE,215344,215344,landline,TRUE,TRUE,scraped_unverified
NEW1609,Health Affairs Directorate - Luxor,health affairs directorate - luxor,,en,FALSE,Luxor,Luxor,25.6886074,32.640206,native_google,Google Maps,0.05,health,,unknown,map_only_unverified,low,1,FALSE,1,Google Maps,Google Maps,"ش نادى El-Madina El-Monawwara, Gazirat Al Awameyah, Luxor, Luxor Governorate 1362243, Egypt",FALSE,095 2273945,095 2273945,landline,TRUE,TRUE,scraped_unverified
NEW1610,مركز الرضوانية لقسطرة القلب,مركز الرضوانية لقسطرة القلب,,ar,FALSE,Luxor,Luxor,25.709328199999998,32.6485833,native_google,Google Maps,0.05,hospital,,unknown,map_only_unverified,low,1,FALSE,1,Google Maps,Google Maps,"PJ5X+PCP, Luxor City, Luxor, Luxor Governorate 1362611, Egypt",FALSE,010 32143214,010 32143214,mobile,TRUE,TRUE,scraped_unverified
NEW1611,عيادة الدكتورة هاجر الطاهر,عيادة الدكتورة هاجر الطاهر,,ar,FALSE,Luxor,Luxor,25.695115299999998,32.6414551,native_google,Google Maps,0.05,medical_center,,unknown,map_only_unverified,low,1,FALSE,1,Google Maps,Google Maps,"MJWR+2HW, El-Mansheya, Luxor City, Luxor, Luxor Governorate 1362352, Egypt",FALSE,011 55526169,011 55526169,mobile,TRUE,TRUE,scraped_unverified
NEW1612,مركز اى كير للعيون بالاقصر,مركز اي كير للعيون بالاقصر,,ar,FALSE,Luxor,الأقصر,25.6897062,32.638666199999996,native_google,Google Maps,0.05,hospital,,unknown,map_only_unverified,low,1,FALSE,1,Google Maps,Google Maps,"شارع قندق المروة متفرع من شارع التليفزيون, جزيرة العوامية، الأقصر، محافظة الأقصر 08090, Egypt",FALSE,011 16313235,011 16313235,mobile,TRUE,TRUE,scraped_unverified
NEW1613,Forty Market,forty market,,en,FALSE,Luxor,Luxor,25.6887695,32.6373481,native_google,Google Maps,0.05,supermarket,,unknown,map_only_unverified,low,1,FALSE,1,Google Maps,Google Maps,"Luxor International Hospital St, Gazirat Al Awameyah, Luxor, Luxor Governorate 1362222, Egypt",FALSE,095 2284100,095 2284100,landline,TRUE,TRUE,scraped_unverified
NEW1614,مركز نور الحياة التخصصي,مركز نور الحياة التخصصي,,ar,FALSE,Luxor,Luxor,25.7001563,32.643604200000006,native_google,Google Maps,0.05,doctor,,unknown,map_only_unverified,low,1,FALSE,1,Google Maps,Google Maps,"بجوار السجل المدني، شارع، Al Karam, Luxor City, Luxor, Luxor Governorate 1362434, Egypt",FALSE,011 20471150,011 20471150,mobile,TRUE,TRUE,scraped_unverified
NEW1615,وحدة طب اسرة القباح الغربى,وحدة طب اسرة القباح الغربي,,ar,FALSE,Luxor,Luxor,25.692128399999998,32.661728,native_google,Google Maps,0.05,medical_center,,unknown,map_only_unverified,low,1,FALSE,1,Google Maps,Google Maps,"MMR6+VM5, Al Thamanin Way, Luxor City, Luxor, Luxor Governorate 1364472, Egypt",FALSE,,,,FALSE,TRUE,scraped_unverified
NEW1616,مركز الفيروز التخصصى للاطفال وحديثى الولادة,مركز الفيروز التخصصي للاطفال وحديثي الولادة,,ar,FALSE,Luxor,Luxor,25.688727999999998,32.637405,native_google,Google Maps,0.05,medical_center,,likely,map_only_unverified,low,1,FALSE,1,Google Maps,Google Maps,"ش مستشفى الا قصر الدولي, Gazirat Al Awameyah, Luxor, Luxor Governorate 1362222, Egypt",FALSE,010 91449772,010 91449772,mobile,TRUE,TRUE,scraped_unverified
NEW1617,عيادة الأقصر الشاملة,عيادة الاقصر الشاملة,,ar,FALSE,Luxor,مركز الأقصر,25.686508699999997,32.6419342,native_google,Google Maps,0.05,medical_center,,unknown,map_only_unverified,low,1,FALSE,1,Google Maps,Google Maps,"الأقصر، جزيرة العوامية،، جزيرة العوامية، الاقصر، الأقصر،،, MJPR+JQ3، جزيرة العوامية، مركز الأقصر، محافظة الأقصر 1362311, Egypt",FALSE,,,,FALSE,TRUE,scraped_unverified
NEW1618,مركز الشفاء الحديث,مركز الشفاء الحديث,,ar,FALSE,Luxor,Luxor,25.6785572,32.6410082,native_google,Google Maps,0.05,hospital,,unknown,map_only_unverified,low,1,FALSE,1,Google Maps,Google Maps,"MJHR+CCC, Madinet Al Bayadeyah, Luxor, Luxor Governorate 1362301, Egypt",FALSE,,,,FALSE,TRUE,scraped_unverified
NEW1619,مركز الرحمة للخدمات التمريضية,مركز الرحمة للخدمات التمريضية,,ar,FALSE,Luxor,Luxor,25.689655499999997,32.6413405,native_google,Google Maps,0.05,medical_center,,unknown,map_only_unverified,low,1,FALSE,1,Google Maps,Google Maps,"MJQR+VG8, El-Nasr, Gazirat Al Awameyah, Luxor, Luxor Governorate 1362322, Egypt",FALSE,010 01041810,010 01041810,mobile,TRUE,TRUE,scraped_unverified
NEW1620,المستقبل الطبى,المستقبل الطبي,,ar,FALSE,Luxor,Luxor,25.698795,32.643266499999996,native_google,Google Maps,0.05,medical_center,,unknown,map_only_unverified,low,1,FALSE,1,Google Maps,Google Maps,"شارع أندراوس، Luxor City, Luxor, Luxor Governorate 1362422, Egypt",FALSE,010 19198830,010 19198830,mobile,TRUE,TRUE,scraped_unverified
NEW1621,Dr Andrew,dr andrew,,en,FALSE,Luxor,Luxor,25.6880885,32.6376428,native_google,Google Maps,0.05,pharmacy,,unknown,map_only_unverified,low,1,FALSE,1,Google Maps,Google Maps,"ش مستشفى الا قصر الدولي, Gazirat Al Awameyah, Luxor, Luxor Governorate 1362222, Egypt",FALSE,010 03491652,010 03491652,mobile,TRUE,TRUE,scraped_unverified
NEW1622,مستشفي الشفاء الأرمان,مستشفي الشفاء الارمان,,ar,FALSE,Luxor,Luxor,25.6872448,32.639585499999995,native_google,Google Maps,0.05,association_or_organization,,unknown,map_only_unverified,low,1,FALSE,1,Google Maps,Google Maps,"MJPQ+VRW طيبه، Gazirat Al Awameyah, Luxor, Luxor Governorate 1362243, Egypt",FALSE,,,,FALSE,TRUE,scraped_unverified
NEW1623,عيادة د هايدي ثروت اطفال,عيادة د هايدي ثروت اطفال,,ar,FALSE,Luxor,Luxor,25.6890005,32.6467491,native_google,Google Maps,0.05,hospital,,unknown,map_only_unverified,low,1,FALSE,1,Google Maps,Google Maps,"MJQW+JM5, Luxor City, Luxor, Luxor Governorate 1364072, Egypt",FALSE,,,,FALSE,TRUE,scraped_unverified
NEW1624,مركز براده للعيون,مركز براده للعيون,,ar,FALSE,Luxor,Luxor,25.6964552,32.6436001,native_google,Google Maps,0.05,hospital,,unknown,map_only_unverified,low,1,FALSE,1,Google Maps,Google Maps,"MJWV+HCQ, El-Mansheya, Luxor City, Luxor, Luxor Governorate 1362417, Egypt",FALSE,011 01574140,011 01574140,mobile,TRUE,TRUE,scraped_unverified
NEW1625,مركز قلب الوادي,مركز قلب الوادي,,ar,FALSE,Luxor,Luxor,25.6913976,32.6409379,native_google,Google Maps,0.05,medical_center,,unknown,map_only_unverified,low,1,FALSE,1,Google Maps,Google Maps,"MJRR+H94, Television, Madinet Al Bayadeyah, Luxor, Luxor Governorate 1362330, Egypt",FALSE,,,,FALSE,TRUE,scraped_unverified
NEW1626,Joyce clinic Luxor جويس كلينيك,Joyce clinic Luxor جويس كلينيك,,ar,FALSE,Luxor,Luxor,25.6886442,32.6398098,native_google,Google Maps,0.05,doctor,,unknown,map_only_unverified,low,1,FALSE,1,Google Maps,Google Maps,"MJQQ+FWV, Luxor International Hospital St, Gazirat Al Awameyah, Luxor, Luxor Governorate 85951, Egypt",FALSE,011 11066761,011 11066761,mobile,TRUE,TRUE,scraped_unverified
NEW1627,مركز القلب التخصصي وعنايته المركزه,مركز القلب التخصصي وعنايته المركزه,,ar,FALSE,Luxor,Luxor,25.6839735,32.641470399999996,native_google,Google Maps,0.05,medical_center,,unknown,map_only_unverified,low,1,FALSE,1,Google Maps,Google Maps,"MJMR+JH8, Ahmed Qarqar, Madinet Al Bayadeyah, Luxor, Luxor Governorate 1362308, Egypt",FALSE,015 5562726,015 5562726,mobile,TRUE,TRUE,scraped_unverified
NEW1628,دكتور نوبى أبو زيد جيلانى,دكتور نوبي ابو زيد جيلاني,,ar,FALSE,Luxor,Luxor,25.6900358,32.6409012,native_google,Google Maps,0.05,hospital,,unknown,map_only_unverified,low,1,FALSE,1,Google Maps,Google Maps,"MJRR+296, El-Gaish, Gazirat Al Awameyah, Luxor, Luxor Governorate 1362323, Egypt",FALSE,011 55541121,011 55541121,mobile,TRUE,TRUE,scraped_unverified
NEW1629,Shifa Hospital Specialist in Esna Irrigation camp,shifa hospital specialist in esna irrigation camp,,en,FALSE,Luxor,Esna,25.308336,32.564463499999995,native_google,Google Maps,0.05,hospital,,unknown,map_only_unverified,low,1,FALSE,1,Google Maps,Google Maps,"-شرق، 8H57+8QP, Esna City, Esna, قنا 1320203, Egypt",FALSE,095 2600426,095 2600426,landline,TRUE,TRUE,scraped_unverified
NEW1630,مستشفى رمد اسنا,مستشفي رمد اسنا,,ar,FALSE,Luxor,Esna,25.3024906,32.553286199999995,native_google,Google Maps,0.05,hospital,,unknown,map_only_unverified,low,1,FALSE,1,Google Maps,Google Maps,"8H23+X8V, Esna City, Esna, Luxor Governorate 1316001, Egypt",FALSE,,,,FALSE,TRUE,scraped_unverified
NEW1631,مركز الرضوانية للأشعة فرع إسنا,مركز الرضوانية للاشعة فرع اسنا,,ar,FALSE,Luxor,Esna,25.298576399999998,32.5557304,native_google,Google Maps,0.05,hospital,,unknown,map_only_unverified,low,1,FALSE,1,Google Maps,Google Maps,"Esna City, Esna, قنا 1315575, Egypt",FALSE,011 10919152,011 10919152,mobile,TRUE,TRUE,scraped_unverified
NEW1632,مركز طيبة ٢٥ للأشعة,مركز طيبة ٢٥ للاشعة,,ar,FALSE,Luxor,Esna,25.3132953,32.5508689,native_google,Google Maps,0.05,medical_center,,unknown,map_only_unverified,low,1,FALSE,1,Google Maps,Google Maps,"Khazan ASNA Al Qadeem, Esna City, Esna, Luxor Governorate 1316036, Egypt",FALSE,011 07684174,011 07684174,mobile,TRUE,TRUE,scraped_unverified
NEW1633,مستشفي الري التخصصي,مستشفي الري التخصصي,,ar,FALSE,Luxor,Esna,25.3083074,32.5644878,native_google,Google Maps,0.05,hospital,,unknown,map_only_unverified,low,1,FALSE,1,Google Maps,Google Maps,"8H57+8QH, Khazan ASNA Al Qadeem, Ad Deir, Esna, Qena Governorate 1320203, Egypt",FALSE,,,,FALSE,TRUE,scraped_unverified
NEW1634,مركز الآمال الطبي للنسا والتوليد,مركز الامال الطبي للنسا والتوليد,,ar,FALSE,Luxor,Esna,25.3001594,32.5541416,native_google,Google Maps,0.05,medical_center,,likely,map_only_unverified,low,1,FALSE,1,Google Maps,Google Maps,"Ahmed Oraby, Esna City, Esna, Luxor Governorate 1315578, Egypt",FALSE,011 17607608,011 17607608,mobile,TRUE,TRUE,scraped_unverified
NEW1635,مركز أبو العزايم الطبي,مركز ابو العزايم الطبي,,ar,FALSE,Luxor,Esna,25.316210899999998,32.5509595,native_google,Google Maps,0.05,medical_center,,unknown,map_only_unverified,low,1,FALSE,1,Google Maps,Google Maps,"امام هويس قناطر اسنا الجديدة، Esna City, Esna, Luxor Governorate 1316038, Egypt",FALSE,095 2601606,095 2601606,landline,TRUE,TRUE,scraped_unverified
NEW1636,Medical Center Sayeda Zeinab,medical center sayeda zeinab,,en,FALSE,Luxor,Esna,25.2657061,32.5560022,native_google,Google Maps,0.05,hospital,,unknown,map_only_unverified,low,1,FALSE,1,Google Maps,Google Maps,"7H84+7CJ, Al Qaraya, Esna, Qena Governorate 1314725, Egypt",FALSE,011 19661717,011 19661717,mobile,TRUE,TRUE,scraped_unverified
NEW1637,الوحدة الصحية,الوحدة الصحية,,ar,FALSE,Luxor,Esna,25.2633489,32.554964399999996,native_google,Google Maps,0.05,hospital,,unknown,map_only_unverified,low,1,FALSE,1,Google Maps,Google Maps,"7H73+8XP, Al Qaraya, Esna, Luxor Governorate 1314702, Egypt",FALSE,,,,FALSE,TRUE,scraped_unverified
NEW1638,الوحدة الصحية,الوحدة الصحية,,ar,FALSE,Luxor,Esna,25.291712099999998,32.554967,native_google,Google Maps,0.05,hospital,,unknown,map_only_unverified,low,1,FALSE,1,Google Maps,Google Maps,"إسنا،، قنا - إدفو، Esna City, Esna, Luxor Governorate 1315530, Egypt",FALSE,,,,FALSE,TRUE,scraped_unverified
NEW1639,مستشفى العلمين النموذجي,مستشفي العلمين النموذجي,,ar,FALSE,Luxor,El Alamein,30.8429515,28.940012799999998,native_google,Google Maps,0.05,general_hospital,,unknown,map_only_unverified,low,1,FALSE,1,Google Maps,Google Maps,"RWVR+42W, Alexandria - Marsa Matrouh Rd, Al Alameen City, El Alamein, Marsa Matrouh Governorate 5063203, Egypt",FALSE,046 4100212,046 4100212,landline,TRUE,TRUE,scraped_unverified
NEW1640,Hospital's new integration Barment Hait,hospital's new integration barment hait,,en,FALSE,Luxor,Armant,25.6253483,32.54166180000001,native_google,Google Maps,0.05,hospital,,unknown,map_only_unverified,low,1,FALSE,1,Google Maps,Google Maps,"JGGR+4MM, El-Souk, Madinet Armant, Armant, قنا 1335031, Egypt",FALSE,,,,FALSE,TRUE,scraped_unverified
NEW1641,Grand Hospital,grand hospital,,en,FALSE,Luxor,El Nozha,30.101919599999995,31.3548654,native_google,Google Maps,0.05,hospital,,unknown,map_only_unverified,low,1,FALSE,1,Google Maps,Google Maps,"177 El-Orouba, Street, El Nozha, Cairo Governorate 4471011, Egypt",FALSE,02 22699988,02 22699988,landline,TRUE,TRUE,scraped_unverified
NEW1642,Armant Central Hospital,armant central hospital,,en,FALSE,Luxor,Armant,25.6096811,32.5048599,native_google,Google Maps,0.05,hospital,,unknown,map_only_unverified,low,1,FALSE,1,Google Maps,Google Maps,"JG63+RMH, Madinet Armant, Armant, Luxor Governorate 1334217, Egypt",FALSE,,,,FALSE,TRUE,scraped_unverified
NEW1643,Tod Central Hospital,tod central hospital,,en,FALSE,Luxor,Luxor,25.5878707,32.5052869,native_google,Google Maps,0.05,hospital,,unknown,map_only_unverified,low,1,FALSE,1,Google Maps,Google Maps,"HGQ4+44V, Esna Luxor, Al Odeisat, Luxor, Luxor Governorate 1350510, Egypt",FALSE,,,,FALSE,TRUE,scraped_unverified
NEW1644,El Odaisat Children Hospital,el odaisat children hospital,,en,FALSE,Luxor,Luxor,25.587927099999998,32.5054483,native_google,Google Maps,0.05,hospital,,unknown,map_only_unverified,low,1,FALSE,1,Google Maps,Google Maps,"العديسات بجوار مستشفى العديسات، Al Toud City, Luxor, Luxor Governorate 1350510, Egypt",FALSE,095 2430006,095 2430006,landline,TRUE,TRUE,scraped_unverified
NEW1645,الوحدة الصحية بالطود,الوحدة الصحية بالطود,,ar,FALSE,Luxor,Luxor,25.580091799999998,32.5341362,native_google,Google Maps,0.05,hospital,,unknown,map_only_unverified,low,1,FALSE,1,Google Maps,Google Maps,"HGJM+2MJ, Al Nadafen Shark-Nagh Al Hosaynat, Al Toud City, Luxor, Luxor Governorate 85842, Egypt",FALSE,,,,FALSE,TRUE,scraped_unverified
NEW1646,مستشفي ابو الحمد,مستشفي ابو الحمد,,ar,FALSE,Luxor,Luxor,25.5859436,32.5259596,native_google,Google Maps,0.05,hospital,,unknown,map_only_unverified,low,1,FALSE,1,Google Maps,Google Maps,"HGPG+99G، مدينةابو الحمد، Al Toud City, Luxor, Luxor Governorate 1352202, Egypt",FALSE,,,,FALSE,TRUE,scraped_unverified
NEW1647,مستشفى الحوض المرصود للامراض الجلدية والتناسلية,مستشفي الحوض المرصود للامراض الجلدية والتناسلية,,ar,FALSE,Luxor,Al-Darb Al-Ahmar,30.031842899999994,31.247476899999995,native_google,Google Maps,0.05,hospital,,unknown,map_only_unverified,low,1,FALSE,1,Google Maps,Google Maps,"18 Al Hood Al Marsood, El-Darb El-Ahmar, Al-Darb Al-Ahmar, Cairo Governorate 4290020, Egypt",FALSE,02 23910898,02 23910898,landline,TRUE,TRUE,scraped_unverified
NEW1648,د/ رمضان ع العزيز,د/ رمضان ع العزيز,,ar,FALSE,Luxor,Luxor,25.5885434,32.5048087,native_google,Google Maps,0.05,hospital,,unknown,map_only_unverified,low,1,FALSE,1,Google Maps,Google Maps,"HGQ3+CW7، بحريي بجوار، السنترال، Al Odeisat, Luxor, Luxor Governorate 1350510, Egypt",FALSE,,,,FALSE,TRUE,scraped_unverified
NEW1649,Degla Medical Center,degla medical center,,en,FALSE,Luxor,Maadi,29.9546108,31.2716636,native_google,Google Maps,0.05,medical_clinic,,unknown,map_only_unverified,low,1,FALSE,1,Google Maps,Google Maps,"4 ش 203، ميدان دجلة، Maadi as Sarayat Al Gharbeyah, Maadi, Cairo Governorate 4213011, Egypt",FALSE,02 25213156,02 25213156,landline,TRUE,TRUE,scraped_unverified
NEW1650,مستشفى السباعية العام تاسس 1922,مستشفي السباعية العام تاسس 1922,,ar,FALSE,Luxor,Edfu,25.1747998,32.6786008,native_google,Google Maps,0.05,hospital,,unknown,map_only_unverified,low,1,FALSE,1,Google Maps,Google Maps,"5MFH+WC9, As Sebaeyah Gharb, Edfu, Aswan Governorate 1292751, Egypt",FALSE,,,,FALSE,TRUE,scraped_unverified
NEW1651,معامل الاسراء - فرع قنا امام المستشفي العام,معامل الاسراء - فرع قنا امام المستشفي العام,,ar,FALSE,Luxor,Qena,26.1581333,32.7061785,native_google,Google Maps,0.05,medical_lab,,unknown,map_only_unverified,low,1,FALSE,1,Google Maps,Google Maps,"امام مستشفي قنا العام, شارع كوبري دندرة، Qism Qena, Qena, Qena Governorate 1461401, Egypt",FALSE,010 50528838,010 50528838,mobile,TRUE,TRUE,scraped_unverified
NEW1652,مستشفى حميات الاقصر,مستشفي حميات الاقصر,,ar,FALSE,Luxor,Armant,25.6539443,32.6926675,native_google,Google Maps,0.05,hospital,,unknown,map_only_unverified,low,1,FALSE,1,Google Maps,Google Maps,"MM3V+H3F, Al Ouxor, Madinet Armant, Armant, Qena Governorate 1357220, Egypt",FALSE,,,,FALSE,TRUE,scraped_unverified
NEW1653,حديقة مستشفي العام,حديقة مستشفي العام,,ar,FALSE,Luxor,Luxor,25.7080311,32.6461111,native_google,Google Maps,0.05,spa,,unknown,map_only_unverified,low,1,FALSE,1,Google Maps,Google Maps,"PJ4W+XHG, Mabad Al Karnak, Karnak, Luxor, Luxor Governorate 1362610, Egypt",FALSE,,,,FALSE,TRUE,scraped_unverified
NEW1654,معامل الخضيرى - فرع المستشفى العام,معامل الخضيري - فرع المستشفي العام,,ar,FALSE,Luxor,Qena,26.1603571,32.7074046,native_google,Google Maps,0.05,medical_lab,,unknown,map_only_unverified,low,1,FALSE,1,Google Maps,Google Maps,"5P64+4XR, Qism Qena, Qena, Qena Governorate 1461235, Egypt",FALSE,010 33011203,010 33011203,mobile,TRUE,TRUE,scraped_unverified
NEW1655,AlAffary Medical Polyclinic AlBawadi Branch,alaffary medical polyclinic albawadi branch,,en,FALSE,Luxor,البوادي,28.361017200000003,36.5232275,native_google,Google Maps,0.05,hospital,,unknown,map_only_unverified,low,1,FALSE,1,Google Maps,Google Maps,"البوادي، تبوك 47917, Saudi Arabia",FALSE,014 427 6007,014 427 6007,landline,TRUE,TRUE,scraped_unverified
NEW1656,مستشفى بدايات 2,مستشفي بدايات 2,,ar,FALSE,Luxor,New Cairo 1,29.9991314,31.4445538,native_google,Google Maps,0.05,hospital,,unknown,map_only_unverified,low,1,FALSE,1,Google Maps,Google Maps,"شارع ٢٣ ،حى ٣ / ٤ ، اول القاهرة الجديدة، محافظة القاهرة‬،، New Cairo 1, Cairo Governorate 4722611, Egypt",FALSE,,,,FALSE,TRUE,scraped_unverified
NEW1657,Alameda,alameda,,en,FALSE,Luxor,Maadi,29.9848765,31.230172099999994,native_google,Google Maps,0.05,hospital,,unknown,map_only_unverified,low,1,FALSE,1,Google Maps,Google Maps,"Nile Corniche, Athar an Nabi, Maadi, Cairo Governorate 4220501, Egypt",FALSE,010 21356665,010 21356665,mobile,TRUE,TRUE,scraped_unverified
NEW1658,مستشفي الياسمين العسكري,مستشفي الياسمين العسكري,,ar,FALSE,Luxor,الظهير الصحراوى لمحافظة ال,29.932015,31.613364999999998,native_google,Google Maps,0.05,hospital,,unknown,map_only_unverified,low,1,FALSE,1,Google Maps,Google Maps,"Unnamed Road, WJJ7+R85، الظهير الصحراوى لمحافظة ال، محافظة القاهرة‬ 4802202, Egypt",FALSE,,,,FALSE,TRUE,scraped_unverified
NEW1659,Port Fouad General Hospital(Alhayat hospital),port fouad general hospital(alhayat hospital),,en,FALSE,Luxor,Port Fouad City,31.2441501,32.319442699999996,native_google,Google Maps,0.05,hospital,,unknown,map_only_unverified,low,1,FALSE,1,Google Maps,Google Maps,"68V9+MQ8, Port Fouad City, Port Said Governorate 8584105, Egypt",FALSE,066 3400849,066 3400849,landline,TRUE,TRUE,scraped_unverified
NEW1660,International Medical Center,international medical center,,en,FALSE,Luxor,El Shorouk,30.193563899999997,31.6561161,native_google,Google Maps,0.05,heliport,,unknown,map_only_unverified,low,1,FALSE,1,Google Maps,Google Maps,"5MV4+CCH, Ismailia Desert Rd, El Shorouk, Cairo Governorate 4955101, Egypt",FALSE,02 24775902,02 24775902,landline,TRUE,TRUE,scraped_unverified
NEW1661,Qaliub Specialized Hospital,qaliub specialized hospital,,en,FALSE,Luxor,Qalyub,30.1804079,31.2220787,native_google,Google Maps,0.05,hospital,,unknown,map_only_unverified,low,1,FALSE,1,Google Maps,Google Maps,"56JC+5R8, Madinet Qelyoub, Qalyub, Al-Qalyubia Governorate 6320867, Egypt",FALSE,02 42156999,02 42156999,landline,TRUE,TRUE,scraped_unverified
NEW1662,مستشفى الكبد والجهاز الهضمي بههيا,مستشفي الكبد والجهاز الهضمي بههيا,,ar,FALSE,Luxor,Hihya,30.665090699999997,31.5883498,native_google,Google Maps,0.05,hospital,,unknown,map_only_unverified,low,1,FALSE,1,Google Maps,Google Maps,"MH8Q+28Q بجوار التأمين الصحي، Al Masaken, Hehya, Hihya, Al-Sharqia Governorate 7214420, Egypt",FALSE,,,,FALSE,TRUE,scraped_unverified
NEW1663,Road El Farag General Hospital,road el farag general hospital,,en,FALSE,Luxor,Rod El Farag,30.071601500000003,31.2347969,native_google,Google Maps,0.05,hospital,,unknown,map_only_unverified,low,1,FALSE,1,Google Maps,Google Maps,"36GP+VPQ, Ebn AR Rashid, Rod El Farag, Cairo Governorate 4341046, Egypt",FALSE,02 24581118,02 24581118,landline,TRUE,TRUE,scraped_unverified
NEW1664,Badya University,badya university,,en,FALSE,Luxor,October Gardens,29.849379799999998,30.920701299999998,native_google,Google Maps,0.05,educational_institution,,unknown,map_only_unverified,low,1,FALSE,1,Google Maps,Google Maps,"South of Al Wahat Road, in, October Gardens, Giza Governorate 3251001, Egypt",FALSE,02 21600453,02 21600453,landline,TRUE,TRUE,scraped_unverified
NEW1665,مستشفى الوادي التخصصي,مستشفي الوادي التخصصي,,ar,FALSE,Luxor,Al Qarna,25.731769099999998,32.6332167,native_google,Google Maps,0.05,hospital,,unknown,map_only_unverified,low,1,FALSE,1,Google Maps,Google Maps,"PJJM+P74، بجور المستشفى، Al Qarnah, Al Qarna, Luxor Governorate 1341855, Egypt",FALSE,,,,FALSE,TRUE,scraped_unverified
NEW1666,Elsheik Mousa,elsheik mousa,,en,FALSE,Luxor,Luxor,25.715818799999997,32.6522849,native_google,Google Maps,0.05,medical_center,,unknown,map_only_unverified,low,1,FALSE,1,Google Maps,Google Maps,"PM82+8WF, Karnak, Luxor, Luxor Governorate 1363021, Egypt",FALSE,,,,FALSE,TRUE,scraped_unverified
NEW1667,وحدة صحة الاسرة باللاقالته,وحدة صحة الاسرة باللاقالته,,ar,FALSE,Luxor,Al Qarna,25.6835304,32.6111019,native_google,Google Maps,0.05,medical_center,,unknown,map_only_unverified,low,1,FALSE,1,Google Maps,Google Maps,"MJM6+CC9, Al Aqaletah, Al Qarna, Luxor Governorate 1344172, Egypt",FALSE,,,,FALSE,TRUE,scraped_unverified
NEW1668,وحدة صحة الاسرة بالبعيرات,وحدة صحة الاسرة بالبعيرات,,ar,FALSE,Luxor,Al Qarna,25.695965299999997,32.6163834,native_google,Google Maps,0.05,hospital,,unknown,map_only_unverified,low,1,FALSE,1,Google Maps,Google Maps,"MJW8+9HJ, Al Aqaletah, Al Qarna, Luxor Governorate 1341660, Egypt",FALSE,,,,FALSE,TRUE,scraped_unverified
NEW1669,وحدة صحة الاسرة بحاجر اللاقالته,وحدة صحة الاسرة بحاجر اللاقالته,,ar,FALSE,Luxor,Al Qarna,25.6992254,32.5978349,native_google,Google Maps,0.05,hospital,,unknown,map_only_unverified,low,1,FALSE,1,Google Maps,Google Maps,"MHXX+M4W, Al Aqaletah, Al Qarna, Luxor Governorate 1341527, Egypt",FALSE,,,,FALSE,TRUE,scraped_unverified
NEW1670,Dr.tarek Medical center,dr.tarek medical center,,en,FALSE,Luxor,Al Qarna,25.7297467,32.6447001,native_google,Google Maps,0.05,hospital,,unknown,map_only_unverified,low,1,FALSE,1,Google Maps,Google Maps,"elbaerat، elqurna street، القرنة، الأقصر،، PJHV+VVW, Al Qarnah, Al Qarna, Luxor Governorate 1345330, Egypt",FALSE,010 02744177,010 02744177,mobile,TRUE,TRUE,scraped_unverified
NEW1671,مستوصف جمعية النور بالأقالتة،,مستوصف جمعية النور بالاقالتة،,,ar,FALSE,Luxor,Al Qarna,25.677634599999998,32.615716899999995,native_google,Google Maps,0.05,hospital,,unknown,map_only_unverified,low,1,FALSE,1,Google Maps,Google Maps,"قرية الاقالتة بجوار مدرسة ابن الجراح، Al Aqaletah, Al Qarna, Luxor Governorate 1344494, Egypt",FALSE,011 16162591,011 16162591,mobile,TRUE,TRUE,scraped_unverified
NEW1672,مركز تداوى لرعاية الحالات الحرجة,مركز تداوي لرعاية الحالات الحرجة,,ar,FALSE,Luxor,Luxor,25.7097132,32.6492966,native_google,Google Maps,0.05,medical_center,,unknown,map_only_unverified,low,1,FALSE,1,Google Maps,Google Maps,"بجوار مكتبة مصر العامة، طريق الكباش، Karnak, Luxor, Luxor Governorate 85954, Egypt",FALSE,010 32143214,010 32143214,mobile,TRUE,TRUE,scraped_unverified
NEW1673,اسمالك المرسي,اسمالك المرسي,,ar,FALSE,Luxor,Luxor,25.7099557,32.6454494,native_google,Google Maps,0.05,hospital,,unknown,map_only_unverified,low,1,FALSE,1,Google Maps,Google Maps,"بجوار مستشفى، Kornish Al Nile, Karnak, Luxor, Luxor Governorate 85951, Egypt",FALSE,015 00104484,015 00104484,mobile,TRUE,TRUE,scraped_unverified
NEW1674,مستشفى الرضوانيه,مستشفي الرضوانيه,,ar,FALSE,Luxor,Luxor,25.6872448,32.6395854,native_google,Google Maps,0.05,hospital,,unknown,map_only_unverified,low,1,FALSE,1,Google Maps,Google Maps,"MJPQ+VRW, Gazirat Al Awameyah, Luxor, Luxor Governorate 1362243, Egypt",FALSE,,,,FALSE,TRUE,scraped_unverified
NEW1675,Al-Radwaniya Intensive Care,al-radwaniya intensive care,,en,FALSE,Luxor,Luxor,25.7106693,32.6487003,native_google,Google Maps,0.05,medical_center,,unknown,map_only_unverified,low,1,FALSE,1,Google Maps,Google Maps,"PJ6X+7F8, El-Sayed Youssef, Karnak, Luxor, Luxor Governorate 1363001, Egypt",FALSE,,,,FALSE,TRUE,scraped_unverified
NEW1676,وحده اسعاف البعيرات,وحده اسعاف البعيرات,,ar,FALSE,Luxor,Al Qarna,25.702871,32.6315986,native_google,Google Maps,0.05,hospital,,unknown,map_only_unverified,low,1,FALSE,1,Google Maps,Google Maps,"PJ3J+4JX, Al Qarna Rd, Al Qarnah, Al Qarna, Luxor Governorate 1345177, Egypt",FALSE,010 63607035,010 63607035,mobile,TRUE,TRUE,scraped_unverified
NEW1677,الوحدة البيطرية القرنة,الوحدة البيطرية القرنة,,ar,FALSE,Luxor,Al Qarna,25.7162045,32.6236405,native_google,Google Maps,0.05,hospital,,unknown,map_only_unverified,low,1,FALSE,1,Google Maps,Google Maps,"PJ8F+FFJ, Al Qarnah, Al Qarna, Luxor Governorate 1341723, Egypt",FALSE,,,,FALSE,TRUE,scraped_unverified
NEW1678,وحدة طب أسرة البعيرات Elboairat Family health unit,وحدة طب اسرة البعيرات Elboairat Family health unit,,ar,FALSE,Luxor,Luxor,25.6959618,32.6165045,native_google,Google Maps,0.05,medical_center,,unknown,map_only_unverified,low,1,FALSE,1,Google Maps,Google Maps,"MJW8+9JJ, Al Bairat, Luxor, Luxor Governorate 1341660, Egypt",FALSE,,,,FALSE,TRUE,scraped_unverified
NEW1679,عيادات طيبة التخصصية,عيادات طيبة التخصصية,,ar,FALSE,Luxor,Luxor,25.6906783,32.6366727,native_google,Google Maps,0.05,medical_clinic,,unknown,map_only_unverified,low,1,FALSE,1,Google Maps,Google Maps,"MJRP+7MF, El-Horeya, Gazirat Al Awameyah, Luxor, Luxor Governorate 1362107, Egypt",FALSE,010 98695559,010 98695559,mobile,TRUE,TRUE,scraped_unverified
NEW1680,Healthy Pets Clinic ( HPC ),healthy pets clinic ( hpc ),,en,FALSE,Luxor,Al Qarna,25.706865099999998,32.6324026,native_google,Google Maps,0.05,veterinary_care,,unknown,map_only_unverified,low,1,FALSE,1,Google Maps,Google Maps,"PJ4J+PXR, Al Bairat, Al Qarna, Luxor Governorate 1345161, Egypt",FALSE,010 96605690,010 96605690,mobile,TRUE,TRUE,scraped_unverified
NEW1681,مركز دكتور أحمد عبد الرحيم للنساء والتوليد,مركز دكتور احمد عبد الرحيم للنساء والتوليد,,ar,FALSE,Luxor,Al Qarna,25.712820999999998,32.627460899999996,native_google,Google Maps,0.05,medical_center,,likely,map_only_unverified,low,1,FALSE,1,Google Maps,Google Maps,"PJ7G+4XG شرق المرور, Al Qarnah, Al Qarna, Luxor Governorate 1345150, Egypt",FALSE,,,,FALSE,TRUE,scraped_unverified
NEW1682,مستشفي الجامعي الاقصر,مستشفي الجامعي الاقصر,,ar,FALSE,Luxor,Tiba,25.7423656,32.7742395,native_google,Google Maps,0.05,hospital,,unknown,map_only_unverified,low,1,FALSE,1,Google Maps,Google Maps,"PQRF+WMX مستشفي جامعي، Tiba, Luxor Governorate 1376181, Egypt",FALSE,,,,FALSE,TRUE,scraped_unverified
NEW1683,Luxor University Hospitals,luxor university hospitals,,en,FALSE,Luxor,Tiba,25.742326,32.7744662,native_google,Google Maps,0.05,hospital,,unknown,map_only_unverified,low,1,FALSE,1,Google Maps,Google Maps,"PQQF+JF, Tiba, Luxor Governorate 1376181, Egypt",FALSE,,,,FALSE,TRUE,scraped_unverified
NEW1684,Zizinia Special,zizinia special,,en,FALSE,Luxor,Qesm AR Ramel,31.2417078,29.9664418,native_google,Google Maps,0.05,hospital,,unknown,map_only_unverified,low,1,FALSE,1,Google Maps,Google Maps,"San Stefano, Qesm AR Ramel، Alexandria Governorate 5451012, Egypt",FALSE,03 5826420,03 5826420,landline,TRUE,TRUE,scraped_unverified
NEW1685,مستشفى النذير التخصصى,مستشفي النذير التخصصي,,ar,FALSE,Luxor,El Zawya El Hamra,30.0953001,31.2686645,native_google,Google Maps,0.05,hospital,,unknown,map_only_unverified,low,1,FALSE,1,Google Maps,Google Maps,"بجوار مسجد النذير، شارع Mansheya El-Gamal, El-Zawya El-Hamraa, El Zawya El Hamra, Cairo Governorate 4371503, Egypt",FALSE,010 32861913,010 32861913,mobile,TRUE,TRUE,scraped_unverified
NEW1686,Imam Ali hospital charity,imam ali hospital charity,,en,FALSE,Luxor,El Omraniya,29.995200399999998,31.201751200000004,native_google,Google Maps,0.05,hospital,,unknown,map_only_unverified,low,1,FALSE,1,Google Maps,Google Maps,"X6W2+3PJ, Al Omraneyah Al Gharbeyah, El Omraniya, Giza Governorate 3543377, Egypt",FALSE,02 37778370,02 37778370,landline,TRUE,TRUE,scraped_unverified
NEW1687,Ganna October Hospital,ganna october hospital,,en,FALSE,Luxor,First 6th of October,29.975239499999997,30.942813800000003,native_google,Google Maps,0.05,hospital,,unknown,map_only_unverified,low,1,FALSE,1,Google Maps,Google Maps,"بريما فيستا، XWGV+34W مجمع بريما فيستا, Magda Square, First 6th of October, Giza Governorate 3232030, Egypt",FALSE,,,,FALSE,TRUE,scraped_unverified
NEW1688,EAMC,eamc,,en,FALSE,Luxor,First 6th of October,30.0346757,31.058420199999997,native_google,Google Maps,0.05,hospital,,unknown,map_only_unverified,low,1,FALSE,1,Google Maps,Google Maps,"23M5+V9F, First 6th of October, Giza Governorate 3293350, Egypt",FALSE,,,,FALSE,TRUE,scraped_unverified
NEW1689,مستشفى الجابري للنساء والولادة,مستشفي الجابري للنساء والولادة,,ar,FALSE,Luxor,El Omraniya,30.010462599999997,31.1917734,native_google,Google Maps,0.05,hospital,,likely,map_only_unverified,low,1,FALSE,1,Google Maps,Google Maps,"256R+6M9, King Faisal St, Abu Qatadah, El Omraniya, Giza Governorate 3546238, Egypt",FALSE,,,,FALSE,TRUE,scraped_unverified
NEW1690,مركز زينة الحياة للولادة,مركز زينة الحياة للولادة,,ar,FALSE,Luxor,Banha,30.467675200000002,31.190178,native_google,Google Maps,0.05,hospital,,likely,map_only_unverified,low,1,FALSE,1,Google Maps,Google Maps,"Unnamed Road، Qism Banha, Banha, Al-Qalyubia Governorate 6470073, Egypt",FALSE,013 3182059,013 3182059,landline,TRUE,TRUE,scraped_unverified
NEW1691,Dr.fatma elsherif,dr.fatma elsherif,,en,FALSE,Luxor,Sharm El Sheikh 1,27.885392999999997,34.2988419,native_google,Google Maps,0.05,doctor,,unknown,map_only_unverified,low,1,FALSE,1,Google Maps,Google Maps,"Hay el noor center el shorouq clinic 2001, Sharm El Sheikh 1, South Sinai Governorate 8761224, Egypt",FALSE,012 28619608,012 28619608,mobile,TRUE,TRUE,scraped_unverified
NEW1692,مركز النيل للولادة,مركز النيل للولادة,,ar,FALSE,Luxor,Al Khankah,30.158393699999998,31.3203643,native_google,Google Maps,0.05,doctor,,likely,map_only_unverified,low,1,FALSE,1,Google Maps,Google Maps,"1 Hasan Zaki, Al Khosous, Al Khankah, Al-Qalyubia Governorate 6232710, Egypt",FALSE,012 77273664,012 77273664,mobile,TRUE,TRUE,scraped_unverified
NEW1693,مستشفى الزراعيين,مستشفي الزراعيين,,ar,FALSE,Luxor,Dokki,30.041940099999998,31.2102119,native_google,Google Maps,0.05,hospital,,unknown,map_only_unverified,low,1,FALSE,1,Google Maps,Google Maps,"1 ش النهضة بجوار وزارة الزراعة، 26R6+W57, Wezaret Al Zeraa, Ad Doqi, Dokki, Giza Governorate 3751254, Egypt",FALSE,02 33377677,02 33377677,landline,TRUE,TRUE,scraped_unverified
NEW1694,مستشفى الوسام,مستشفي الوسام,,ar,FALSE,Luxor,El Omraniya,29.994867099999997,31.163681300000004,native_google,Google Maps,0.05,hospital,,unknown,map_only_unverified,low,1,FALSE,1,Google Maps,Google Maps,"130 Al Haram, Oula Al Haram, El Omraniya, Giza Governorate 3531120, Egypt",FALSE,012 22118308,012 22118308,mobile,TRUE,TRUE,scraped_unverified
NEW1695,El Husseineya Central Hospital,el husseineya central hospital,,en,FALSE,Luxor,El Husseiniya,30.863927999999998,31.912697499999997,native_google,Google Maps,0.05,hospital,,unknown,map_only_unverified,low,1,FALSE,1,Google Maps,Google Maps,"VW77+H3G، ش المستشفى، El-Hosayneya, El Husseiniya, Al-Sharqia Governorate 44654, Egypt",FALSE,055 2776420,055 2776420,landline,TRUE,TRUE,scraped_unverified
NEW1696,El Saleheya El Gadida Central Hospital,el saleheya el gadida central hospital,,en,FALSE,Luxor,El Husseiniya,30.6310302,31.9405712,native_google,Google Maps,0.05,hospital,,unknown,map_only_unverified,low,1,FALSE,1,Google Maps,Google Maps,"Khaled Ibn El-Waleed, As Saleheyah Al Gadidah, El Husseiniya, Al-Sharqia Governorate 44813, Egypt",FALSE,055 3201692,055 3201692,landline,TRUE,TRUE,scraped_unverified
NEW1697,القصر العيني الفرنساوي,القصر العيني الفرنساوي,,ar,FALSE,Luxor,El Sayeda Zeinab,30.0306665,31.231438599999997,native_google,Google Maps,0.05,hospital,,unknown,map_only_unverified,low,1,FALSE,1,Google Maps,Google Maps,"20 El-Rashidy, Al Inshaa WA Al Munirah, El Sayeda Zeinab, Cairo Governorate 4262002, Egypt",FALSE,012 71777715,012 71777715,mobile,TRUE,TRUE,scraped_unverified
NEW1698,Zagazig University Hospitals,zagazig university hospitals,,en,FALSE,Luxor,Zagazig,30.585006099999994,31.4873074,native_google,Google Maps,0.05,hospital,,unknown,map_only_unverified,low,1,FALSE,1,Google Maps,Google Maps,"Koliat Al TOB St, Shaibet an Nakareyah, Zagazig, Al-Sharqia Governorate 44519, Egypt",FALSE,055 2358544,055 2358544,landline,TRUE,TRUE,scraped_unverified
NEW1699,Aswan Specialized Hospital,aswan specialized hospital,,en,FALSE,Aswan,Aswan 2,24.1034257,32.9253676,native_google,Google Maps,0.05,hospital,,unknown,map_only_unverified,low,1,FALSE,1,Google Maps,Google Maps,"4W3G+94H, Aswan 2, Aswan Governorate 1248015, Egypt",FALSE,,,,FALSE,TRUE,scraped_unverified
NEW1700,AMC Aswan,amc aswan,,en,FALSE,Aswan,Aswan 1,24.0722623,32.8827814,native_google,Google Maps,0.05,medical_center,,unknown,map_only_unverified,low,1,FALSE,1,Google Maps,Google Maps,"فيلا ٣ شارع الفنادق, Sheyakhah Oula, Aswan 1, Aswan Governorate 1240806, Egypt",FALSE,011 04804135,011 04804135,mobile,TRUE,TRUE,scraped_unverified
NEW1701,Aswan Military Hospital,aswan military hospital,,en,FALSE,Aswan,Aswan,24.0749648,32.8884851,native_google,Google Maps,0.05,hospital,,unknown,map_only_unverified,low,1,FALSE,1,Google Maps,Google Maps,"3VFQ+X9Q, El-Sadat, Sheyakhah Oula, Aswan, Aswan Governorate 1240852, Egypt",FALSE,097 2316847,097 2316847,landline,TRUE,TRUE,scraped_unverified
NEW1702,Red Crescent Hospital - Aswan,red crescent hospital - aswan,,en,FALSE,Aswan,Aswan 1,24.086785199999998,32.8986347,native_google,Google Maps,0.05,hospital,,unknown,map_only_unverified,low,1,FALSE,1,Google Maps,Google Maps,"Sheyakhah Thalethah, Aswan 1, Aswan Governorate 1242704, Egypt",FALSE,012 03426415,012 03426415,mobile,TRUE,TRUE,scraped_unverified
NEW1703,El-Masala Specialized Hospital,el-masala specialized hospital,,en,FALSE,Aswan,Aswan 1,24.076129599999998,32.8931353,native_google,Google Maps,0.05,hospital,,unknown,map_only_unverified,low,1,FALSE,1,Google Maps,Google Maps,"3VGV+F72, Dr Abd Al Rady Hanafe', Sheyakhah Oula, Aswan 1, Aswan Governorate 1241771, Egypt",FALSE,097 2302523,097 2302523,landline,TRUE,TRUE,scraped_unverified
NEW1704,"Evangelical Mission Hospital, Al-Germaniyya. مستشفى الجرمانية","Evangelical Mission Hospital, Al-Germaniyya. مستشفي الجرمانية",,ar,FALSE,Aswan,Aswan,24.085543599999998,32.8926636,native_google,Google Maps,0.05,hospital,,unknown,map_only_unverified,low,1,FALSE,1,Google Maps,Google Maps,"Kornish Al Nile, Sheyakhah Oula, Aswan, Aswan Governorate 1242601, Egypt",FALSE,097 2450166,097 2450166,landline,TRUE,TRUE,scraped_unverified
NEW1705,"Aswan Heart Centre and research, Magdi Yacoub Foundation","aswan heart centre and research, magdi yacoub foundation",,en,FALSE,Aswan,Aswan 1,24.085813299999998,32.9081367,native_google,Google Maps,0.05,hospital,,unknown,map_only_unverified,low,1,FALSE,1,Google Maps,Google Maps,"Aswan 1, Aswan Governorate 1242770, Egypt",FALSE,097 2391100,097 2391100,landline,TRUE,TRUE,scraped_unverified
NEW1706,Specialized Hospital of Ophthalmology in Aswan,specialized hospital of ophthalmology in aswan,,en,FALSE,Aswan,Aswan,24.0925978,32.8969345,native_google,Google Maps,0.05,hospital,,unknown,map_only_unverified,low,1,FALSE,1,Google Maps,Google Maps,"Sheyakhah Thalethah, Aswan, Aswan Governorate 1242831, Egypt",FALSE,097 2454025,097 2454025,landline,TRUE,TRUE,scraped_unverified
NEW1707,مركز مجدى يعقوب للقلب باسوان,مركز مجدي يعقوب للقلب باسوان,,ar,FALSE,Aswan,Aswan 1,24.086292999999998,32.9082454,native_google,Google Maps,0.05,hospital,,unknown,map_only_unverified,low,1,FALSE,1,Google Maps,Google Maps,"Aswan 1, Aswan Governorate 1242770, Egypt",FALSE,,,,FALSE,TRUE,scraped_unverified
NEW1708,مستشفى الصداقة,مستشفي الصداقة,,ar,FALSE,Aswan,Aswan 1,24.102490799999998,32.925039000000005,native_google,Google Maps,0.05,hospital,,unknown,map_only_unverified,low,1,FALSE,1,Google Maps,Google Maps,"الصداقه الجديده، Aswan 1, Aswan Governorate 1247423, Egypt",FALSE,,,,FALSE,TRUE,scraped_unverified
NEW1709,مستشفى الصدر باسوان,مستشفي الصدر باسوان,,ar,FALSE,Aswan,Aswan 2,24.094173899999998,32.9089096,native_google,Google Maps,0.05,hospital,,unknown,map_only_unverified,low,1,FALSE,1,Google Maps,Google Maps,"3WV5+MH7, Alsemad, Aswan 2, Aswan Governorate 1245032, Egypt",FALSE,097 2252877,097 2252877,landline,TRUE,TRUE,scraped_unverified
NEW1710,Internal Medicine Hospital - Aswan University,internal medicine hospital - aswan university,,en,FALSE,Aswan,Aswan 1,24.0853233,32.908344899999996,native_google,Google Maps,0.05,hospital,,unknown,map_only_unverified,low,1,FALSE,1,Google Maps,Google Maps,"3WP5+48H, Aswan 1, Aswan Governorate 1242770, Egypt",FALSE,,,,FALSE,TRUE,scraped_unverified
NEW1711,Mubarak Hospital,mubarak hospital,,en,FALSE,Aswan,Aswan 1,24.0749003,32.88857910000001,native_google,Google Maps,0.05,hospital,,unknown,map_only_unverified,low,1,FALSE,1,Google Maps,Google Maps,"3VFQ+XC8, Sheyakhah Oula, Aswan 1, Aswan Governorate 1240852, Egypt",FALSE,011 25306455,011 25306455,mobile,TRUE,TRUE,scraped_unverified
NEW1712,مستشفي النيل التخصصي,مستشفي النيل التخصصي,,ar,FALSE,Aswan,Aswan,24.084959299999998,32.8946509,native_google,Google Maps,0.05,doctor,,unknown,map_only_unverified,low,1,FALSE,1,Google Maps,Google Maps,"3VMV+XVJ, Sheyakhah Thalethah, Aswan, Aswan Governorate 1242150, Egypt",FALSE,097 2493755,097 2493755,landline,TRUE,TRUE,scraped_unverified
NEW1713,Aswan Insurance Hospital,aswan insurance hospital,,en,FALSE,Aswan,Aswan,24.0626237,32.8844401,native_google,Google Maps,0.05,hospital,,unknown,map_only_unverified,low,1,FALSE,1,Google Maps,Google Maps,"3V7M+2QW, Sheyakhah Thaneyah, Aswan, Aswan Governorate 1241706, Egypt",FALSE,,,,FALSE,TRUE,scraped_unverified
NEW1714,Emergency Hospital - Aswan University,emergency hospital - aswan university,,en,FALSE,Aswan,اول,24.0859486,32.9075165,native_google,Google Maps,0.05,hospital,,unknown,map_only_unverified,low,1,FALSE,1,Google Maps,Google Maps,"3WP5+92C, Kasr Al Hager, اول, Aswan Governorate 1242770, Egypt",FALSE,,,,FALSE,TRUE,scraped_unverified
NEW1715,Aswan Medicine university,aswan medicine university,,en,FALSE,Aswan,Aswan 1,24.0866403,32.9072303,native_google,Google Maps,0.05,hospital,,unknown,map_only_unverified,low,1,FALSE,1,Google Maps,Google Maps,"3WP4+MV5, Aswan 1, Aswan Governorate 1242770, Egypt",FALSE,,,,FALSE,TRUE,scraped_unverified
NEW1716,Temple dispensary,temple dispensary,,en,FALSE,Aswan,Aswan,24.0746637,32.906968299999996,native_google,Google Maps,0.05,hospital,,unknown,map_only_unverified,low,1,FALSE,1,Google Maps,Google Maps,"Al Mohammedeya, Sheyakhah Thalethah, Aswan, Aswan Governorate 1242537, Egypt",FALSE,012 04933000,012 04933000,mobile,TRUE,TRUE,scraped_unverified
NEW1717,Aswan Hospital For mental Health,aswan hospital for mental health,,en,FALSE,Aswan,Aswan 1,23.9785398,32.9006681,native_google,Google Maps,0.05,hospital,,unknown,map_only_unverified,low,1,FALSE,1,Google Maps,Google Maps,"Manteqet as Sad Al Aali, Aswan 1, Aswan Governorate 1241042, Egypt",FALSE,,,,FALSE,TRUE,scraped_unverified
NEW1718,Aswan Oncology Hospital Institute,aswan oncology hospital institute,,en,FALSE,Aswan,Aswan 1,24.1067884,32.9006843,native_google,Google Maps,0.05,hospital,,unknown,map_only_unverified,low,1,FALSE,1,Google Maps,Google Maps,"4W42+P77, Abu AR Rish Qebli, Aswan 1, Aswan Governorate 1242808, Egypt",FALSE,,,,FALSE,TRUE,scraped_unverified
NEW1719,مستشفي حفصه العوضي,مستشفي حفصه العوضي,,ar,FALSE,Aswan,Aswan 2,24.0835631,32.909594999999996,native_google,Google Maps,0.05,hospital,,unknown,map_only_unverified,low,1,FALSE,1,Google Maps,Google Maps,"3WM5+CRH, Aswan 2, Aswan Governorate 1246001, Egypt",FALSE,011 29915753,011 29915753,mobile,TRUE,TRUE,scraped_unverified
NEW1720,مستشفى التامين الصحي باسوان,مستشفي التامين الصحي باسوان,,ar,FALSE,Aswan,Aswan 1,24.062553899999997,32.8844401,native_google,Google Maps,0.05,hospital,,unknown,map_only_unverified,low,1,FALSE,1,Google Maps,Google Maps,"شياخة ثانية، قسم أسوان،، 3V7M+2QG, Sheyakhah Thaneyah, Aswan 1, Aswan Governorate 1241706, Egypt",FALSE,,,,FALSE,TRUE,scraped_unverified
NEW1721,Elephantine island - hospital,elephantine island - hospital,,en,FALSE,Aswan,Aswan 1,24.0900941,32.8911428,native_google,Google Maps,0.05,hospital,,unknown,map_only_unverified,low,1,FALSE,1,Google Maps,Google Maps,"3VRR+2FJ, Sheyakhah Oula, Aswan 1, Aswan Governorate 1240890, Egypt",FALSE,011 47791955,011 47791955,mobile,TRUE,TRUE,scraped_unverified
NEW1722,Egyptian Ambulance Authority in Aswan,egyptian ambulance authority in aswan,,en,FALSE,Aswan,Aswan,24.0892599,32.9054384,native_google,Google Maps,0.05,hospital,,unknown,map_only_unverified,low,1,FALSE,1,Google Maps,Google Maps,"Sok Al Khamies, Sheyakhah Thalethah, Aswan, Aswan Governorate 1242765, Egypt",FALSE,,,,FALSE,TRUE,scraped_unverified
NEW1723,المستشفى التخصصي أسوان,المستشفي التخصصي اسوان,,ar,FALSE,Aswan,Aswan 1,24.0849346,32.8946955,native_google,Google Maps,0.05,hospital,,unknown,map_only_unverified,low,1,FALSE,1,Google Maps,Google Maps,"شارع كسر الحجر، Sheyakhah Thalethah, Aswan 1, Aswan Governorate 1242150, Egypt",FALSE,,,,FALSE,TRUE,scraped_unverified
NEW1724,عياده د/الحسين منصور (نساء وتوليد),عياده د/الحسين منصور (نساء وتوليد),,ar,FALSE,Aswan,اول اسوان,24.0851507,32.900398599999995,native_google,Google Maps,0.05,hospital,,likely,map_only_unverified,low,1,FALSE,1,Google Maps,Google Maps,"Unnamed Road, 3WP2+356، شياخة ثالثة، اول اسوان، محافظة أسوان 1242701, Egypt",FALSE,011 02766698,011 02766698,mobile,TRUE,TRUE,scraped_unverified
NEW1725,دكتور يوسف يعقوب _ استشاري امراض النساء والتوليد والعقم وجراحه المناظير,دكتور يوسف يعقوب _ استشاري امراض النساء والتوليد والعقم وجراحه المناظير,,ar,FALSE,Aswan,Aswan 1,24.0849089,32.894913599999995,native_google,Google Maps,0.05,medical_center,,likely,map_only_unverified,low,1,FALSE,1,Google Maps,Google Maps,"بجوار مستشفى النيل التخصصي، برج الاطباء, شارع كسر الحجر, Sheyakhah Thalethah, Aswan 1, Aswan Governorate 1242151, Egypt",FALSE,010 20388770,010 20388770,mobile,TRUE,TRUE,scraped_unverified
NEW1726,مركز رادار للفحوصات الطبية,مركز رادار للفحوصات الطبية,,ar,FALSE,Aswan,Aswan 1,24.085139299999998,32.8979256,native_google,Google Maps,0.05,medical_center,,unknown,map_only_unverified,low,1,FALSE,1,Google Maps,Google Maps,"Sheyakhah Thalethah, Aswan 1, Aswan Governorate 1242625, Egypt",FALSE,097 2490350,097 2490350,landline,TRUE,TRUE,scraped_unverified
NEW1727,مركز دكتور احمد قناوى نساء وتوليد,مركز دكتور احمد قناوي نساء وتوليد,,ar,FALSE,Aswan,اول اسوان,24.082238099999998,32.8976489,native_google,Google Maps,0.05,hospital,,likely,map_only_unverified,low,1,FALSE,1,Google Maps,Google Maps,"شارع المدينة الصناعية امتداد شرق البندر أمام مبنى ضرائب ثان, 3VJX+V3R، شياخة ثالثة، اول اسوان، محافظة أسوان 1242202, Egypt",FALSE,012 23783690,012 23783690,mobile,TRUE,TRUE,scraped_unverified
NEW1728,Aswan Central Hospital West د.مينا ميخائيل لوقا استشارى و رئيس قسم جراحة الاورام,Aswan Central Hospital West د.مينا ميخائيل لوقا استشاري و رئيس قسم جراحة الاورام,,ar,FALSE,Aswan,قسم,24.153547,32.871408699999996,native_google,Google Maps,0.05,hospital,,unknown,map_only_unverified,low,1,FALSE,1,Google Maps,Google Maps,"Street 6, قسم, Aswan Governorate 1231276, Egypt",FALSE,012 75300881,012 75300881,mobile,TRUE,TRUE,scraped_unverified
NEW1729,مستشفى د عبد الحميد حامد عبيد الله,مستشفي د عبد الحميد حامد عبيد الله,,ar,FALSE,Aswan,Aswan 1,24.0930279,32.9018897,native_google,Google Maps,0.05,medical_clinic,,unknown,map_only_unverified,low,1,FALSE,1,Google Maps,Google Maps,"شياخة ثالثة، قسم أسوان،، 3WV2+6Q6, Sheyakhah Thalethah, Aswan 1, Aswan Governorate 1242850, Egypt",FALSE,010 24400929,010 24400929,mobile,TRUE,TRUE,scraped_unverified
NEW1730,مركز الفرقان الطبى التخصصى,مركز الفرقان الطبي التخصصي,,ar,FALSE,Aswan,Aswan,24.0557721,32.882454599999996,native_google,Google Maps,0.05,hospital,,unknown,map_only_unverified,low,1,FALSE,1,Google Maps,Google Maps,"السادات، شياخة ثانية، قسم أسوان، أسوان،، Sheyakhah Thaneyah, Aswan, Aswan Governorate 81165, Egypt",FALSE,012 76840215,012 76840215,mobile,TRUE,TRUE,scraped_unverified
NEW1731,مركز ابن النيل للحقن المجهري,مركز ابن النيل للحقن المجهري,,ar,FALSE,Aswan,Aswan,24.0553779,32.8823587,native_google,Google Maps,0.05,doctor,,unknown,map_only_unverified,low,1,FALSE,1,Google Maps,Google Maps,"3V4J+4WH, El-Sadat, Sheyakhah Thaneyah, Aswan, Aswan Governorate 1241521, Egypt",FALSE,011 58118778,011 58118778,mobile,TRUE,TRUE,scraped_unverified
NEW1732,دكتورة اماني يوسف عبد الجيد,دكتورة اماني يوسف عبد الجيد,,ar,FALSE,Aswan,Aswan 1,24.0889705,32.8998371,native_google,Google Maps,0.05,hospital,,unknown,map_only_unverified,low,1,FALSE,1,Google Maps,Google Maps,"3VQX+HWP, Sheyakhah Thalethah, Aswan 1, Aswan Governorate 1242720, Egypt",FALSE,,,,FALSE,TRUE,scraped_unverified
NEW1733,مستشفي الارساليه الانجيليه,مستشفي الارساليه الانجيليه,,ar,FALSE,Aswan,Aswan 1,24.0852489,32.892072299999995,native_google,Google Maps,0.05,hospital,,unknown,map_only_unverified,low,1,FALSE,1,Google Maps,Google Maps,"3VPR+3RW, Dr Mohammed Yassin Alyan, Sheyakhah Oula, Aswan 1, Aswan Governorate 1242010, Egypt",FALSE,,,,FALSE,TRUE,scraped_unverified
NEW1734,مستشفى أسوان العام,مستشفي اسوان العام,,ar,FALSE,Aswan,Aswan,24.1034567,32.925629199999996,native_google,Google Maps,0.05,hospital_unspecified,,unknown,map_only_unverified,low,1,FALSE,1,Google Maps,Google Maps,"الصداقة الجديدة - أسوان، مستشفى أسوان العام، Aswan, Aswan Governorate 1248015, Egypt",FALSE,,,,FALSE,TRUE,scraped_unverified
NEW1735,مشرحة أسوان العام,مشرحة اسوان العام,,ar,FALSE,Aswan,Aswan 1,24.0876922,32.9081396,native_google,Google Maps,0.05,hospital,,unknown,map_only_unverified,low,1,FALSE,1,Google Maps,Google Maps,"3WQ5+37C, Al Marawani, Aswan 1, البحر الأحمر 1242770, Egypt",FALSE,,,,FALSE,TRUE,scraped_unverified
NEW1736,مركز إيجي سكان للأشعة و التحاليل,مركز ايجي سكان للاشعة و التحاليل,,ar,FALSE,Aswan,Aswan 1,24.084924899999997,32.894861,native_google,Google Maps,0.05,hospital,,unknown,map_only_unverified,low,1,FALSE,1,Google Maps,Google Maps,"الدكتور محمد ياسين عليان، شياخة ثالثة، قسم أسوان، أسوان،، 3VMV+XW9, Sheyakhah Thalethah, Aswan 1, Aswan Governorate 1242151, Egypt",FALSE,010 27360260,010 27360260,mobile,TRUE,TRUE,scraped_unverified
NEW1737,Aswan Aid Facility,aswan aid facility,,en,FALSE,Aswan,اسوان,24.0878421,32.908474399999996,native_google,Google Maps,0.05,point_of_interest,,unknown,map_only_unverified,low,1,FALSE,1,Google Maps,Google Maps,"3WQ5+49Q، .، السيل غرب، اسوان، Aswan Governorate 1242770, Egypt",FALSE,097 2314015,097 2314015,landline,TRUE,TRUE,scraped_unverified
NEW1738,clinic,clinic,,en,FALSE,Aswan,Aswan 1,24.0916359,32.8968714,native_google,Google Maps,0.05,hospital,,unknown,map_only_unverified,low,1,FALSE,1,Google Maps,Google Maps,"El-Shawarbi, street, Aswan 1, Aswan Governorate 1242814, Egypt",FALSE,012 70363567,012 70363567,mobile,TRUE,TRUE,scraped_unverified
NEW1739,مستشفى دراو المركزي,مستشفي دراو المركزي,,ar,FALSE,Aswan,Draw,24.4108126,32.9297118,native_google,Google Maps,0.05,hospital,,unknown,map_only_unverified,low,1,FALSE,1,Google Maps,Google Maps,"CW6H+8VG, El-Abaseya, Draw, Aswan Governorate 1265533, Egypt",FALSE,,,,FALSE,TRUE,scraped_unverified
NEW1740,Hospital Central Seven,hospital central seven,,en,FALSE,Aswan,Edfu,25.1747998,32.6786008,native_google,Google Maps,0.05,hospital,,unknown,map_only_unverified,low,1,FALSE,1,Google Maps,Google Maps,"5MFH+WC9, Al Boseilah Bahri, Edfu, Aswan Governorate 1292751, Egypt",FALSE,010 26272525,010 26272525,mobile,TRUE,TRUE,scraped_unverified
NEW1741,مبني العيادات الخارجية مستشفي جامعة اسوان,مبني العيادات الخارجية مستشفي جامعة اسوان,,ar,FALSE,Aswan,Aswan 1,24.087190399999997,32.9079765,native_google,Google Maps,0.05,hospital,,unknown,map_only_unverified,low,1,FALSE,1,Google Maps,Google Maps,"3WP5+V5H, Aswan 1, Aswan Governorate 1242770, Egypt",FALSE,,,,FALSE,TRUE,scraped_unverified
NEW1742,عيادات المدينة الطبية كوم امبو,عيادات المدينة الطبية كوم امبو,,ar,FALSE,Aswan,Markaz Kom Ombo,24.4813548,32.9496573,native_google,Google Maps,0.05,hospital,,unknown,map_only_unverified,low,1,FALSE,1,Google Maps,Google Maps,"FWJX+GVV خلف مركز الشرطة، Nemra 7 Bahri, Markaz Kom Ombo, Aswan Governorate 1284814, Egypt",FALSE,,,,FALSE,TRUE,scraped_unverified
NEW1743,مستشفى نفرتاري | Nefertari Hospital,مستشفي نفرتاري | Nefertari Hospital,,ar,FALSE,Aswan,Markaz Kom Ombo,24.4793122,32.95007,native_google,Google Maps,0.05,hospital,,unknown,map_only_unverified,low,1,FALSE,1,Google Maps,Google Maps,"حى السبعين، Nemra 7 Bahri, Markaz Kom Ombo, Aswan Governorate 1284813, Egypt",FALSE,012 22742222,012 22742222,mobile,TRUE,TRUE,scraped_unverified
NEW1744,عيادة دكتور محمد عبدالباسط الوالي لطب الأطفال وحديثي الولادة,عيادة دكتور محمد عبدالباسط الوالي لطب الاطفال وحديثي الولادة,,ar,FALSE,Aswan,Markaz Kom Ombo,24.4779943,32.9521598,native_google,Google Maps,0.05,medical_center,,likely,map_only_unverified,low,1,FALSE,1,Google Maps,Google Maps,"Unnamed Road, Nemra 7 Bahri, Markaz Kom Ombo, Aswan Governorate 1284736, Egypt",FALSE,010 20720782,010 20720782,mobile,TRUE,TRUE,scraped_unverified
NEW1745,مستشفى المملكه بادفو اسوان,مستشفي المملكه بادفو اسوان,,ar,FALSE,Aswan,Edfu,24.969234399999998,32.8741074,native_google,Google Maps,0.05,hospital,,unknown,map_only_unverified,low,1,FALSE,1,Google Maps,Google Maps,"Adfo, Edfu, Aswan Governorate 1293304, Egypt",FALSE,011 50047271,011 50047271,mobile,TRUE,TRUE,scraped_unverified
NEW1746,مستشفى الكاشف التخصصي,مستشفي الكاشف التخصصي,,ar,FALSE,Aswan,Edfu,24.9878401,32.8906742,native_google,Google Maps,0.05,hospital,,unknown,map_only_unverified,low,1,FALSE,1,Google Maps,Google Maps,"Unnamed Road, الرديسية بحري، مركز إدفو، أسوان،، AR Radiseyah Bahri, Edfu, Aswan Governorate 1296201, Egypt",FALSE,011 18698500,011 18698500,mobile,TRUE,TRUE,scraped_unverified
NEW1747,مستشفى الملكه ام النور,مستشفي الملكه ام النور,,ar,FALSE,Aswan,Edfu,24.9732098,32.8757139,native_google,Google Maps,0.05,hospital,,unknown,map_only_unverified,low,1,FALSE,1,Google Maps,Google Maps,"XVFG+77P, Mahmoud Ibrahim Al Mohager, Adfo, Edfu, Aswan Governorate 1293312, Egypt",FALSE,011 29985773,011 29985773,mobile,TRUE,TRUE,scraped_unverified
NEW1748,Unity Health Care Naga Arabs - Drau,unity health care naga arabs - drau,,en,FALSE,Aswan,Draw,24.4140427,32.9270473,native_google,Google Maps,0.05,hospital,,unknown,map_only_unverified,low,1,FALSE,1,Google Maps,Google Maps,"CW7G+JR7, Deraw, Draw, Aswan Governorate 1265443, Egypt",FALSE,,,,FALSE,TRUE,scraped_unverified
NEW1749,Medical Center and health care in Drau,medical center and health care in drau,,en,FALSE,Aswan,مركز كوم أمبو,24.406941,32.9227251,native_google,Google Maps,0.05,medical_center,,unknown,map_only_unverified,low,1,FALSE,1,Google Maps,Google Maps,"CW4F+Q3H, Al Tegara School, العباسية، مركز كوم أمبو، محافظة أسوان 1265228, Egypt",FALSE,,,,FALSE,TRUE,scraped_unverified
NEW1750,مستشفى دراو المركزي,مستشفي دراو المركزي,,ar,FALSE,Aswan,Draw,24.410928,32.9294155,native_google,Google Maps,0.05,hospital_unspecified,,unknown,map_only_unverified,low,1,FALSE,1,Google Maps,Google Maps,"مستشفى دراو المركزي، شارع المستشفى، El-Abaseya, Draw, Aswan Governorate 1265533, Egypt",FALSE,,,,FALSE,TRUE,scraped_unverified
NEW1751,NBE ATM - Daraw Central Hospital - مستشفى دراو المركزى,NBE ATM - Daraw Central Hospital - مستشفي دراو المركزي,,ar,FALSE,Aswan,Draw,24.410834599999998,32.9294145,native_google,Google Maps,0.05,atm,,unknown,map_only_unverified,low,1,FALSE,1,Google Maps,Google Maps,"طريق أسوان الزراعي الغربي، El-Abaseya, Draw, Aswan Governorate 1265533, Egypt",FALSE,,,,FALSE,TRUE,scraped_unverified
NEW1752,وحدة الطويسة الصحية,وحدة الطويسة الصحية,,ar,FALSE,Aswan,Draw,24.375737899999997,32.914758899999995,native_google,Google Maps,0.05,hospital,,unknown,map_only_unverified,low,1,FALSE,1,Google Maps,Google Maps,"9WG7+7WR, Deraw - Nagaa Al Hager, At Twaysah, Draw, Aswan Governorate 1265201, Egypt",FALSE,,,,FALSE,TRUE,scraped_unverified
NEW1753,عيادة د صالح عبد الله عظام,عيادة د صالح عبد الله عظام,,ar,FALSE,Aswan,Markaz Kom Ombo,24.4078193,32.9265785,native_google,Google Maps,0.05,hospital,,unknown,map_only_unverified,low,1,FALSE,1,Google Maps,Google Maps,"Bilal Ibn Rabbah, El-Abaseya, Markaz Kom Ombo, Aswan Governorate 1265281, Egypt",FALSE,011 47690260,011 47690260,mobile,TRUE,TRUE,scraped_unverified
NEW1754,fares hospital,fares hospital,,en,FALSE,Aswan,Markaz Kom Ombo,24.6100751,32.9045947,native_google,Google Maps,0.05,general_hospital,,unknown,map_only_unverified,low,1,FALSE,1,Google Maps,Google Maps,"JW63+2RQ, Markaz Kom Ombo, Aswan Governorate 1280362, Egypt",FALSE,011 25140657,011 25140657,mobile,TRUE,TRUE,scraped_unverified
NEW1755,مستشفى نصر النوبة المركزي,مستشفي نصر النوبة المركزي,,ar,FALSE,Aswan,Nasr,24.538481299999997,33.03489,native_google,Google Maps,0.05,hospital,,unknown,map_only_unverified,low,1,FALSE,1,Google Maps,Google Maps,"G2QM+9XR, Nasr, Aswan Governorate 1274640, Egypt",FALSE,,,,FALSE,TRUE,scraped_unverified
NEW1756,El Nokhba Hospital مستشفى النخبة,El Nokhba Hospital مستشفي النخبة,,ar,FALSE,Aswan,قسم كفر الشيخ,31.117064700000004,30.9284237,native_google,Google Maps,0.05,hospital,,unknown,map_only_unverified,low,1,FALSE,1,Google Maps,Google Maps,"4W8H+R9F قاعه الفندقيه, To Sidi Salem, Qism Kafr El-Shaikh, قسم كفر الشيخ، Kafr El-Sheikh Governorate 6873558, Egypt",FALSE,015 55661144,015 55661144,mobile,TRUE,TRUE,scraped_unverified
NEW1757,Al Rowad Eye Hospital مستشفى الرواد للعيون,Al Rowad Eye Hospital مستشفي الرواد للعيون,,ar,FALSE,Aswan,Nasr City,30.066791000000002,31.332941400000003,native_google,Google Maps,0.05,hospital,,unknown,map_only_unverified,low,1,FALSE,1,Google Maps,Google Maps,"388M+P58, Al Manteqah Al Oula, Nasr City, Cairo Governorate 4450226, Egypt",FALSE,02 24018502,02 24018502,landline,TRUE,TRUE,scraped_unverified
NEW1758,مركز بنون مصر,مركز بنون مصر,,ar,FALSE,Aswan,Nasr City,30.0481344,31.3685439,native_google,Google Maps,0.05,hospital,,unknown,map_only_unverified,low,1,FALSE,1,Google Maps,Google Maps,"5 Ahmed El-Zomor, Al Hay Al Asher, Nasr City, Cairo Governorate 4442601, Egypt",FALSE,010 02660453,010 02660453,mobile,TRUE,TRUE,scraped_unverified
NEW1759,"Noor Medical Center for Women and childbirth, infertility and IVF","noor medical center for women and childbirth, infertility and ivf",,en,FALSE,Aswan,Shubra El Kheima 2,30.1308574,31.278497599999998,native_google,Google Maps,0.05,hospital,,likely,map_only_unverified,low,1,FALSE,1,Google Maps,Google Maps,"Abrag Al Madina Al Mounawara, Bahtim, Shubra El Kheima 2, Al-Qalyubia Governorate 6222250, Egypt",FALSE,010 03013302,010 03013302,mobile,TRUE,TRUE,scraped_unverified
NEW1760,مستشفي مارمينا طاحونة البابا كيرلس,مستشفي مارمينا طاحونة البابا كيرلس,,ar,FALSE,Aswan,Old Cairo,29.9971909,31.2441338,native_google,Google Maps,0.05,hospital,,unknown,map_only_unverified,low,1,FALSE,1,Google Maps,Google Maps,"Gouda, Kom Ghorab, Old Cairo, Cairo Governorate 4242531, Egypt",FALSE,011 28081867,011 28081867,mobile,TRUE,TRUE,scraped_unverified
NEW1761,El Tayeseer Medical Centre 8th district,el tayeseer medical centre 8th district,,en,FALSE,Aswan,Nasr City,30.059075,31.357348999999996,native_google,Google Maps,0.05,hospital,,unknown,map_only_unverified,low,1,FALSE,1,Google Maps,Google Maps,"53 ش Hassan Ma'moon, Al Mintaqah as Sādisah, Nasr City, Cairo Governorate 4450447, Egypt",FALSE,02 23498651,02 23498651,landline,TRUE,TRUE,scraped_unverified
NEW1762,El Tayseer Medical Center,el tayseer medical center,,en,FALSE,Aswan,Qesm Than Madinet Nasr,30.050455399999997,31.3272871,native_google,Google Maps,0.05,hospital,,unknown,map_only_unverified,low,1,FALSE,1,Google Maps,Google Maps,"5 ش Dr Abd Allah El-Araby, Al Hay as Sabea, Qesm Than Madinet Nasr, Cairo Governorate 4434086, Egypt",FALSE,02 22625648,02 22625648,landline,TRUE,TRUE,scraped_unverified
NEW1763,Blessed Virgin Mary Charity Hospital in El Zaytoun,blessed virgin mary charity hospital in el zaytoun,,en,FALSE,Aswan,Zeitoun,30.104453999999993,31.315346999999996,native_google,Google Maps,0.05,hospital,,unknown,map_only_unverified,low,1,FALSE,1,Google Maps,Google Maps,"120 Toman Bai, El-Zaytoun Sharkeya, Zeitoun, Cairo Governorate 11231, Egypt",FALSE,02 22591999,02 22591999,landline,TRUE,TRUE,scraped_unverified
NEW1764,Legislation Association Hospital For Premature Infants & Newborns,legislation association hospital for premature infants & newborns,,en,FALSE,Aswan,Qesm Than Madinet Nasr,30.0478541,31.313743199999998,native_google,Google Maps,0.05,hospital,,unknown,map_only_unverified,low,1,FALSE,1,Google Maps,Google Maps,"ش Al Mokhaym Al Daem, Al Hay as Sades, Qesm Than Madinet Nasr, Cairo Governorate 4434031, Egypt",FALSE,02 22634655,02 22634655,landline,TRUE,TRUE,scraped_unverified
NEW1765,مركز دار النخبة للحقن المجهرى وأمراض النساء والذكورة,مركز دار النخبة للحقن المجهري وامراض النساء والذكورة,,ar,FALSE,Aswan,مدينة نصر,30.0590306,31.368305799999998,native_google,Google Maps,0.05,medical_center,,likely,map_only_unverified,low,1,FALSE,1,Google Maps,Google Maps,"مدينة نصر المنطقة الحادية عشر بلوك رقم 10 - مبني ميديكال سنتر الدور 5, النادي الأهلي، مدينة نصر، محافظة القاهرة‬ 11823, Egypt",FALSE,012 08157776,012 08157776,mobile,TRUE,TRUE,scraped_unverified
NEW1766,مركز البروفيسور محمد وائل رجب استشاري العقم و التفتيش الميكروسكوبي ( Micro - Tese ),مركز البروفيسور محمد وائل رجب استشاري العقم و التفتيش الميكروسكوبي ( Micro - Tese ),,ar,FALSE,Aswan,Nasr City,30.059289799999995,31.368236399999997,native_google,Google Maps,0.05,medical_center,,unknown,map_only_unverified,low,1,FALSE,1,Google Maps,Google Maps,"مدينه نصر اخر مصطفي النحاس، عند اشاره الوزير شمال الاشاره بجوار مدرسه الرايه المول الطبي، رقم 3، An Nadi Al Ahli, Nasr City, Cairo Governorate 11765, Egypt",FALSE,012 08157776,012 08157776,mobile,TRUE,TRUE,scraped_unverified
NEW1767,عيادات أمومتي,عيادات امومتي,,ar,FALSE,Aswan,El Sahel,30.0994011,31.2451044,native_google,Google Maps,0.05,medical_center,,unknown,map_only_unverified,low,1,FALSE,1,Google Maps,Google Maps,"2 ش الحرية (برج الحرية أغاخان) فوق بنك قطر الوطني وبنك التعمير والاسكان الدور الثاني - ميدان، الخلفاوي، Asad, El Sahel, Cairo Governorate 4350226, Egypt",FALSE,010 93489355,010 93489355,mobile,TRUE,TRUE,scraped_unverified
NEW1768,Al Nour Eye Hospital,al nour eye hospital,,en,FALSE,Aswan,Nasr City,30.0549583,31.351023199999997,native_google,Google Maps,0.05,hospital,,unknown,map_only_unverified,low,1,FALSE,1,Google Maps,Google Maps,"93 Mostafa El Nahhas St.، Al Manteqah Ath Thamenah, Nasr City, Cairo Governorate 4441596, Egypt",FALSE,02 26702904,02 26702904,landline,TRUE,TRUE,scraped_unverified
NEW1769,مستشفى النور,مستشفي النور,,ar,FALSE,Aswan,Hurghada 2,27.255311499999998,33.808968,native_google,Google Maps,0.05,hospital,,unknown,map_only_unverified,low,1,FALSE,1,Google Maps,Google Maps,"7R45+4HG، شارع باتا، Hurghada 2, Red Sea Governorate 1973531, Egypt",FALSE,010 04299021,010 04299021,mobile,TRUE,TRUE,scraped_unverified
NEW1770,مستشفى نويبع المركزي,مستشفي نويبع المركزي,,ar,FALSE,Aswan,Nuweiba,29.0342447,34.659339599999996,native_google,Google Maps,0.05,hospital,,unknown,map_only_unverified,low,1,FALSE,1,Google Maps,Google Maps,"2MM5+MPW, Nuweiba, South Sinai Governorate 8792001, Egypt",FALSE,,,,FALSE,TRUE,scraped_unverified
NEW1771,مستشفي النور,مستشفي النور,,ar,FALSE,Aswan,مركز منية النصر,31.1227415,31.652715699999998,native_google,Google Maps,0.05,hospital,,unknown,map_only_unverified,low,1,FALSE,1,Google Maps,Google Maps,"Unnamed Road, مدينة منية النصر، مركز منية النصر، محافظة الدقهلية 7836074, Egypt",FALSE,050 3583104,050 3583104,landline,TRUE,TRUE,scraped_unverified
NEW1772,Kalabsha Temple,kalabsha temple,,en,FALSE,Aswan,Aswan,23.9607754,32.867753,native_google,Google Maps,0.05,historical_landmark,,unknown,map_only_unverified,low,1,FALSE,1,Google Maps,Google Maps,"XV69+846, Aswan, Aswan Governorate 1230814, Egypt",FALSE,,,,FALSE,TRUE,scraped_unverified
NEW1773,الوحده الصحيه المالكى,الوحده الصحيه المالكي,,ar,FALSE,Aswan,Nasr,24.543792,33.0584359,native_google,Google Maps,0.05,hospital,,unknown,map_only_unverified,low,1,FALSE,1,Google Maps,Google Maps,"G3V5+G97, Nasr, البحر الأحمر 1275306, Egypt",FALSE,,,,FALSE,TRUE,scraped_unverified
NEW1774,مستشفى المصري التخصصي,مستشفي المصري التخصصي,,ar,FALSE,Aswan,El Mokattam,30.008923199999995,31.3404121,native_google,Google Maps,0.05,hospital,,unknown,map_only_unverified,low,1,FALSE,1,Google Maps,Google Maps,"القطعة ١١٥٥، Street 9, حي الأسمرات، El Mokattam, Cairo Governorate 11571, Egypt",FALSE,010 26090099,010 26090099,mobile,TRUE,TRUE,scraped_unverified
NEW1775,Armed Forces Medical Complex Kobry El Qobba,armed forces medical complex kobry el qobba,,en,FALSE,Aswan,Heliopolis,30.082573099999998,31.298330200000002,native_google,Google Maps,0.05,hospital,,unknown,map_only_unverified,low,1,FALSE,1,Google Maps,Google Maps,"37MX+28G، Kobry El Qobba St.، KOBRY EL KOBA، Heliopolis, Cairo Governorate 4460012, Egypt",FALSE,02 22638885,02 22638885,landline,TRUE,TRUE,scraped_unverified
NEW1776,Al-Agouza Hospital,al-agouza hospital,,en,FALSE,Aswan,Agouza,30.0543302,31.2154214,native_google,Google Maps,0.05,hospital,,unknown,map_only_unverified,low,1,FALSE,1,Google Maps,Google Maps,"176 El Nil St.، Al Agouzah, Agouza, Giza Governorate 3753580, Egypt",FALSE,02 33462005,02 33462005,landline,TRUE,TRUE,scraped_unverified
NEW1777,Carehub,carehub,,en,FALSE,Aswan,El Raml 1,31.2459717,29.974449900000003,native_google,Google Maps,0.05,hospital,,unknown,map_only_unverified,low,1,FALSE,1,Google Maps,Google Maps,"696 AlHorya, San Stefano, El Raml 1, Alexandria Governorate 5451106, Egypt",FALSE,315848,315848,landline,TRUE,TRUE,scraped_unverified
NEW1778,رعاية مركزة القاهره,رعاية مركزة القاهره,,ar,FALSE,Aswan,Qasr El Nil,30.0444196,31.2357116,native_google,Google Maps,0.05,hospital,,unknown,map_only_unverified,low,1,FALSE,1,Google Maps,Google Maps,"26VP+Q78, Qasr Ad Dobarah, Qasr El Nil, Cairo Governorate 4272077, Egypt",FALSE,,,,FALSE,TRUE,scraped_unverified
NEW1779,Abu ElReesh Japanese children's hospital,abu elreesh japanese children's hospital,,en,FALSE,Aswan,El Sayeda Zeinab,30.028623300000003,31.233338300000003,native_google,Google Maps,0.05,hospital,,unknown,map_only_unverified,low,1,FALSE,1,Google Maps,Google Maps,"Al Eini, El Sayeda Zeinab, Cairo Governorate 4260018, Egypt",FALSE,012 03334936,012 03334936,mobile,TRUE,TRUE,scraped_unverified
NEW1780,مستشفى الاطباء,مستشفي الاطباء,,ar,FALSE,Aswan,Boulaq Al Dakrour,30.044151300000003,31.177192400000003,native_google,Google Maps,0.05,hospital,,unknown,map_only_unverified,low,1,FALSE,1,Google Maps,Google Maps,"شارع السنترال بجوار سنتر ناهيا، من شارع، Boulaq Ad Dakrour, Boulaq Al Dakrour, Giza Governorate 12511, Egypt",FALSE,010 09995527,010 09995527,mobile,TRUE,TRUE,scraped_unverified
